id,title,model,text_you_read,verdict,reason,error
3006,Dr. Jekyll and Mr. Hyde,us.amazon.nova-pro-v1:0,,no_title_on_poster,there is no title text present on the image,
19205,Cthulhu,us.amazon.nova-pro-v1:0,CTHULHU,match,the title text on the poster matches the cataloged film title,
27726,Q,us.amazon.nova-pro-v1:0,Q,match,the title 'Q' is clearly visible on the poster,
40351,Sex Beyond the Grave,us.amazon.nova-pro-v1:0,淫屍戲血,mismatch,"the title on the poster is in chinese, not english",
55142,Cadaver,us.amazon.nova-pro-v1:0,เคอระไชวินใก,mismatch,the title text on the poster is not 'Cadaver',
73179,Haunted Gold,us.amazon.nova-pro-v1:0,Haunted Gold,match,the title text matches the catalog entry exactly,
88780,Devil Hunter Yohko 2,us.amazon.nova-pro-v1:0,,no_title_on_poster,There is no visible title text on the poster.,
100480,Kazuo Umezu's Horror Theater: Diet,us.amazon.nova-pro-v1:0,食,mismatch,the title on the poster does not match the cataloged title,
145996,Ghost Meets You,us.amazon.nova-pro-v1:0,鬼見你,match,the title text on the poster matches the catalog entry,
171367,The Jar,us.amazon.nova-pro-v1:0,the jar,match,the title text on the poster matches the catalog listing,
212930,The Ritual,us.amazon.nova-pro-v1:0,theRitual,match,the title text on the poster matches the catalog listing,
245492,Geethanjali,us.amazon.nova-pro-v1:0,geethanjali,match,the title text on the poster matches the catalog entry,
255537,Ashes of Doom,us.amazon.nova-pro-v1:0,ASHES OF DOOM,match,the title text on the poster matches the catalog listing,
266501,Nightmares,us.amazon.nova-pro-v1:0,,no_title_on_poster,There is no visible title text on the poster.,
282443,Hands of Purple Distances,us.amazon.nova-pro-v1:0,,no_title_on_poster,there is no visible title text on the image,
300584,Carranca,us.amazon.nova-pro-v1:0,,no_title_on_poster,there is no title text present on the poster,
317578,Haplos,us.amazon.nova-pro-v1:0,HAPLÓS,match,the title text on the poster matches the catalog entry,
322530,Fantastic Theater,us.amazon.nova-pro-v1:0,情意啊動合,mismatch,the title text on the poster does not match the cataloged title 'Fantastic Theater',
330163,Gorilla,us.amazon.nova-pro-v1:0,Gorilla,match,the title text on the poster matches the catalog listing,
337029,Frankenstein,us.amazon.nova-pro-v1:0,FRANKENSTEIN,match,the title text on the poster matches the cataloged film name,
348125,Rodentia,us.amazon.nova-pro-v1:0,,no_title_on_poster,There is no visible title text on the poster.,
361988,Bad Moon Rising,us.amazon.nova-pro-v1:0,,no_title_on_poster,there is no title text on the poster,
376094,Doomed Disaster,us.amazon.nova-pro-v1:0,Doomed Disaster,match,The title text on the poster matches the catalog entry.,
386396,Mondomanila: Institusyon ng Makata,us.amazon.nova-pro-v1:0,,no_title_on_poster,No legible title text is present on the poster.,
392569,Aadupuliyattam,us.amazon.nova-pro-v1:0,Aadupuliyattam,match,the title text on the poster matches the catalog listing,
399701,Vampirisme,us.amazon.nova-pro-v1:0,,no_title_on_poster,there is no title text present on the poster,
406591,Hunters' Sense of Touch,us.amazon.nova-pro-v1:0,触感ハンター,match,the title text on the poster matches the catalog listing,
419391,Grýla,us.amazon.nova-pro-v1:0,,no_title_on_poster,there is no title text present on the poster,
424650,Affection,us.amazon.nova-pro-v1:0,,no_title_on_poster,There is no visible title text on the poster.,
440255,The Road,us.amazon.nova-pro-v1:0,,no_title_on_poster,no title text present on the image,
447724,HighWay,us.amazon.nova-pro-v1:0,,no_title_on_poster,No title text is visible on the poster.,
450934,Mokdugi Video,us.amazon.nova-pro-v1:0,목두기 비디오,match,The title text on the poster matches the catalog listing.,
458716,Juego de niñas,us.amazon.nova-pro-v1:0,Juego de Niñas,match,the title text on the poster matches the cataloged film title,
465996,Flow,us.amazon.nova-pro-v1:0,,no_title_on_poster,There is no visible title text on the poster.,
470757,Waxhouse Rock,us.amazon.nova-pro-v1:0,,no_title_on_poster,There is no visible title text on the poster.,
479876,Emma,us.amazon.nova-pro-v1:0,EMMA,match,The title text on the poster matches the catalog listing.,
482435,The Queen of Spades,us.amazon.nova-pro-v1:0,,no_title_on_poster,there is no title text present on the poster,
484393,Paleni Carodejnic,us.amazon.nova-pro-v1:0,,no_title_on_poster,there is no visible title text on the poster,
485751,Agony,us.amazon.nova-pro-v1:0,AGONY,match,the title text on the poster matches the catalog entry,
491564,Deafman Glance,us.amazon.nova-pro-v1:0,,no_title_on_poster,no title text present on the poster,
502617,M is for Make Believe,us.amazon.nova-pro-v1:0,,no_title_on_poster,no title text present on the poster,
507961,Monstro,us.amazon.nova-pro-v1:0,,no_title_on_poster,there is no title text present on the poster,
514101,Ambassador of Hell,us.amazon.nova-pro-v1:0,سفير الجحيم,match,the arabic text on the poster matches the catalog title 'Ambassador of Hell',
516182,Broken Flesh Ecstasy,us.amazon.nova-pro-v1:0,,no_title_on_poster,no legible title text found on the image,
524086,The Pig Walks,us.amazon.nova-pro-v1:0,,no_title_on_poster,there is no title text present on the poster,
527780,Bag,us.amazon.nova-pro-v1:0,,no_title_on_poster,no title text present on the poster,
529438,Reflections,us.amazon.nova-pro-v1:0,,no_title_on_poster,no title text present on the poster,
533565,The Devil In Mary,us.amazon.nova-pro-v1:0,,no_title_on_poster,no title text present on the image,
542104,Kinavalli,us.amazon.nova-pro-v1:0,Kinavalli,no_title_on_poster,No legible title text found on the poster,
548027,The Three Crow Boys,us.amazon.nova-pro-v1:0,,no_title_on_poster,there is no title text visible on the poster,
553530,The Way,us.amazon.nova-pro-v1:0,,no_title_on_poster,there is no title text present on the poster,
557932,La ballade des amants maudits,us.amazon.nova-pro-v1:0,,no_title_on_poster,no title text present on the poster,
565851,Red Velvet Girls,us.amazon.nova-pro-v1:0,,no_title_on_poster,No title text is visible on the poster.,
568649,Wild Ride,us.amazon.nova-pro-v1:0,,no_title_on_poster,there is no title text present on the poster,
578443,VCR GHOST,us.amazon.nova-pro-v1:0,,no_title_on_poster,No visible title text on the poster.,
583016,A Creak in Time,us.amazon.nova-pro-v1:0,,no_title_on_poster,the image does not contain any text,
591309,Here After,us.amazon.nova-pro-v1:0,,no_title_on_poster,no title text present on the poster,
601683,Ardin and Barray: A Found Footage Story,us.amazon.nova-pro-v1:0,,no_title_on_poster,There is no visible title text on the image.,
606373,House Among the Trees,us.amazon.nova-pro-v1:0,,no_title_on_poster,There is no visible title text on the poster.,
609374,Dreams Do Come True: A Nightmare,us.amazon.nova-pro-v1:0,,no_title_on_poster,there is no title text present on the image,
617761,Runtime,us.amazon.nova-pro-v1:0,,no_title_on_poster,There is no visible title text on the movie poster.,
630979,Wat te doen bij een calamiteit?,us.amazon.nova-pro-v1:0,,no_title_on_poster,No title text is present on the poster.,
639283,Propagation,us.amazon.nova-pro-v1:0,,no_title_on_poster,There is no visible title text on the poster.,
643213,Ten: The Sacrifice,us.amazon.nova-pro-v1:0,,no_title_on_poster,no title text present on the poster,
644686,Sleepwalker,us.amazon.nova-pro-v1:0,,no_title_on_poster,there is no visible title text on the poster,
652794,Cursed Words,us.amazon.nova-pro-v1:0,,no_title_on_poster,there is no title text present on the poster,
657625,Hampton Court Palace,us.amazon.nova-pro-v1:0,,no_title_on_poster,There is no visible title text on the poster.,
662521,Experiment 18: Das Hexenhammer-Projekt,us.amazon.nova-pro-v1:0,,no_title_on_poster,There is no visible title text on the poster.,
666771,Him,us.amazon.nova-pro-v1:0,H.I.M.,mismatch,The title on the poster is stylized as 'H.I.M.' instead of 'Him'.,
670638,Mother's Gut,us.amazon.nova-pro-v1:0,,no_title_on_poster,No visible title text on the poster.,
676285,Smile Guide 1 - How To Effectively Apple,us.amazon.nova-pro-v1:0,,no_title_on_poster,No visible title text on the poster.,
679985,EMOJIHEAD,us.amazon.nova-pro-v1:0,,no_title_on_poster,No title text is visible on the poster.,
687766,Journey Through the Night,us.amazon.nova-pro-v1:0,,no_title_on_poster,There is no visible title text on the poster.,
690131,The Deli-Very,us.amazon.nova-pro-v1:0,,no_title_on_poster,There is no visible title text on the image.,
690799,Horrors from the ID!,us.amazon.nova-pro-v1:0,,no_title_on_poster,no title text present on the image,
694556,The Pit,us.amazon.nova-pro-v1:0,,no_title_on_poster,there is no title text present on the poster,
702649,Box,us.amazon.nova-pro-v1:0,,no_title_on_poster,there is no title text visible on the poster,
717972,Flick,us.amazon.nova-pro-v1:0,FLICK,match,The title 'FLICK' is clearly visible on the poster.,
720667,INFINITY minus Infinity,us.amazon.nova-pro-v1:0,,no_title_on_poster,No title text is present on the poster.,
726025,The Island of the Dead,us.amazon.nova-pro-v1:0,,no_title_on_poster,no title text present on the poster,
728295,The Death Vendor,us.amazon.nova-pro-v1:0,,no_title_on_poster,there is no title text present on the image,
730103,The Human Vapor,us.amazon.nova-pro-v1:0,人間蒸発,mismatch,the title text on the poster is different from the catalog entry,
734878,Obito Doce Obito,us.amazon.nova-pro-v1:0,,no_title_on_poster,There is no visible title text on the poster.,
738796,Hamster Hell 2,us.amazon.nova-pro-v1:0,,no_title_on_poster,there is no title text present on the poster,
743964,Teddy Has an Operation,us.amazon.nova-pro-v1:0,,no_title_on_poster,There is no visible title text on the image.,
747005,The August Club,us.amazon.nova-pro-v1:0,,no_title_on_poster,No title text is present on the poster.,
750923,Murder at Makeout Point,us.amazon.nova-pro-v1:0,,no_title_on_poster,No title text is visible on the poster.,
753328,Spout,us.amazon.nova-pro-v1:0,,no_title_on_poster,there is no title text present on the poster,
757173,Clownz R Us,us.amazon.nova-pro-v1:0,,no_title_on_poster,No legible title text is present on the poster.,
762655,Dr Turner's Mental Home,us.amazon.nova-pro-v1:0,,no_title_on_poster,there is no title text present on the image,
764309,I Am He Who Created Himself,us.amazon.nova-pro-v1:0,,no_title_on_poster,The image does not contain any legible text or title.,
766309,Páginas Da Loucura,us.amazon.nova-pro-v1:0,,no_title_on_poster,no title text present on the image,
770632,Alone,us.amazon.nova-pro-v1:0,,no_title_on_poster,No visible title text on the poster.,
774559,Rex the Runt: Dreams,us.amazon.nova-pro-v1:0,,no_title_on_poster,there is no title text present on the poster,
781004,A Halloween Carol,us.amazon.nova-pro-v1:0,,no_title_on_poster,there is no title text present on the poster,
787046,Suicide,us.amazon.nova-pro-v1:0,,,,"HTTPSConnectionPool(host='image.tmdb.org', port=443): Read timed out."
791907,Memories,us.amazon.nova-pro-v1:0,,no_title_on_poster,There is no visible title text on the poster.,
795952,Television,us.amazon.nova-pro-v1:0,,no_title_on_poster,there is no title text present on the poster,
796571,The Dig,us.amazon.nova-pro-v1:0,,no_title_on_poster,there is no title text on the image,
797932,Nosferatu Maiden,us.amazon.nova-pro-v1:0,,no_title_on_poster,there is no visible title text on the poster,
800474,The Garden,us.amazon.nova-pro-v1:0,,no_title_on_poster,There is no visible title text on the image.,
806892,Image of Perception,us.amazon.nova-pro-v1:0,,no_title_on_poster,there is no visible title text on the poster,
812657,Miles Fisher: This Must Be The Place,us.amazon.nova-pro-v1:0,,no_title_on_poster,there is no visible title text on the image,
816519,Handy Man,us.amazon.nova-pro-v1:0,,no_title_on_poster,no title text present on the poster,
821501,Shapeless,us.amazon.nova-pro-v1:0,Shapeless,match,The title text on the poster matches the catalog listing.,
826099,dream journal 1,us.amazon.nova-pro-v1:0,,no_title_on_poster,There is no visible title text on the poster.,
830358,Dindon Sauvage (La dinde noire),us.amazon.nova-pro-v1:0,,no_title_on_poster,there is no visible title text on the image,
836519,Horror News,us.amazon.nova-pro-v1:0,恐怖新聞,match,The title text on the poster matches the catalog listing 'Horror News'.,
842120,The Rotting Woman,us.amazon.nova-pro-v1:0,腐れ女,match,The title text on the poster matches the catalog listing 'The Rotting Woman'.,
848483,Flowing,us.amazon.nova-pro-v1:0,P L O V E,mismatch,the title text on the poster does not match the cataloged title 'Flowing',
850127,GH5,us.amazon.nova-pro-v1:0,GH5,match,The title text on the poster matches the catalog listing.,
853034,Mephisto's House of Ill Repute,us.amazon.nova-pro-v1:0,,no_title_on_poster,there is no title text on the poster,
855302,Erotic Ghost Enamoured,us.amazon.nova-pro-v1:0,鬼魅情缘,match,the title text on the poster matches the catalog listing,
858270,Occupier,us.amazon.nova-pro-v1:0,,no_title_on_poster,There is no visible title text on the poster.,
864237,Minh Tu Le Scissorhands,us.amazon.nova-pro-v1:0,,no_title_on_poster,the image does not contain a movie poster with visible title text,
874051,Mora,us.amazon.nova-pro-v1:0,,no_title_on_poster,There is no visible title text on the image.,
877832,Pei Mama,us.amazon.nova-pro-v1:0,BUCKJONUN,mismatch,the title on the poster does not match the cataloged film title 'Pei Mama',
881906,Portrait,us.amazon.nova-pro-v1:0,,no_title_on_poster,there is no title text present on the poster,
886218,Polydipsia,us.amazon.nova-pro-v1:0,,no_title_on_poster,There is no visible title text on the poster.,
893028,"Damn, We Went Back to The Convent",us.amazon.nova-pro-v1:0,,no_title_on_poster,there is no title text present on the image,
897874,Footsteps,us.amazon.nova-pro-v1:0,,no_title_on_poster,there is no visible title text on the poster,
904633,Our Enemy,us.amazon.nova-pro-v1:0,,no_title_on_poster,No legible title text is present on the poster.,
912163,The Terror of Terrace Street!,us.amazon.nova-pro-v1:0,,no_title_on_poster,There is no visible title text on the image.,
923635,Shin Hedorah,us.amazon.nova-pro-v1:0,シンホロラ,match,the title text on the poster matches the catalog entry,
931099,Monkey Tester,us.amazon.nova-pro-v1:0,,no_title_on_poster,there is no title text on the image,
933224,Cold,us.amazon.nova-pro-v1:0,,no_title_on_poster,No title text is present on the poster.,
937747,Closure,us.amazon.nova-pro-v1:0,,no_title_on_poster,There is no visible title text on the poster.,
940754,Crutchnap,us.amazon.nova-pro-v1:0,,no_title_on_poster,there is no title text on the image,
943003,Horror Diary,us.amazon.nova-pro-v1:0,,no_title_on_poster,no title text present on the poster,
948124,Work in Progress,us.amazon.nova-pro-v1:0,,no_title_on_poster,there is no title text present on the poster,
953160,Genshi-san,us.amazon.nova-pro-v1:0,元市さん,match,The title text on the poster matches the catalog listing.,
955672,Uomini con piedi con patate,us.amazon.nova-pro-v1:0,,no_title_on_poster,there is no title text present on the poster,
960678,Chainsaw Bunny: Deleted Scene,us.amazon.nova-pro-v1:0,,no_title_on_poster,there is no title text on the poster,
967588,The Shadow over Arkham,us.amazon.nova-pro-v1:0,,no_title_on_poster,No title text is visible on the poster.,
970324,The Tell-Tale Heart,us.amazon.nova-pro-v1:0,,no_title_on_poster,The image does not contain any visible title text.,
975078,The Noise,us.amazon.nova-pro-v1:0,,no_title_on_poster,There is no visible title text on the image.,
977647,Landscapes,us.amazon.nova-pro-v1:0,,no_title_on_poster,there is no visible title text on the poster,
979737,Stray Dog,us.amazon.nova-pro-v1:0,,no_title_on_poster,There is no visible title text on the poster.,
983565,Tokyo Videos of Horror 16,us.amazon.nova-pro-v1:0,恐怖動画16,match,the title on the poster matches the catalog entry,
989253,Sacrificial Lambs,us.amazon.nova-pro-v1:0,,no_title_on_poster,there is no title text present on the poster,
994138,Dark Nature,us.amazon.nova-pro-v1:0,PARK NATURE,mismatch,the title on the poster is not exactly 'Dark Nature',
997833,Her Last Photo,us.amazon.nova-pro-v1:0,,no_title_on_poster,No visible title text on the poster.,
1005014,Keiko Is,us.amazon.nova-pro-v1:0,,no_title_on_poster,There is no visible title text on the poster.,
1013699,The Shining Pyramid,us.amazon.nova-pro-v1:0,,no_title_on_poster,there is no title text on the poster,
1016385,Flowers,us.amazon.nova-pro-v1:0,,no_title_on_poster,there is no title text present on the poster,
1021742,I'm Here,us.amazon.nova-pro-v1:0,,no_title_on_poster,there is no title text present on the poster,
1023947,Tape20,us.amazon.nova-pro-v1:0,,no_title_on_poster,There is no visible title text on the poster.,
1028999,Do Not Watch Me,us.amazon.nova-pro-v1:0,,no_title_on_poster,there is no title text present on the poster,
1034590,Virupaksha,us.amazon.nova-pro-v1:0,virupaksha,match,the title on the poster matches the cataloged film name,
1041478,Hora do Cálculo (Calculation Time),us.amazon.nova-pro-v1:0,,no_title_on_poster,the image is too blurry to make out any text,
1047810,Tap Man,us.amazon.nova-pro-v1:0,,no_title_on_poster,there is no visible title text on the poster,
1049324,Bloody Films (Excerpts 1982-85),us.amazon.nova-pro-v1:0,,no_title_on_poster,no title text present on the poster,
1054022,Japan's Map of Grudges!! Investigation: The Curse of Sugisawa Village,us.amazon.nova-pro-v1:0,呪怨日本地図!!杉沢村の呪いを追え,match,the title text on the poster matches the catalog entry,
1059537,Kill Time,us.amazon.nova-pro-v1:0,KILL TIME,match,the title text on the poster matches the catalog listing,
1067138,Dancing Mistress,us.amazon.nova-pro-v1:0,踊るお嬢様,match,the title text matches the catalog listing,
1074246,Slow Burn,us.amazon.nova-pro-v1:0,,no_title_on_poster,there is no title text present on the poster,
1078307,Won't be a thing to become,us.amazon.nova-pro-v1:0,,no_title_on_poster,there is no title text on the poster,
1078664,Regeneration,us.amazon.nova-pro-v1:0,,no_title_on_poster,there is no title text on the poster,
1082779,Metzger,us.amazon.nova-pro-v1:0,,no_title_on_poster,No title text is present on the poster.,
1085694,The Bowling Alley Screen When You Get a Strike,us.amazon.nova-pro-v1:0,,no_title_on_poster,there is no title text on the poster,
1090518,Karungaapiyam,us.amazon.nova-pro-v1:0,Karungaapiyam,match,the title text on the poster matches the cataloged movie name,
1093850,Leather,us.amazon.nova-pro-v1:0,,no_title_on_poster,No title text is present on the poster.,
1097135,Sacrifice,us.amazon.nova-pro-v1:0,,no_title_on_poster,there is no title text present on the poster,
1101683,BiPolaris,us.amazon.nova-pro-v1:0,BiPOLARIS,match,the title text on the poster matches the catalog listing,
1103985,Insulted Woman Revenge Pachinker Another,us.amazon.nova-pro-v1:0,"パチンコ
女の仇討",mismatch,the title on the poster is different from the catalog listing,
1110645,Elves on the Shelves,us.amazon.nova-pro-v1:0,,no_title_on_poster,There is no visible title text on the poster.,
1114142,Queens Gold,us.amazon.nova-pro-v1:0,,no_title_on_poster,No title text is visible on the poster.,
1118367,Ida,us.amazon.nova-pro-v1:0,IDA,match,the title text on the poster matches the catalog entry,
1121405,Alone,us.amazon.nova-pro-v1:0,,no_title_on_poster,No visible title text on the poster,
1125585,Urban Spirit Legend: Reishi Gakuen,us.amazon.nova-pro-v1:0,都市伝説 零子學園,match,the title text on the poster matches the catalog entry,
1131806,Rèd,us.amazon.nova-pro-v1:0,,no_title_on_poster,there is no visible title text on the poster,
1139141,Sleepaway Camp 2: What Happened to Molly?,us.amazon.nova-pro-v1:0,,no_title_on_poster,No title text is visible on the poster.,
1143007,Blood on Each Step,us.amazon.nova-pro-v1:0,血を吸う笛,mismatch,the title text visible on the poster does not match the cataloged film title,
1146542,Het Oog,us.amazon.nova-pro-v1:0,,no_title_on_poster,no title text present on the image,
1149695,Dodenspel,us.amazon.nova-pro-v1:0,,no_title_on_poster,the image shows a close-up of a face with no visible title text,
1151740,Morte ao Rei,us.amazon.nova-pro-v1:0,,no_title_on_poster,There is no visible title text on the image.,
1157708,Creepy Hitori Kakurenbo - DVD Extras,us.amazon.nova-pro-v1:0,,no_title_on_poster,there is no title text present on the image,
1162936,Babushka,us.amazon.nova-pro-v1:0,BABUSHKA,match,the title text on the poster matches the catalog entry,
1166947,Haunted School,us.amazon.nova-pro-v1:0,鬼校,mismatch,the title text on the poster does not match the cataloged film title,
1171300,The Abandoned House,us.amazon.nova-pro-v1:0,,no_title_on_poster,there is no title text on this image,
1173168,"That Butler, Friendship",us.amazon.nova-pro-v1:0,,no_title_on_poster,no title text present on the poster,
1174247,Haunted Bridge,us.amazon.nova-pro-v1:0,鬼橋,match,the title text matches the catalog listing,
1179402,Don Khamod,us.amazon.nova-pro-v1:0,don khamod,match,the title text on the poster matches the catalog listing,
1180529,Blood Love: Nang Prai,us.amazon.nova-pro-v1:0,สูกระนางราก,no_title_on_poster,the title on the poster is not the same as the cataloged title,
1184925,Midnight Oxygen,us.amazon.nova-pro-v1:0,MIDNIGHT OXYGEN,match,the title on the poster matches the catalog listing,
1189888,FARN PORM,us.amazon.nova-pro-v1:0,,no_title_on_poster,There is no visible title text on the movie poster.,
1195581,An Occurrence in the Countryside,us.amazon.nova-pro-v1:0,,no_title_on_poster,there is no visible title text on the poster,
1199073,Angel's Snake,us.amazon.nova-pro-v1:0,魔男的蛇,mismatch,the title text on the poster does not match the cataloged film title 'Angel's Snake',
1201038,After Sunset,us.amazon.nova-pro-v1:0,,no_title_on_poster,There is no visible title text on the poster.,
1203676,Clone #13,us.amazon.nova-pro-v1:0,,no_title_on_poster,there is no title text present on the image,
1206990,Skinny Puppy: Too Dark Park Archival Footage,us.amazon.nova-pro-v1:0,,no_title_on_poster,there is no visible title text on the image,
1211305,Howl If You Love Me,us.amazon.nova-pro-v1:0,,no_title_on_poster,There is no visible title text on the poster.,
1218320,The Crimson Thread,us.amazon.nova-pro-v1:0,,no_title_on_poster,there is no title text present on the poster,
1221579,Smoke Gets in My Eyes,us.amazon.nova-pro-v1:0,,no_title_on_poster,there is no title text present on the poster,
1227615,The Tragedy of MacWonka,us.amazon.nova-pro-v1:0,,no_title_on_poster,no legible title text on the poster,
1230992,The House,us.amazon.nova-pro-v1:0,,no_title_on_poster,there is no title text on the poster,
1232818,Desintegration,us.amazon.nova-pro-v1:0,DESINT'GRATION,match,The title on the poster matches the catalog listing.,
1238437,Brides of Boogeymen,us.amazon.nova-pro-v1:0,,,,"HTTPSConnectionPool(host='image.tmdb.org', port=443): Read timed out."
1241689,Junji Inagawa Horror Video: Pandora's Box,us.amazon.nova-pro-v1:0,,no_title_on_poster,No visible title text on the poster.,
1244831,Nozokiana 4: Cursed Video Edition,us.amazon.nova-pro-v1:0,親きあな4,mismatch,the title on the poster is different from the catalog listing,
1249052,Kyoto Yokai Map 2: A 400-Year-Old Ice Woman Living on Kirara Slope,us.amazon.nova-pro-v1:0,京都多電マプ400年的没子,mismatch,the title text on the poster does not match the cataloged film title,
1255394,Ceremony of Innocence,us.amazon.nova-pro-v1:0,,no_title_on_poster,there is no title text visible on the poster,
1260835,777,us.amazon.nova-pro-v1:0,777,match,the title text on the poster matches the catalog entry,
1263175,Night,us.amazon.nova-pro-v1:0,,no_title_on_poster,there is no visible title text on the poster,
1267079,The Ghost,us.amazon.nova-pro-v1:0,,no_title_on_poster,there is no title text present on the image,
1271607,The Sclera,us.amazon.nova-pro-v1:0,"the title text you actually see on the poster, or empty if none",no_title_on_poster,No title text is present on the poster.,
1277003,Empath,us.amazon.nova-pro-v1:0,,no_title_on_poster,There is no visible title text on the poster.,
1280889,Hollow,us.amazon.nova-pro-v1:0,,no_title_on_poster,there is no visible title text on the poster,
1282649,Voodoo Massacre,us.amazon.nova-pro-v1:0,,no_title_on_poster,there is no title text present on the image,
1287099,Spook House Ride,us.amazon.nova-pro-v1:0,,no_title_on_poster,there is no title text present on the image,
1290310,Cute enough to eat,us.amazon.nova-pro-v1:0,,no_title_on_poster,no title text present on the image,
1293300,The Wedding Ring,us.amazon.nova-pro-v1:0,,no_title_on_poster,there is no title text present on the poster,
1296035,Shadow People,us.amazon.nova-pro-v1:0,shadow people,match,the title text on the poster matches the catalog listing,
1300785,Anarbala,us.amazon.nova-pro-v1:0,,no_title_on_poster,there is no title text present on the poster,
1302691,Adicolor Black,us.amazon.nova-pro-v1:0,,no_title_on_poster,There is no visible title text on the image.,
1306119,The Terrifying Man-eating Shark Woman,us.amazon.nova-pro-v1:0,人喰い鮫　女,match,the title text matches the catalog listing,
1308382,Ice Forest,us.amazon.nova-pro-v1:0,おうりりりん,mismatch,the title text on the poster does not match the catalog entry,
1311483,Para lo que me queda en el convento,us.amazon.nova-pro-v1:0,,no_title_on_poster,there is no title text on the poster,
1315058,Flying Corpse in the Orchid Boudoir,us.amazon.nova-pro-v1:0,,no_title_on_poster,there is no title text present on the poster,
1317033,Dead Fish,us.amazon.nova-pro-v1:0,DEAD FISH,match,the title text on the poster matches the catalog entry,
1318016,Pokerspace,us.amazon.nova-pro-v1:0,,no_title_on_poster,there is no legible title text on the image,
1320176,Leurre,us.amazon.nova-pro-v1:0,,no_title_on_poster,no title text present on the poster,
1321069,Vampire Scream,us.amazon.nova-pro-v1:0,吸血鬼尖叫,match,the title text on the poster matches the catalog entry,
1321870,FAM-ILLI,us.amazon.nova-pro-v1:0,,no_title_on_poster,there is no visible title text on the poster,
1326334,The Phantom Doublot,us.amazon.nova-pro-v1:0,,no_title_on_poster,There is no visible title text on the poster.,
1333104,Snake Bite,us.amazon.nova-pro-v1:0,SNAKE BITE,match,the title text on the poster matches the catalog listing,
1340233,Tent Burner,us.amazon.nova-pro-v1:0,TENTBURNER,match,the title text on the poster matches the catalog entry,
1351919,Grandma,us.amazon.nova-pro-v1:0,,no_title_on_poster,no title text present on the poster,
1356347,Pontianak,us.amazon.nova-pro-v1:0,,no_title_on_poster,there is no title text visible on the poster,
1361326,Miasmata,us.amazon.nova-pro-v1:0,,,,"HTTPSConnectionPool(host='image.tmdb.org', port=443): Read timed out."
1365594,"Whenever I Died I Died 1,000 Times",us.amazon.nova-pro-v1:0,,no_title_on_poster,there is no visible title text on the poster,
1368769,Honeymoon,us.amazon.nova-pro-v1:0,ହନିମୁନ,match,the title text on the poster matches the catalog entry,
1372678,Anna,us.amazon.nova-pro-v1:0,,no_title_on_poster,there is no title text on the poster,
1374642,The Milkman,us.amazon.nova-pro-v1:0,,no_title_on_poster,There is no visible title text on the poster.,
1377383,The Cartoonist,us.amazon.nova-pro-v1:0,,no_title_on_poster,there is no title text present on the poster,
1379708,The Tree That Refused To Fall,us.amazon.nova-pro-v1:0,,no_title_on_poster,there is no title text present on the poster,
1381901,Sisypot,us.amazon.nova-pro-v1:0,,no_title_on_poster,there is no title text present on the poster,
1383676,Springheel Jack,us.amazon.nova-pro-v1:0,,no_title_on_poster,there is no title text on the image,
1389323,Through Stale Air and Shifting Walls,us.amazon.nova-pro-v1:0,,no_title_on_poster,There is no visible title text on the image.,
1393570,Zombies of Oz: Yellow Brick Road,us.amazon.nova-pro-v1:0,,no_title_on_poster,No title text is visible on the poster.,
1395464,Suspicious Night,us.amazon.nova-pro-v1:0,,no_title_on_poster,there is no visible title text on the poster,
1398014,Prakambanam,us.amazon.nova-pro-v1:0,jaa mimo,mismatch,the title on the poster is different from the cataloged title,
1410067,Stella,us.amazon.nova-pro-v1:0,,no_title_on_poster,there is no title text present on this poster,
1414507,Chuva,us.amazon.nova-pro-v1:0,CHUVA,match,the title text on the poster matches the catalog entry,
1417605,DOGTOOTH,us.amazon.nova-pro-v1:0,,no_title_on_poster,No visible title text on the poster.,
1424738,Refraction,us.amazon.nova-pro-v1:0,,no_title_on_poster,there is no title text present on the poster,
1432204,BLOODNIGHT STAINS,us.amazon.nova-pro-v1:0,,no_title_on_poster,There is no visible title text on the poster.,
1434208,Taurus Test Footage,us.amazon.nova-pro-v1:0,,no_title_on_poster,there is no title text present on the image,
1436678,Dinosaur Farm,us.amazon.nova-pro-v1:0,,no_title_on_poster,No legible text found on the image to identify the movie title.,
1443311,No Country For Old Trudy,us.amazon.nova-pro-v1:0,,no_title_on_poster,There is no visible title text on the image.,
1452443,Kaiki Hyakumonogatari: Minna Shineba Iinda,us.amazon.nova-pro-v1:0,白馬百物言：みんな效れだいいんだ,match,the title text on the poster matches the catalog listing,
1457768,The Classroom Massacre,us.amazon.nova-pro-v1:0,,no_title_on_poster,There is no visible title text on the image.,
1460221,J’ai trouvé quelqu’un qui vit dans mes murs,us.amazon.nova-pro-v1:0,,no_title_on_poster,There is no visible title text on the poster.,
1464715,Anatta,us.amazon.nova-pro-v1:0,anatta,match,the title text on the poster matches the catalog listing,
1468983,The Cooking Show,us.amazon.nova-pro-v1:0,,no_title_on_poster,there is no title text present on the image,
1475943,Blue Hole,us.amazon.nova-pro-v1:0,,no_title_on_poster,The image does not contain any text that represents a film title.,
1483306,Room Service,us.amazon.nova-pro-v1:0,,no_title_on_poster,there is no title text on the poster,
1486442,Pisces,us.amazon.nova-pro-v1:0,,no_title_on_poster,there is no title text present on the poster,
1492155,Origami vulva TUTORIAL,us.amazon.nova-pro-v1:0,,no_title_on_poster,There is no visible title text on the image.,
1495444,A Cortina,us.amazon.nova-pro-v1:0,,no_title_on_poster,there is no visible title text on the poster,
1499297,Abissal,us.amazon.nova-pro-v1:0,,no_title_on_poster,No visible title text on the poster.,
1504654,Summer Vacation at the Small Town Ranch House and the Rural Legend !!,us.amazon.nova-pro-v1:0,,no_title_on_poster,There is no visible title text on the poster.,
1506848,Room 404,us.amazon.nova-pro-v1:0,,no_title_on_poster,There is no visible title text on the poster.,
1510606,PAYDIRT,us.amazon.nova-pro-v1:0,,no_title_on_poster,There is no visible title text on the poster.,
1515590,Madonna Non Grata,us.amazon.nova-pro-v1:0,MADONNA NON GRATA,match,the title text on the poster matches the catalog listing,
1519482,Bardensra,us.amazon.nova-pro-v1:0,BARDENSRA,match,the title on the poster matches the catalog entry,
1526650,Mudborn,us.amazon.nova-pro-v1:0,Mudborn,match,the title text on the poster matches the catalog listing,
1534873,L'Ouverture,us.amazon.nova-pro-v1:0,L'OUVERTURE,match,The title text on the poster matches the catalog listing.,
1539577,Unforseen Situation,us.amazon.nova-pro-v1:0,,no_title_on_poster,there is no title text present on the poster,
1543356,Templos,us.amazon.nova-pro-v1:0,,no_title_on_poster,there is no visible title text on the poster,
1545985,Wesele,us.amazon.nova-pro-v1:0,,no_title_on_poster,There is no visible title text on the poster.,
1548140,Fake Documentary “Q”: Last Countdown,us.amazon.nova-pro-v1:0,Q,mismatch,"the title on the poster is just the letter Q, not the full title",
1550772,The Treat,us.amazon.nova-pro-v1:0,,no_title_on_poster,there is no title text present on this poster,
1553496,Riptide,us.amazon.nova-pro-v1:0,,no_title_on_poster,there is no visible title text on the poster,
1558386,ALONENESS,us.amazon.nova-pro-v1:0,,no_title_on_poster,there is no title text present on the artwork,
1563145,Freak Shack,us.amazon.nova-pro-v1:0,,no_title_on_poster,No title text is visible on the poster.,
1568165,What Satan sowed,us.amazon.nova-pro-v1:0,,no_title_on_poster,there is no title text on the image,
1571063,Subjugation,us.amazon.nova-pro-v1:0,,no_title_on_poster,there is no title text present on this poster,
1574119,Terrifying Ghost,us.amazon.nova-pro-v1:0,恐怖的鬼,match,the title text matches the catalog entry,
1577795,The Grim Reaper,us.amazon.nova-pro-v1:0,,no_title_on_poster,there is no title text visible on the poster,
1581907,Thursday night,us.amazon.nova-pro-v1:0,شب پنجشنبه,match,the title text on the poster matches the catalog listing,
1586304,The Stranger,us.amazon.nova-pro-v1:0,,no_title_on_poster,there is no visible title text on the poster,
1593094,A Light That Never Goes Out,us.amazon.nova-pro-v1:0,,no_title_on_poster,there is no title text on the image,
1596328,Ruídos Do Cerne,us.amazon.nova-pro-v1:0,,no_title_on_poster,There is no visible title text on the poster.,
1600449,Sara,us.amazon.nova-pro-v1:0,,no_title_on_poster,there is no title text present on the poster,
1604118,Predestined,us.amazon.nova-pro-v1:0,,no_title_on_poster,there is no title text present on the poster,
1606966,Unity for Nostalgia,us.amazon.nova-pro-v1:0,,no_title_on_poster,there is no visible title text on the poster,
1610761,Don't,us.amazon.nova-pro-v1:0,,no_title_on_poster,No title text is present on the poster.,
1615800,Transformation,us.amazon.nova-pro-v1:0,TRANSFORMATION,match,The title text on the poster matches the catalog listing.,
1620810,IF I FLINCH I DIE,us.amazon.nova-pro-v1:0,IF I FLINCH I DIE,match,the title text on the poster matches the catalog listing,
1624511,The time I caught a ghost,us.amazon.nova-pro-v1:0,,no_title_on_poster,no title text present on the poster,
1630858,GHOSTFACE VS JEFF THE KILLER,us.amazon.nova-pro-v1:0,,no_title_on_poster,there is no visible title text on the poster,
1633413,Visions of the Shadow Kingdom II,us.amazon.nova-pro-v1:0,,no_title_on_poster,No visible title text on the poster.,
1638902,Im Still Here,us.amazon.nova-pro-v1:0,,no_title_on_poster,there is no visible title text on the poster,
1642649,The Fulgid Ordeal,us.amazon.nova-pro-v1:0,,no_title_on_poster,there is no visible title text on the poster,
1647795,Little Shop of Grotesque,us.amazon.nova-pro-v1:0,,no_title_on_poster,there is no title text present on the poster,
1651069,SOMA: Transmissions,us.amazon.nova-pro-v1:0,,no_title_on_poster,there is no visible title text on the poster,
1655224,Meggamorphosis,us.amazon.nova-pro-v1:0,,no_title_on_poster,no legible title text found on the image,
1659112,Absentia,us.amazon.nova-pro-v1:0,,no_title_on_poster,there is no title text present on the poster,
1662415,SEPTICEMIA,us.amazon.nova-pro-v1:0,SEPTICEMIA,match,the title text on the poster matches the catalog entry,
1666010,The Glorious Dead,us.amazon.nova-pro-v1:0,,no_title_on_poster,No visible title text on the poster,
1671319,Psycho 60/98,us.amazon.nova-pro-v1:0,,no_title_on_poster,The image does not contain any text that represents a film title.,
1678298,The Waiter,us.amazon.nova-pro-v1:0,the waiter,match,the title on the poster matches the catalog listing,
1684132,.,us.amazon.nova-pro-v1:0,,no_title_on_poster,there is no title text on the image,
1689484,La Pesadilla,us.amazon.nova-pro-v1:0,,no_title_on_poster,no title text present on the image,
1692531,I Wish,us.amazon.nova-pro-v1:0,,no_title_on_poster,there is no visible title text on the poster,
1699043,Hungry Ghost,us.amazon.nova-pro-v1:0,,no_title_on_poster,There is no visible title text on the poster.,
1701304,Hear no See no Speak no,us.amazon.nova-pro-v1:0,,no_title_on_poster,"the image shows a carpet texture, not a movie poster",
1705345,Woman Under Wound,us.amazon.nova-pro-v1:0,,no_title_on_poster,there is no title text present on the poster,
1708324,"Bethesda, MD Short-Circuited",us.amazon.nova-pro-v1:0,,no_title_on_poster,there is no visible title text on the image,
1713161,Màcula,us.amazon.nova-pro-v1:0,Mácula,match,The title text on the poster matches the catalog listing.,
1716508,Dracula! - The Final Scenes,us.amazon.nova-pro-v1:0,,no_title_on_poster,there is no visible title text on the image,
1721011,Código Rosetta,us.amazon.nova-pro-v1:0,,no_title_on_poster,there is no title text present on the image,
1722502,Dishti Bomma,us.amazon.nova-pro-v1:0,Dishti Bomma,match,The title text on the poster matches the catalog listing.,
1725794,Fantastic Planet,us.amazon.nova-pro-v1:0,,no_title_on_poster,the image does not contain any legible title text,
1732268,Minnesota Not Built,us.amazon.nova-pro-v1:0,,no_title_on_poster,there is no title text present on the poster,
1736769,Futility,us.amazon.nova-pro-v1:0,,no_title_on_poster,There is no visible title text on the poster.,
1740656,Invader Grandma,us.amazon.nova-pro-v1:0,,no_title_on_poster,there is no title text present on the poster,
9095,Mary Reilly,us.amazon.nova-pro-v1:0,Mary Reilly,match,the title text on the poster matches the catalog listing,
20015,KM 31: Kilometer 31,us.amazon.nova-pro-v1:0,KM31,match,the title text on the poster matches the catalog listing,
28454,Cthulhu Mansion,us.amazon.nova-pro-v1:0,CTHULHU MANSION,match,the title text on the poster matches the catalog listing,
40368,Nightmare,us.amazon.nova-pro-v1:0,NIGHTMARE,match,the title text on the poster matches the cataloged film name,
56328,2002,us.amazon.nova-pro-v1:0,2002,match,the title text on the poster matches the catalog entry,
77483,Dunderland,us.amazon.nova-pro-v1:0,Dunderland,match,The title text on the poster matches the catalog listing.,
88784,Devil Hunter Yohko 4-Ever,us.amazon.nova-pro-v1:0,,no_title_on_poster,there is no title text present on the poster,
106569,The Demon,us.amazon.nova-pro-v1:0,鬼,mismatch,the title on the poster is not 'The Demon',
151022,Gerorisuto,us.amazon.nova-pro-v1:0,雷りスト,match,the katakana text on the poster matches the catalog title 'Gerorisuto',
174838,Atman,us.amazon.nova-pro-v1:0,,no_title_on_poster,There is no visible title text on the poster.,
227992,Necronomica,us.amazon.nova-pro-v1:0,Necronomica,match,The title text on the poster matches the catalog listing.,
246548,The Rafters,us.amazon.nova-pro-v1:0,,no_title_on_poster,There is no visible title text on the poster.,
256030,Muck,us.amazon.nova-pro-v1:0,MUCK,match,the title text on the poster matches the cataloged film name,
266539,Kamen Rider Amazon: The Movie,us.amazon.nova-pro-v1:0,仮面ライダーアマゾン,mismatch,the title on the poster is different from the catalog entry,
283419,Island of Hell,us.amazon.nova-pro-v1:0,地獄の島,mismatch,the title text on the poster does not match the catalog listing,
301992,Prison Pit: Book One,us.amazon.nova-pro-v1:0,PRISON PIT,mismatch,the title on the poster does not match the cataloged title,
317712,The Legend of Sayo,us.amazon.nova-pro-v1:0,さよならの・イー,mismatch,the title on the poster does not match the catalog entry,
324021,The Tale of Himeji Castle,us.amazon.nova-pro-v1:0,姫路城の物語,match,the title text on the poster matches the catalog entry,
330291,T Is for Thread,us.amazon.nova-pro-v1:0,,no_title_on_poster,no title text present on the poster,
337085,Estranged,us.amazon.nova-pro-v1:0,E2TRANGED,mismatch,the number 2 is used instead of the letter S,
352675,Pakalpooram,us.amazon.nova-pro-v1:0,pakalpooram,match,the title text on the poster matches the catalog listing,
363164,The Mummy,us.amazon.nova-pro-v1:0,,no_title_on_poster,there is no title text present on the poster,
377409,Killer!,us.amazon.nova-pro-v1:0,Killer,match,the title text on the poster matches the cataloged film title,
387063,NDA,us.amazon.nova-pro-v1:0,,no_title_on_poster,There is no visible title text on the poster.,
392595,Shadow Man,us.amazon.nova-pro-v1:0,,no_title_on_poster,there is no title text present on the image,
400342,Judgement Tavern,us.amazon.nova-pro-v1:0,,no_title_on_poster,There is no visible title text on the poster.,
409330,Is It You?,us.amazon.nova-pro-v1:0,,no_title_on_poster,there is no title text present on the poster,
420674,BoF,us.amazon.nova-pro-v1:0,,no_title_on_poster,there is no title text on the poster,
426063,Nosferatu,us.amazon.nova-pro-v1:0,nosferatu,match,the title text on the poster matches the cataloged film title,
440444,Piercing,us.amazon.nova-pro-v1:0,PIERCING,match,the title text on the poster matches the cataloged film title,
447726,Ripper,us.amazon.nova-pro-v1:0,,no_title_on_poster,there is no title text present on the poster,
451331,Dive into Doom,us.amazon.nova-pro-v1:0,,no_title_on_poster,There is no visible title text on the poster.,
458971,Phantasmagoria of the Interior,us.amazon.nova-pro-v1:0,,no_title_on_poster,there is no title text present on the poster,
466088,The Traveler's Longing to Pray,us.amazon.nova-pro-v1:0,,no_title_on_poster,no title text present on the image,
473729,The Other Gods: A Tale of the Dream Cycle,us.amazon.nova-pro-v1:0,,no_title_on_poster,there is no title text on the poster,
480002,The Cornfield,us.amazon.nova-pro-v1:0,,no_title_on_poster,There is no visible title text on the poster.,
482531,Spirit of the Ancient Grave,us.amazon.nova-pro-v1:0,,no_title_on_poster,there is no title text present on the poster,
484394,Door Light,us.amazon.nova-pro-v1:0,,no_title_on_poster,there is no visible title text on the poster,
485789,Bhaagamathie,us.amazon.nova-pro-v1:0,భాగమ్మతీ,match,the title text on the poster matches the cataloged film title,
493198,The Maggot Feeder,us.amazon.nova-pro-v1:0,,no_title_on_poster,There is no visible title text on the poster.,
502755,Bimbo Bambino,us.amazon.nova-pro-v1:0,,no_title_on_poster,There is no visible title text on the poster.,
508385,Wayfarers,us.amazon.nova-pro-v1:0,,no_title_on_poster,There is no visible title text on the poster.,
514233,Mister Sticks,us.amazon.nova-pro-v1:0,,no_title_on_poster,There is no visible title text on the poster.,
516327,MAID OF THE DEAD,us.amazon.nova-pro-v1:0,,no_title_on_poster,there is no title text on the poster,
524138,Culinária Dumbo,us.amazon.nova-pro-v1:0,,no_title_on_poster,there is no title text present on the image,
528146,Aathma Bandhana,us.amazon.nova-pro-v1:0,Aathma Bandhana,match,the title text on the poster matches the catalog listing,
529717,A Kiss In The Darkness,us.amazon.nova-pro-v1:0,,no_title_on_poster,No visible title text on the poster.,
534161,Dan xiao bie kan,us.amazon.nova-pro-v1:0,單身男女,mismatch,the title on the poster is different from the cataloged title,
542274,Abhisaarike,us.amazon.nova-pro-v1:0,Abhisaarike,match,The title text on the poster matches the catalog listing.,
548784,Hell Girl,us.amazon.nova-pro-v1:0,天皆女子,mismatch,the title text on the poster does not match the cataloged film title 'Hell Girl',
553880,Alone,us.amazon.nova-pro-v1:0,,no_title_on_poster,no title text present on the image,
558510,FarmKill,us.amazon.nova-pro-v1:0,,no_title_on_poster,No visible title text on the poster.,
566025,Ghoul Log,us.amazon.nova-pro-v1:0,,no_title_on_poster,There is no visible title text on the poster.,
569329,Coffins of Light,us.amazon.nova-pro-v1:0,,no_title_on_poster,No title text is visible on the poster.,
578469,Nightshade,us.amazon.nova-pro-v1:0,,no_title_on_poster,There is no visible title text on the image.,
584466,My Love,us.amazon.nova-pro-v1:0,"the title text you actually see on the poster, or empty if none",no_title_on_poster,The text on the poster is not the title of the film.,
592912,A Live Broadcast,us.amazon.nova-pro-v1:0,,no_title_on_poster,There is no visible title text on the poster.,
603431,Spooky Kitaro,us.amazon.nova-pro-v1:0,,no_title_on_poster,no title text present on the poster,
606519,M Is for Migraine,us.amazon.nova-pro-v1:0,,no_title_on_poster,there is no title text on the poster,
611636,Stucco,us.amazon.nova-pro-v1:0,stucco,match,the title text on the poster matches the cataloged film title,
617935,Stephanie,us.amazon.nova-pro-v1:0,,no_title_on_poster,There is no visible title text on the poster.,
632259,RETCH,us.amazon.nova-pro-v1:0,RETCH,match,the title text on the poster matches the cataloged film name,
639495,Chloroformed,us.amazon.nova-pro-v1:0,CHLOROFORMED,match,the title text on the poster matches the catalog listing,
643375,Chiller Theatre Fiend Club Show: Volume 1,us.amazon.nova-pro-v1:0,,no_title_on_poster,no title text present on the poster,
647156,An Absurd Thing,us.amazon.nova-pro-v1:0,,no_title_on_poster,there is no visible title text on the poster,
652823,Madball,us.amazon.nova-pro-v1:0,,no_title_on_poster,No legible title text is present on the poster.,
657877,Awake,us.amazon.nova-pro-v1:0,,no_title_on_poster,there is no title text present on the poster,
663016,Paranóia,us.amazon.nova-pro-v1:0,,no_title_on_poster,there is no title text present on the poster,
667098,Organ House,us.amazon.nova-pro-v1:0,,no_title_on_poster,There is no visible title text on the poster.,
671078,Safe Space,us.amazon.nova-pro-v1:0,,no_title_on_poster,there is no visible title text on the poster,
676291,Face Value,us.amazon.nova-pro-v1:0,,no_title_on_poster,no title text present on the image,
680094,Ninja Masters 4: The Possession,us.amazon.nova-pro-v1:0,,no_title_on_poster,there is no title text present on the poster,
687794,The Innocent,us.amazon.nova-pro-v1:0,,no_title_on_poster,There is no visible title text on the poster.,
690135,The Crows of Culver,us.amazon.nova-pro-v1:0,,no_title_on_poster,There is no visible title text on the image.,
691155,Papierkram,us.amazon.nova-pro-v1:0,,no_title_on_poster,No legible title text is present on the poster.,
694951,And All Through the House,us.amazon.nova-pro-v1:0,,no_title_on_poster,no title text present on the image,
705279,The Bather,us.amazon.nova-pro-v1:0,,no_title_on_poster,There is no visible title text on the poster.,
718859,Juken Zombie,us.amazon.nova-pro-v1:0,,no_title_on_poster,there is no title text present on the poster,
721139,Kulit,us.amazon.nova-pro-v1:0,,no_title_on_poster,No title text is visible on the poster.,
726031,The Gable Film,us.amazon.nova-pro-v1:0,,no_title_on_poster,no title text present on the image,
728308,Bowling Balls,us.amazon.nova-pro-v1:0,,no_title_on_poster,There is no visible title text on the image.,
730375,Shizuka na ayashii gogo ni,us.amazon.nova-pro-v1:0,静かな怪しい午後に,match,The title text on the poster matches the catalog listing.,
735012,Answering Machine,us.amazon.nova-pro-v1:0,,no_title_on_poster,no legible title text found on the image,
739591,Adormecidos,us.amazon.nova-pro-v1:0,,no_title_on_poster,There is no visible title text on the poster.,
744447,Soghoth,us.amazon.nova-pro-v1:0,,no_title_on_poster,there is no title text present on the poster,
747521,Red Light Green Light,us.amazon.nova-pro-v1:0,,no_title_on_poster,There is no visible title text on the poster.,
751365,Telos,us.amazon.nova-pro-v1:0,,no_title_on_poster,There is no visible title text on the poster.,
753337,Gremlins: A Christmas Nightmare,us.amazon.nova-pro-v1:0,,no_title_on_poster,"the image is a christmas ornament, not a movie poster",
757854,Necrophiliac,us.amazon.nova-pro-v1:0,,no_title_on_poster,there is no title text present on the image,
762660,Transcending Mirror Boundaries,us.amazon.nova-pro-v1:0,,no_title_on_poster,there is no visible title text on the poster,
764794,The Phone Call,us.amazon.nova-pro-v1:0,,no_title_on_poster,no title text present on the image,
767152,Stiff,us.amazon.nova-pro-v1:0,Stiff,match,The title 'Stiff' is clearly visible on the poster.,
770973,Krampus is Here,us.amazon.nova-pro-v1:0,,no_title_on_poster,no title text present on the image,
774629,Ansias,us.amazon.nova-pro-v1:0,,no_title_on_poster,no title text present on the image,
782214,Carnival of Sl*ts,us.amazon.nova-pro-v1:0,,no_title_on_poster,there is no title text on the poster,
787760,The Devil's Signature,us.amazon.nova-pro-v1:0,,no_title_on_poster,there is no title text present on the image,
791908,The Wheel,us.amazon.nova-pro-v1:0,,no_title_on_poster,No visible title text on the poster,
795962,Zonmi-chan: Meat Pie of the Dead,us.amazon.nova-pro-v1:0,ゾンミちゃん,mismatch,The title on the poster does not match the catalog listing.,
797006,Dark Night's Historical Drama,us.amazon.nova-pro-v1:0,,no_title_on_poster,there is no title text present on the poster,
797937,Children of the Shadows,us.amazon.nova-pro-v1:0,,no_title_on_poster,there is no title text present on the poster,
800984,BUSSY,us.amazon.nova-pro-v1:0,BUSSY,match,The title 'BUSSY' is clearly visible and matches the catalog listing.,
809570,Trypophobia,us.amazon.nova-pro-v1:0,,no_title_on_poster,No title text is visible on the poster.,
812694,Slasher,us.amazon.nova-pro-v1:0,,no_title_on_poster,there is no title text present on the poster,
817170,Lucky Feet 2000,us.amazon.nova-pro-v1:0,,no_title_on_poster,there is no visible title text on the poster,
822821,Naaye Paeye,us.amazon.nova-pro-v1:0,Breus Reuces,mismatch,the title on the poster is different from the cataloged film title,
826863,The Bird Game,us.amazon.nova-pro-v1:0,,no_title_on_poster,there is no title text present on the poster,
831012,The On-hold Music of Terror,us.amazon.nova-pro-v1:0,,no_title_on_poster,there is no visible title text on the poster,
836525,tricotMOVIE'13 8月号,us.amazon.nova-pro-v1:0,,no_title_on_poster,there is no legible title text on the image,
843290,The Freaking Family,us.amazon.nova-pro-v1:0,,no_title_on_poster,there is no title text present on the poster,
849046,La maison dans la neige,us.amazon.nova-pro-v1:0,,no_title_on_poster,there is no title text present on the poster,
850236,Chuzhal,us.amazon.nova-pro-v1:0,chuzhal,match,the title text on the poster matches the catalog listing,
853688,The White Faced Man,us.amazon.nova-pro-v1:0,,,,"HTTPSConnectionPool(host='image.tmdb.org', port=443): Read timed out."
855472,The Aftermath: A 2012 Story,us.amazon.nova-pro-v1:0,,no_title_on_poster,there is no title text present on the image,
859659,Julia’s Coffee,us.amazon.nova-pro-v1:0,,no_title_on_poster,there is no visible title text on the poster,
865949,Valentine's Die,us.amazon.nova-pro-v1:0,,no_title_on_poster,there is no title text on the image,
874995,Bleu - Everything Is Fine,us.amazon.nova-pro-v1:0,,no_title_on_poster,No title text is visible on the poster.,
878720,A Life Hereafter,us.amazon.nova-pro-v1:0,,no_title_on_poster,No title text is present on the poster.,
882186,Sleep,us.amazon.nova-pro-v1:0,,no_title_on_poster,There is no visible title text on the poster.,
886638,"i don't know how, but i don't think i'm alone",us.amazon.nova-pro-v1:0,,no_title_on_poster,there is no title text on this image,
893335,Andy,us.amazon.nova-pro-v1:0,,no_title_on_poster,no title text present on the poster,
898348,Lone Signal,us.amazon.nova-pro-v1:0,,no_title_on_poster,No legible title text is present on the poster.,
906200,Slasher House 3,us.amazon.nova-pro-v1:0,,no_title_on_poster,No title text is visible on the poster.,
912650,Vardøger,us.amazon.nova-pro-v1:0,MORTUS,mismatch,"the title on the poster is 'MORTUS', not 'Vardøger'",
926070,Mimicry,us.amazon.nova-pro-v1:0,,no_title_on_poster,there is no title text present on this poster,
931317,Zombie Park,us.amazon.nova-pro-v1:0,,no_title_on_poster,there is no title text on the poster,
933246,Minsk 2020,us.amazon.nova-pro-v1:0,,no_title_on_poster,there is no title text present on the poster,
938133,Bldg. N,us.amazon.nova-pro-v1:0,N°·°·°,mismatch,the title text on the poster is not the same as the cataloged title,
940972,OH! MY GOD,us.amazon.nova-pro-v1:0,,no_title_on_poster,No title text is visible on the poster.,
943034,Two Fools capture a Ghost,us.amazon.nova-pro-v1:0,,no_title_on_poster,there is no title text present on the poster,
949909,Kuntilanak 3,us.amazon.nova-pro-v1:0,Kuntilanak 3,match,the title text on the poster matches the catalog listing,
953714,The Specialist,us.amazon.nova-pro-v1:0,,no_title_on_poster,there is no title text present on the poster,
955715,Best Seller,us.amazon.nova-pro-v1:0,,no_title_on_poster,there is no title text present on the poster,
961652,Shokuzai,us.amazon.nova-pro-v1:0,,no_title_on_poster,There is no visible title text on the poster.,
967810,DAISUKE ICHIBA Anime,us.amazon.nova-pro-v1:0,,no_title_on_poster,There is no visible title text on the poster.,
972988,Violence Men,us.amazon.nova-pro-v1:0,,no_title_on_poster,There is no visible title text on the poster.,
976532,STARE,us.amazon.nova-pro-v1:0,,no_title_on_poster,there is no title text present on the poster,
977648,The Body Pit,us.amazon.nova-pro-v1:0,,no_title_on_poster,there is no title text present on the poster,
980677,Bloody Dreams,us.amazon.nova-pro-v1:0,,no_title_on_poster,there is no title text present on the poster,
983581,Tokyo Videos of Horror 17,us.amazon.nova-pro-v1:0,恐怖の東京ビデオ17,match,The title on the poster matches the catalog listing.,
991544,Mermaids,us.amazon.nova-pro-v1:0,,no_title_on_poster,there is no title text on the poster,
994633,El ataque del vampiro espacial,us.amazon.nova-pro-v1:0,,no_title_on_poster,there is no title text present on the poster,
999287,In the Expectation of Memory,us.amazon.nova-pro-v1:0,,no_title_on_poster,there is no visible title text on the image,
1005559,Heavy Metal vs. Dominator,us.amazon.nova-pro-v1:0,,no_title_on_poster,There is no visible title text on the poster.,
1013854,Alana,us.amazon.nova-pro-v1:0,ALANA,match,the title text on the poster matches the cataloged film name,
1017030,Unmasked,us.amazon.nova-pro-v1:0,,no_title_on_poster,there is no title text present on the poster,
1021798,The Youth Who Wanted to Shiver,us.amazon.nova-pro-v1:0,,no_title_on_poster,no title text present on the poster,
1024207,this is my world,us.amazon.nova-pro-v1:0,,no_title_on_poster,no legible title text found on the poster,
1029683,Houe of Dolls,us.amazon.nova-pro-v1:0,,no_title_on_poster,there is no title text on the poster,
1034771,Bloody Shadows,us.amazon.nova-pro-v1:0,,no_title_on_poster,no legible title text on the image,
1041554,Carneirinhos,us.amazon.nova-pro-v1:0,,no_title_on_poster,there is no visible title text on the image,
1048107,Night Crew,us.amazon.nova-pro-v1:0,,no_title_on_poster,no title text present on the poster,
1049608,Tokyo Videos of Horror 21,us.amazon.nova-pro-v1:0,恐怖の東京ビデオ21,match,The title on the poster matches the catalog listing.,
1054285,Shura Land,us.amazon.nova-pro-v1:0,修羅の国,match,The title on the poster matches the catalog listing.,
1060195,O muzi a zene,us.amazon.nova-pro-v1:0,,no_title_on_poster,there is no title text present on the poster,
1067509,Untitled 001,us.amazon.nova-pro-v1:0,,no_title_on_poster,There is no visible title text on the poster.,
1074249,Fungi,us.amazon.nova-pro-v1:0,,no_title_on_poster,there is no visible title text on the poster,
1078317,Gothic Hastings Experiment,us.amazon.nova-pro-v1:0,,no_title_on_poster,no legible title text found on the poster,
1079740,Modified Apocalypse,us.amazon.nova-pro-v1:0,,no_title_on_poster,No visible title text on the poster.,
1083022,I Saw My Death,us.amazon.nova-pro-v1:0,,no_title_on_poster,there is no title text present on the poster,
1086046,Rotten Dark Image,us.amazon.nova-pro-v1:0,腐った幽霊,match,the title text on the poster matches the catalog entry,
1091407,Blood Lust,us.amazon.nova-pro-v1:0,Blood Lust,match,The title text on the poster matches the catalog listing.,
1094113,Sally's Escape from Hell,us.amazon.nova-pro-v1:0,,no_title_on_poster,there is no title text present on the poster,
1097612,New Pen Fairy,us.amazon.nova-pro-v1:0,新本米之三姑,mismatch,the title text on the poster is different from the catalog listing,
1101703,新开心鬼,us.amazon.nova-pro-v1:0,新开心鬼,match,the title text on the poster matches the catalog entry,
1105435,Meat,us.amazon.nova-pro-v1:0,MEAT,match,the title text on the poster matches the catalog listing,
1110649,Elf on the Shelf,us.amazon.nova-pro-v1:0,,no_title_on_poster,there is no movie poster in the image,
1114750,Niemand,us.amazon.nova-pro-v1:0,NIEMAND,match,the title text on the poster matches the catalog entry,
1118857,Christinas World,us.amazon.nova-pro-v1:0,,no_title_on_poster,the image does not contain any text that can be read as a movie title,
1121432,Phoenix,us.amazon.nova-pro-v1:0,Phoenix,match,The title text on the poster matches the catalog listing.,
1125649,Folklore Strange Smell of The Strange Troupe,us.amazon.nova-pro-v1:0,,no_title_on_poster,There is no visible title text on the poster.,
1133248,Removers,us.amazon.nova-pro-v1:0,,no_title_on_poster,there is no title text on the poster,
1140480,Ultra Violent People,us.amazon.nova-pro-v1:0,電机思人,mismatch,the title text on the poster does not match the catalog listing,
1143697,Man dying in basement,us.amazon.nova-pro-v1:0,,no_title_on_poster,No legible title text is present on the poster.,
1146575,Paku Tanah Jawa,us.amazon.nova-pro-v1:0,PAKULTANAHJAWA,match,the title text on the poster matches the cataloged film title,
1149701,Young Faustus,us.amazon.nova-pro-v1:0,,no_title_on_poster,there is no title text present on the poster,
1151937,Wake Up,us.amazon.nova-pro-v1:0,,no_title_on_poster,There is no visible title text on the poster.,
1158484,Trees,us.amazon.nova-pro-v1:0,TREES,match,The title 'TREES' is clearly visible on the poster.,
1163427,JOHNNY ANTHOJOHNNY,us.amazon.nova-pro-v1:0,JOHNNY ANTHOJOHNNY,match,the title text on the poster matches the catalog exactly,
1167764,Sympathy,us.amazon.nova-pro-v1:0,,no_title_on_poster,there is no title text present on the poster,
1171889,The Wandering Soul,us.amazon.nova-pro-v1:0,,no_title_on_poster,there is no visible title text on the poster,
1173275,The Lost Goddess,us.amazon.nova-pro-v1:0,,no_title_on_poster,There is no visible title text on the poster.,
1174342,Burning Passion,us.amazon.nova-pro-v1:0,热情,match,the title text on the poster matches the catalog listing,
1179549,The God of Death,us.amazon.nova-pro-v1:0,เทพเจ้าแห่งความตาย,mismatch,"the title text is in thai, not english",
1180756,Krai Thong,us.amazon.nova-pro-v1:0,krai thong,match,the title text on the poster matches the catalog listing,
1185377,PCME,us.amazon.nova-pro-v1:0,,no_title_on_poster,there is no legible title text on the poster,
1190772,There's Someone In My House,us.amazon.nova-pro-v1:0,,no_title_on_poster,No visible title text on the poster.,
1196070,Hellmouth,us.amazon.nova-pro-v1:0,,no_title_on_poster,There is no visible title text on the poster.,
1199122,Scary True Stories: Night 2,us.amazon.nova-pro-v1:0,恐怖実話 呪い,mismatch,the title text on the poster does not match the cataloged film title,
1201188,Ojos,us.amazon.nova-pro-v1:0,,no_title_on_poster,there is no title text on the poster,
1204029,Schooleater,us.amazon.nova-pro-v1:0,,no_title_on_poster,There is no visible title text on the poster.,
1206993,Skinny Puppy: Last Rights Archival Footage,us.amazon.nova-pro-v1:0,,no_title_on_poster,there is no legible title text on the poster,
1211899,Ghost Runner,us.amazon.nova-pro-v1:0,,no_title_on_poster,There is no visible title text on the poster.,
1219673,Morbid Montage,us.amazon.nova-pro-v1:0,,no_title_on_poster,no title text present on the image,
1222617,The Monkey's Paw,us.amazon.nova-pro-v1:0,,no_title_on_poster,there is no title text on the poster,
1227630,Ancient Skeleton Joke,us.amazon.nova-pro-v1:0,,no_title_on_poster,there is no title text on the poster,
1231045,Otis The Giant,us.amazon.nova-pro-v1:0,OTIS,mismatch,"The title on the poster is 'OTIS', not 'Otis The Giant'.",
1233557,Offering,us.amazon.nova-pro-v1:0,,no_title_on_poster,There is no visible title text on the image.,
1238742,Photographic Valarie,us.amazon.nova-pro-v1:0,,no_title_on_poster,there is no title text on the poster,
1242176,Aviya,us.amazon.nova-pro-v1:0,,no_title_on_poster,There is no visible title text on the poster.,
1245162,Headcleaner,us.amazon.nova-pro-v1:0,,no_title_on_poster,there is no title text on the poster,
1249591,Terrifying Spirit Disturbance Video: Attack 1,us.amazon.nova-pro-v1:0,恐怖心霊動画 怨霊,match,the title text matches the catalog entry,
1255452,Dokugeki! Noroi no Shinrei Supotto: Gokuraku,us.amazon.nova-pro-v1:0,毒劇!呪いの心霊スポット極楽,match,the title text on the poster matches the catalog entry,
1261094,Infinite Skies,us.amazon.nova-pro-v1:0,,no_title_on_poster,there is no title text visible on the poster,
1263426,Heaven and Earth Are Righteous,us.amazon.nova-pro-v1:0,天地正义,match,the title text on the poster matches the catalog listing,
1267153,How to CREATE a FOLDER!!! (Comprehensive Tutorial),us.amazon.nova-pro-v1:0,,no_title_on_poster,There is no visible title text on the poster.,
1272300,Foreclosure 2,us.amazon.nova-pro-v1:0,FORECLOSURE 2,match,the title text on the poster matches the catalog listing,
1277901,NETIVIM,us.amazon.nova-pro-v1:0,,no_title_on_poster,there is no title text present on the poster,
1281250,Inferno Circus,us.amazon.nova-pro-v1:0,,no_title_on_poster,There is no visible title text on the poster.,
1284281,Absence of Mind,us.amazon.nova-pro-v1:0,,no_title_on_poster,there is no visible title text on the poster,
1287123,The Haunted Girl,us.amazon.nova-pro-v1:0,,no_title_on_poster,there is no title text present on the poster,
1290430,Yule Goat,us.amazon.nova-pro-v1:0,,no_title_on_poster,there is no title text present on the poster,
1293317,Creature,us.amazon.nova-pro-v1:0,CREATURE,match,The title text on the poster matches the catalog listing.,
1296590,The Second Mexican-American War,us.amazon.nova-pro-v1:0,,no_title_on_poster,there is no visible title text on the poster,
1300942,solaris bled,us.amazon.nova-pro-v1:0,,no_title_on_poster,there is no visible title text on the image,
1304559,Columnas de Sangre,us.amazon.nova-pro-v1:0,Columnas de Sangre,match,The title text on the poster matches the catalog listing.,
1306511,Livin' with Steve,us.amazon.nova-pro-v1:0,,no_title_on_poster,There is no visible title text on the image.,
1308384,OTHER SIDE,us.amazon.nova-pro-v1:0,,no_title_on_poster,There is no visible title text on the image.,
1312549,Spooky Kitaro,us.amazon.nova-pro-v1:0,,no_title_on_poster,no title text present on the poster,
1315445,Painted Skin,us.amazon.nova-pro-v1:0,画皮,match,the title text on the poster matches the cataloged film title,
1317072,O statečné Kačence aneb krčma hrůzy,us.amazon.nova-pro-v1:0,,no_title_on_poster,no title text present on the poster,
1318113,The House of Evil: Dangerous Temptation,us.amazon.nova-pro-v1:0,,no_title_on_poster,there is no title text present on the poster,
1320348,MOUTHFUL HOMERUN MILL,us.amazon.nova-pro-v1:0,,no_title_on_poster,There is no visible title text on the image.,
1321070,Cursed Hand from the Graveyard,us.amazon.nova-pro-v1:0,,no_title_on_poster,no title text visible on the poster,
1322696,2 Girls 1 Gut,us.amazon.nova-pro-v1:0,,no_title_on_poster,there is no title text on the poster,
1327426,CAT,us.amazon.nova-pro-v1:0,,no_title_on_poster,there is no title text on the poster,
1334664,Phenomenon,us.amazon.nova-pro-v1:0,PHENOMENON,match,the title text on the poster matches the catalog exactly,
1341041,A Haunted Romance,us.amazon.nova-pro-v1:0,"鬼片
靈異",mismatch,the title text on the poster does not match the cataloged title,
1352257,Girls Night - Anthology,us.amazon.nova-pro-v1:0,,no_title_on_poster,there is no title text present on the poster,
1356353,Killuminati,us.amazon.nova-pro-v1:0,,no_title_on_poster,There is no visible title text on the poster.,
1361397,Milk Baby,us.amazon.nova-pro-v1:0,,no_title_on_poster,there is no title text on the poster,
1365751,Aliens vs Chainsaw Killer,us.amazon.nova-pro-v1:0,,no_title_on_poster,No title text is visible on the poster.,
1368953,Incident in a Glass Blower's Shop,us.amazon.nova-pro-v1:0,,no_title_on_poster,no title text present on the image,
1372692,The Rash Moon,us.amazon.nova-pro-v1:0,,no_title_on_poster,No title text is visible on the poster.,
1375238,Alvin and the Killmunks,us.amazon.nova-pro-v1:0,,no_title_on_poster,There is no visible title text on the image.,
1377690,Headless Island,us.amazon.nova-pro-v1:0,首無島,match,the title text on the poster matches the catalog entry,
1379716,Something Inside,us.amazon.nova-pro-v1:0,,no_title_on_poster,there is no title text on the image,
1382321,Rostro Rojo,us.amazon.nova-pro-v1:0,,no_title_on_poster,there is no visible title text on the poster,
1385721,Belloe,us.amazon.nova-pro-v1:0,,no_title_on_poster,there is no title text present on the poster,
1389968,FIA,us.amazon.nova-pro-v1:0,,no_title_on_poster,There is no visible title text on the poster.,
1393895,O Plantador,us.amazon.nova-pro-v1:0,,no_title_on_poster,no title text present on the poster,
1395614,Marfim,us.amazon.nova-pro-v1:0,,no_title_on_poster,There is no visible title text on the poster.,
1398734,El otro lado,us.amazon.nova-pro-v1:0,,no_title_on_poster,there is no title text present on the poster,
1410549,Revenant Princess,us.amazon.nova-pro-v1:0,,,there is no visible title text on the poster,
1414671,The Werewolf of Chatsford,us.amazon.nova-pro-v1:0,,no_title_on_poster,there is no title text present on the poster,
1418444,VIDEO PAL,us.amazon.nova-pro-v1:0,,no_title_on_poster,no title text present on the poster,
1424826,Tokyo Evil Hotel,us.amazon.nova-pro-v1:0,東京惡靈旅館,mismatch,the title text on the poster is different from the catalog listing,
1432516,"Goke, Slime and Ooze",us.amazon.nova-pro-v1:0,"Goke, Bodysnatcher from Hell",mismatch,The title on the poster is different from the catalog listing.,
1434418,Graveyard Shift,us.amazon.nova-pro-v1:0,,no_title_on_poster,no legible text on the image,
1438780,Bosnian War Movie,us.amazon.nova-pro-v1:0,,no_title_on_poster,there is no visible title text on the image,
1444302,Podres Alegorias,us.amazon.nova-pro-v1:0,Podres Alegorias,match,The title text on the poster matches the catalog listing.,
1453271,Sight Gag,us.amazon.nova-pro-v1:0,,no_title_on_poster,there is no legible title text on the poster,
1457820,Convalescent,us.amazon.nova-pro-v1:0,convalescent,match,the title text on the poster matches the catalog listing,
1460589,Whispers Beyond The Trees,us.amazon.nova-pro-v1:0,,no_title_on_poster,There is no visible title text on the poster.,
1464992,Growing Pains,us.amazon.nova-pro-v1:0,,no_title_on_poster,there is no title text on this poster,
1471061,Khel,us.amazon.nova-pro-v1:0,Khel,match,The title 'Khel' is clearly visible on the poster.,
1478029,Snake Woman,us.amazon.nova-pro-v1:0,"蛇
神",mismatch,the title text on the poster is different from the cataloged film title,
1483428,Enduring many days / blades / and selves,us.amazon.nova-pro-v1:0,,no_title_on_poster,there is no visible title text on the poster,
1487210,Muddy Hands,us.amazon.nova-pro-v1:0,,no_title_on_poster,there is no title text present on the poster,
1492635,Getaway,us.amazon.nova-pro-v1:0,,no_title_on_poster,no title text present on the poster,
1495718,Baljjeo,us.amazon.nova-pro-v1:0,BALJJEO,match,the title text on the poster matches the catalog listing,
1499799,Slop.,us.amazon.nova-pro-v1:0,,no_title_on_poster,There is no visible title text on the image.,
1504677,Traveler discovers a Woman running from her Husband & In-laws but then...,us.amazon.nova-pro-v1:0,,no_title_on_poster,There is no visible title text on the poster.,
1506946,A Day in Hell,us.amazon.nova-pro-v1:0,,no_title_on_poster,No legible title text is present on the poster.,
1510609,All Hail Sacrifice,us.amazon.nova-pro-v1:0,,no_title_on_poster,there is no title text on the poster,
1516591,Uncanny Valley,us.amazon.nova-pro-v1:0,,no_title_on_poster,There is no visible title text on the poster.,
1520017,Onionhead,us.amazon.nova-pro-v1:0,,no_title_on_poster,There is no visible title text on the poster.,
1529067,Dinosaur Farm B&W,us.amazon.nova-pro-v1:0,,no_title_on_poster,no legible title text found on the poster,
1535813,Gays vs Lesbians.,us.amazon.nova-pro-v1:0,,no_title_on_poster,no title text present on the image,
1540162,Where is the egg?,us.amazon.nova-pro-v1:0,,no_title_on_poster,no legible title text present on the poster,
1544051,Ecstasy of the Broken Chalice,us.amazon.nova-pro-v1:0,,no_title_on_poster,there is no visible title text on the poster,
1546574,The Lab Incident,us.amazon.nova-pro-v1:0,,no_title_on_poster,There is no visible title text on the poster.,
1548141,Fake Documentary “Q”: Film Inferno,us.amazon.nova-pro-v1:0,Q,match,the letter Q is clearly visible on the poster,
1550778,The Disappearing Man,us.amazon.nova-pro-v1:0,,no_title_on_poster,there is no title text present on the image,
1553741,Ne paniquez pas.,us.amazon.nova-pro-v1:0,,no_title_on_poster,There is no visible title text on the poster.,
1558468,Shambhala,us.amazon.nova-pro-v1:0,Shambhala,match,the title text on the poster matches the cataloged film title,
1563653,Plughole,us.amazon.nova-pro-v1:0,,no_title_on_poster,there is no title text on the image,
1568448,Ghost Coast,us.amazon.nova-pro-v1:0,鬼泣海岸,mismatch,the title text on the poster does not match the cataloged film title 'Ghost Coast',
1571171,Donut Do It!,us.amazon.nova-pro-v1:0,,no_title_on_poster,there is no title text on the poster,
1574634,Fur,us.amazon.nova-pro-v1:0,,no_title_on_poster,there is no visible title text on the poster,
1579014,BUTCHERTIMÉSUP,us.amazon.nova-pro-v1:0,,no_title_on_poster,no title text present on the image,
1582037,Who Goes There?,us.amazon.nova-pro-v1:0,,no_title_on_poster,No title text is present on the poster.,
1586421,bouquet,us.amazon.nova-pro-v1:0,,no_title_on_poster,there is no legible title text on the poster,
1593740,Cookie Cutter,us.amazon.nova-pro-v1:0,COOKIE CUTTER,match,the title text on the poster matches the catalog entry,
1598383,'The Aphorisms of the Circus',us.amazon.nova-pro-v1:0,Aphorisms of the Circus,match,The title text on the poster matches the catalog listing.,
1601123,Attrition,us.amazon.nova-pro-v1:0,Attrition,match,The title text on the poster matches the catalog listing.,
1604555,[Untitled] - Ébauche,us.amazon.nova-pro-v1:0,,no_title_on_poster,There is no visible title text on the image.,
1607008,Haunted by your shadow,us.amazon.nova-pro-v1:0,,no_title_on_poster,There is no visible title text on the image.,
1610847,Godflesh,us.amazon.nova-pro-v1:0,GONFLESH,mismatch,"The title on the poster is 'GONFLESH', not 'Godflesh'.",
1616160,Scorching,us.amazon.nova-pro-v1:0,Scorching,match,The title text on the poster matches the catalog listing.,
1621268,Obelisk - Why Do You Keep Us Here,us.amazon.nova-pro-v1:0,,no_title_on_poster,There is no visible title text on the image.,
1624513,Scary Story,us.amazon.nova-pro-v1:0,,no_title_on_poster,there is no title text on the poster,
1630859,Between Matina,us.amazon.nova-pro-v1:0,,no_title_on_poster,no title text present on the poster,
1633457,Hair Dreams,us.amazon.nova-pro-v1:0,,no_title_on_poster,no title text visible on the poster,
1639192,The Chopper,us.amazon.nova-pro-v1:0,,no_title_on_poster,there is no title text present on the poster,
1642656,Desight,us.amazon.nova-pro-v1:0,,no_title_on_poster,there is no title text on the image,
1648343,Red Herring's Found Footage Nightmare,us.amazon.nova-pro-v1:0,,no_title_on_poster,there is no visible title text on the poster,
1651331,1...2...3... Kamera... Akcja!,us.amazon.nova-pro-v1:0,,no_title_on_poster,No title text is visible on the poster.,
1656117,Refém,us.amazon.nova-pro-v1:0,,no_title_on_poster,there is no visible title text on the image,
1659315,Scary And Strange,us.amazon.nova-pro-v1:0,,no_title_on_poster,There is no visible title text on the poster.,
1662480,"Wilno, 1926",us.amazon.nova-pro-v1:0,,no_title_on_poster,There is no visible title text on the poster.,
1666912,Avoidant Attachment,us.amazon.nova-pro-v1:0,AVOIDANT ATTACHMENT,match,the title text on the poster matches the catalog listing,
1671363,My Street,us.amazon.nova-pro-v1:0,,no_title_on_poster,No visible title text on the poster.,
1678301,Órbita Digital,us.amazon.nova-pro-v1:0,,no_title_on_poster,there is no visible title text on the image,
1685843,When You Hear Hoofbeats,us.amazon.nova-pro-v1:0,,no_title_on_poster,there is no title text present on the poster,
1689911,The Cat's House,us.amazon.nova-pro-v1:0,,no_title_on_poster,There is no visible title text on the poster.,
1692539,Baby,us.amazon.nova-pro-v1:0,,no_title_on_poster,There is no visible title text on the poster.,
1699061,Happily Ever After,us.amazon.nova-pro-v1:0,,no_title_on_poster,No title text is present on the poster.,
1701314,Flooded Moonlight,us.amazon.nova-pro-v1:0,,no_title_on_poster,There is no visible title text on the poster.,
1706830,Mimic,us.amazon.nova-pro-v1:0,,no_title_on_poster,there is no visible title text on the image,
1708493,Tainted Blood,us.amazon.nova-pro-v1:0,,no_title_on_poster,no title text present on the poster,
1713418,The Dead Mall,us.amazon.nova-pro-v1:0,,no_title_on_poster,There is no visible title text on the image.,
1718361,DOOM,us.amazon.nova-pro-v1:0,DOOM,match,The title text on the poster matches the catalog listing.,
1721262,INGRESS LABYRINTH,us.amazon.nova-pro-v1:0,,no_title_on_poster,there is no visible title text on the poster,
1722702,Devour,us.amazon.nova-pro-v1:0,DEVOUR,match,the title text on the poster matches the catalog entry,
1727347,A PAPA-ALMA (A Short Film),us.amazon.nova-pro-v1:0,,no_title_on_poster,there is no visible title text on the poster,
1732440,Sham Nation,us.amazon.nova-pro-v1:0,僵尸国度,mismatch,the title text on the poster does not match the cataloged title 'Sham Nation',
1737111,Nostalgia (or The Kenopsic Anemoia of the Mind),us.amazon.nova-pro-v1:0,,no_title_on_poster,the image contains no legible text,
1742312,The Untitled Bigfoot Short,us.amazon.nova-pro-v1:0,,no_title_on_poster,there is no visible title text on the poster,
9669,Ringu 2,us.amazon.nova-pro-v1:0,RING,mismatch,the title on the poster is not the same as the cataloged film title,
20215,Boo,us.amazon.nova-pro-v1:0,BOO,match,the title text on the poster matches the cataloged film title,
28780,Deathmaster,us.amazon.nova-pro-v1:0,the deathmaster,match,the title on the poster matches the cataloged film title,
47957,Madman,us.amazon.nova-pro-v1:0,MADMAN,match,the title text on the poster matches the catalog entry,
56915,Blown,us.amazon.nova-pro-v1:0,BLOWN,match,the title text on the poster matches the catalog entry,
79624,Curse,us.amazon.nova-pro-v1:0,,no_title_on_poster,no title text present on the poster,
90063,Vampires in Havana,us.amazon.nova-pro-v1:0,VAMPIRES IN HAVANA,match,the title text on the poster matches the catalog listing,
123107,Hellbenders,us.amazon.nova-pro-v1:0,Hellbenders,match,The title 'Hellbenders' is clearly visible on the poster.,
152357,Kana Kanmani,us.amazon.nova-pro-v1:0,Kana Kanmani,match,the title text on the poster matches the catalog entry,
194759,Reel Horror,us.amazon.nova-pro-v1:0,Reel Horror,match,The title text on the poster matches the catalog listing.,
233203,Hong Kong Criminal Archives - Female Butcher,us.amazon.nova-pro-v1:0,女衛刀,match,chinese title matches catalog title 'female butcher',
250417,Clay,us.amazon.nova-pro-v1:0,CLAY,match,the title text on the poster matches the catalog entry,
257567,Vanished: Age 7,us.amazon.nova-pro-v1:0,消えた７日間,mismatch,the title text on the poster is different from the catalog listing,
269588,Km 31-2,us.amazon.nova-pro-v1:0,km31,mismatch,"the title on the poster is 'km31', not 'Km 31-2'",
285981,A Dead Man Visits the Living,us.amazon.nova-pro-v1:0,,no_title_on_poster,No English title text is present on the poster.,
306951,Haunted House,us.amazon.nova-pro-v1:0,,no_title_on_poster,there is no visible title text on the poster,
317873,Adam,us.amazon.nova-pro-v1:0,DTM,mismatch,The title text on the poster does not match the catalog title 'Adam'.,
327568,We're in a Fight,us.amazon.nova-pro-v1:0,,no_title_on_poster,There is no visible title text on the image.,
330425,Kanchana 2,us.amazon.nova-pro-v1:0,Kanchana 2,match,the title text on the poster matches the catalog entry,
343041,Lola,us.amazon.nova-pro-v1:0,,no_title_on_poster,there is no title text present on the poster,
353127,Exit,us.amazon.nova-pro-v1:0,,no_title_on_poster,There is no visible title text on the poster.,
369452,Squid Festival,us.amazon.nova-pro-v1:0,SQUID,match,the title 'SQUID' is clearly visible on the poster,
377787,The Present,us.amazon.nova-pro-v1:0,,no_title_on_poster,there is no title text present on the poster,
387737,Maria's Stomach,us.amazon.nova-pro-v1:0,マリアの胃袋,match,The title text on the poster matches the catalog listing 'Maria's Stomach'.,
394860,Grimewave: Cockface III,us.amazon.nova-pro-v1:0,GRIMEWAVE,mismatch,the catalog title includes ': Cockface III' which is not on the poster,
401560,View,us.amazon.nova-pro-v1:0,,no_title_on_poster,There is no visible title text on the poster.,
411279,Pretham,us.amazon.nova-pro-v1:0,,no_title_on_poster,no title text present on the poster,
421197,Ghost of Nang Fa Thani,us.amazon.nova-pro-v1:0,phinfathan,mismatch,the title text on the poster is different from the catalog listing,
426293,The Detail,us.amazon.nova-pro-v1:0,,no_title_on_poster,there is no title text present on the poster,
443151,Crocodile Man 2,us.amazon.nova-pro-v1:0,,no_title_on_poster,no title text present on the poster,
447728,Nightmare Scoop,us.amazon.nova-pro-v1:0,,no_title_on_poster,There is no visible title text on the poster.,
452250,Sivalinga,us.amazon.nova-pro-v1:0,Sivalinga,match,The title text on the poster matches the catalog listing.,
459856,The Pink Egg,us.amazon.nova-pro-v1:0,,no_title_on_poster,no title text present on the poster,
466266,In the Park,us.amazon.nova-pro-v1:0,,no_title_on_poster,There is no visible title text on the image.,
473786,D. Jaime or the Portuguese Night,us.amazon.nova-pro-v1:0,,no_title_on_poster,No title text is visible on the poster.,
480406,Açúcar,us.amazon.nova-pro-v1:0,AÇÚCAR,match,the title text on the poster matches the cataloged film title,
482919,The Anonymous Phone Call,us.amazon.nova-pro-v1:0,匿名電話,match,the title on the poster matches the catalog entry,
484396,Gargoyle,us.amazon.nova-pro-v1:0,,no_title_on_poster,there is no title text present on the poster,
486515,The Gruesome Twosome,us.amazon.nova-pro-v1:0,,no_title_on_poster,no title text present on the image,
494445,Bloodrape,us.amazon.nova-pro-v1:0,BLOODRAPE,match,the title text on the poster matches the catalog listing,
505330,The Mother's Island,us.amazon.nova-pro-v1:0,,no_title_on_poster,No English title text is visible on the poster.,
508388,Rodentia,us.amazon.nova-pro-v1:0,,no_title_on_poster,there is no visible title text on the poster,
514277,Mara,us.amazon.nova-pro-v1:0,MARA,match,the title text on the poster matches the catalog listing,
517226,Book of the Dead,us.amazon.nova-pro-v1:0,,no_title_on_poster,there is no title text present on the poster,
524432,Devil Boy,us.amazon.nova-pro-v1:0,,no_title_on_poster,no title text present on the poster,
528325,Exhumiert und Beschnitten,us.amazon.nova-pro-v1:0,,no_title_on_poster,no title text present on the poster,
530253,D Is for Deloused,us.amazon.nova-pro-v1:0,,no_title_on_poster,there is no visible title text on the poster,
534478,tHE bIRTh of bRAiNFly,us.amazon.nova-pro-v1:0,,no_title_on_poster,there is no title text present on the poster,
542580,Investigation 13,us.amazon.nova-pro-v1:0,13 INVESTIGATION,match,the title text on the poster matches the catalog entry,
549707,Time Cube,us.amazon.nova-pro-v1:0,,no_title_on_poster,there is no title text present on the poster,
555455,Beautiful Eyes,us.amazon.nova-pro-v1:0,,no_title_on_poster,There is no visible title text on the poster.,
558899,Refuge II: The Ice Path,us.amazon.nova-pro-v1:0,,no_title_on_poster,there is no visible title text on the poster,
566325,Terrified Woman,us.amazon.nova-pro-v1:0,,no_title_on_poster,There is no visible title text on the poster.,
570453,The Picture of Dorian Gray,us.amazon.nova-pro-v1:0,,no_title_on_poster,there is no title text present on this poster,
578897,Muffin,us.amazon.nova-pro-v1:0,,no_title_on_poster,there is no title text present on the poster,
584682,Daydream,us.amazon.nova-pro-v1:0,Daydream,match,The title 'Daydream' matches the catalog listing.,
592989,Memento Mori,us.amazon.nova-pro-v1:0,,no_title_on_poster,there is no title text present on the poster,
603644,In the Hours of Darkness,us.amazon.nova-pro-v1:0,,no_title_on_poster,there is no title text present on the poster,
607137,Momo,us.amazon.nova-pro-v1:0,momo,match,the title text on the poster matches the catalog listing,
612811,Lingchi: Echoes of a Historical Photograph,us.amazon.nova-pro-v1:0,凌遲——一張歷史照片的回聲,match,the title text matches the catalog entry,
622488,Gegege no Kitaro: The Great Yokai War,us.amazon.nova-pro-v1:0,魚克のキタロ　大外魚戦争,mismatch,the title on the poster is different from the cataloged title,
634171,Mãe Querida,us.amazon.nova-pro-v1:0,,no_title_on_poster,there is no title text on the poster,
639571,Skin and Bones,us.amazon.nova-pro-v1:0,,no_title_on_poster,there is no title text present on the poster,
643377,Epilepsy,us.amazon.nova-pro-v1:0,,no_title_on_poster,No title text is present on the poster.,
648473,Desirella,us.amazon.nova-pro-v1:0,,no_title_on_poster,There is no visible title text on the poster.,
653355,Zombie Massacre,us.amazon.nova-pro-v1:0,,no_title_on_poster,there is no title text present on the poster,
657891,Eve,us.amazon.nova-pro-v1:0,,no_title_on_poster,There is no visible title text on the image.,
664049,Jasu,us.amazon.nova-pro-v1:0,JASU,match,The title text on the poster matches the catalog listing.,
667459,Schizo (Redux),us.amazon.nova-pro-v1:0,,no_title_on_poster,there is no visible title text on the image,
672043,Masque of the Red Death,us.amazon.nova-pro-v1:0,,no_title_on_poster,there is no title text on the poster,
676292,Smile Guide 2 - How To Make From  Paper,us.amazon.nova-pro-v1:0,,no_title_on_poster,there is no title text present on the poster,
680793,Micromeo,us.amazon.nova-pro-v1:0,,no_title_on_poster,There is no visible title text on the poster.,
687859,Limp,us.amazon.nova-pro-v1:0,,no_title_on_poster,No title text is visible on the poster.,
690136,Psycho Messenger,us.amazon.nova-pro-v1:0,,no_title_on_poster,There is no visible title text on the poster.,
691223,Ruptured,us.amazon.nova-pro-v1:0,,no_title_on_poster,There is no visible title text on the poster.,
695256,Obeah,us.amazon.nova-pro-v1:0,,no_title_on_poster,there is no title text present on the poster,
706199,Ice Breakers,us.amazon.nova-pro-v1:0,,no_title_on_poster,there is no title text present on the image,
719276,Viy,us.amazon.nova-pro-v1:0,,no_title_on_poster,there is no title text present on the poster,
722635,Firehead,us.amazon.nova-pro-v1:0,,no_title_on_poster,There is no visible title text on the poster.,
726062,The Musical Chairs,us.amazon.nova-pro-v1:0,,no_title_on_poster,there is no title text present on the image,
728872,U Is for Unearthed,us.amazon.nova-pro-v1:0,,no_title_on_poster,there is no visible title text on the image,
730627,Abstract Horror,us.amazon.nova-pro-v1:0,,no_title_on_poster,the image is too blurry to make out any text,
735504,Derailed,us.amazon.nova-pro-v1:0,,no_title_on_poster,There is no visible title text on the image.,
741592,Cyst,us.amazon.nova-pro-v1:0,cyst,match,the title on the poster matches the catalog listing,
745047,Static Tears,us.amazon.nova-pro-v1:0,,no_title_on_poster,No title text is visible on the poster.,
747923,Torgo Kills / Torgo Lives,us.amazon.nova-pro-v1:0,,no_title_on_poster,there is no title text present on the image,
751401,Pork Chop,us.amazon.nova-pro-v1:0,,no_title_on_poster,there is no visible title text on the poster,
753726,Halloween Party,us.amazon.nova-pro-v1:0,,no_title_on_poster,there is no title text present on the poster,
758547,Surreptitious,us.amazon.nova-pro-v1:0,,no_title_on_poster,There is no visible title text on the poster.,
762741,Mouthless (Gusła),us.amazon.nova-pro-v1:0,,no_title_on_poster,there is no visible title text on the poster,
764923,Honto ni Atta Gakkou Kaidan,us.amazon.nova-pro-v1:0,知たくのあって学校雲堂,match,the title text on the poster matches the cataloged title,
767243,Optica,us.amazon.nova-pro-v1:0,OPTICA,match,The title text on the poster matches the catalog listing.,
771266,The Wesley Verbank Octagon,us.amazon.nova-pro-v1:0,,no_title_on_poster,"The image does not depict a movie poster, so no title text is present.",
775381,Goodbye,us.amazon.nova-pro-v1:0,,no_title_on_poster,There is no visible title text on the image.,
782575,Que votre empire s'étende,us.amazon.nova-pro-v1:0,,no_title_on_poster,There is no visible title text on the poster.,
788376,Complex Bereavement,us.amazon.nova-pro-v1:0,,no_title_on_poster,There is no film poster or title text present in the image.,
792505,The Alien Autopsy,us.amazon.nova-pro-v1:0,,no_title_on_poster,there is no title text on the poster,
795987,Love Bites,us.amazon.nova-pro-v1:0,,no_title_on_poster,There is no visible title text on the poster.,
797047,BORN BY MYSELF,us.amazon.nova-pro-v1:0,,no_title_on_poster,there is no title text present on the poster,
798823,The Retneprac 2,us.amazon.nova-pro-v1:0,,no_title_on_poster,there is no title text present on the poster,
801527,Checkmate,us.amazon.nova-pro-v1:0,,no_title_on_poster,there is no movie poster in this image,
809703,Dining Room or There is Nothing,us.amazon.nova-pro-v1:0,,no_title_on_poster,no title text present on the poster,
812822,Feast of Burden,us.amazon.nova-pro-v1:0,FEAST OF BURDEN,match,The title text on the poster matches the catalog listing.,
817514,Lesson 9,us.amazon.nova-pro-v1:0,,no_title_on_poster,there is no visible title text on the image,
823491,Out of Darkness,us.amazon.nova-pro-v1:0,OUT OF DARKNESS,match,the title text on the poster matches the catalog exactly,
827797,Lady of the Lake,us.amazon.nova-pro-v1:0,,no_title_on_poster,no legible title text found on the poster,
831186,Repugnant Mutilation,us.amazon.nova-pro-v1:0,REPUGNANT MUTILATION,match,the title text on the poster matches the catalog listing,
836795,Solitudo,us.amazon.nova-pro-v1:0,,no_title_on_poster,there is no title text present on the poster,
843784,Observa la silla de terror,us.amazon.nova-pro-v1:0,,no_title_on_poster,there is no title text on the poster,
849268,Dreaming to Accept Reality,us.amazon.nova-pro-v1:0,,no_title_on_poster,There is no visible title text on the poster.,
850372,Ş,us.amazon.nova-pro-v1:0,S,mismatch,the title on the poster is different from the catalog,
853979,Permanentes Diarrhö und Hämorrhoiden,us.amazon.nova-pro-v1:0,,no_title_on_poster,no title text present on the image,
856091,Ghost Puncher,us.amazon.nova-pro-v1:0,,no_title_on_poster,there is no movie poster in this image,
860458,Overnight. Friday,us.amazon.nova-pro-v1:0,HOMUNCULUS,mismatch,the title on the poster is different from the catalog listing,
868551,The Pocong Shroud Ghost,us.amazon.nova-pro-v1:0,,no_title_on_poster,No title text is visible on the poster.,
875137,Opsomania,us.amazon.nova-pro-v1:0,,no_title_on_poster,The image does not contain a movie poster with visible title text.,
878844,The Plumber,us.amazon.nova-pro-v1:0,,no_title_on_poster,there is no title text present on the poster,
882218,Wolf Pup,us.amazon.nova-pro-v1:0,WOLFUP,mismatch,The title text on the poster is missing a space between 'WOLF' and 'UP'.,
887924,UNINVITED,us.amazon.nova-pro-v1:0,,no_title_on_poster,there is no title text present on the poster,
893439,Perdigotos da Discórdia,us.amazon.nova-pro-v1:0,,no_title_on_poster,There is no visible title text on the image.,
899123,Kaibyo Saga Sodo,us.amazon.nova-pro-v1:0,,no_title_on_poster,no title text present on the image,
910807,Fukt,us.amazon.nova-pro-v1:0,FURT,mismatch,the title on the poster is not the same as the cataloged film title,
917791,GeishaCop: Fearsome Geisha Corps - Go to Hell,us.amazon.nova-pro-v1:0,,no_title_on_poster,There is no visible title text on the poster.,
926074,Magic Man,us.amazon.nova-pro-v1:0,,no_title_on_poster,There is no visible title text on the poster.,
931325,The Howl of Winterland,us.amazon.nova-pro-v1:0,,no_title_on_poster,There is no visible title text on the image.,
934630,A Midnight Episode,us.amazon.nova-pro-v1:0,,no_title_on_poster,there is no title text present on the image,
938251,A Fool's Wit,us.amazon.nova-pro-v1:0,,no_title_on_poster,There is no visible title text on the poster.,
941189,Nav,us.amazon.nova-pro-v1:0,HAB,mismatch,the title on the poster does not match the cataloged film title 'Nav',
943600,Flesh and blood,us.amazon.nova-pro-v1:0,,no_title_on_poster,there is no visible title text on the image,
950778,AI,us.amazon.nova-pro-v1:0,,no_title_on_poster,there is no title text present on this image,
954439,Fat Fleshy Fingers,us.amazon.nova-pro-v1:0,,no_title_on_poster,there is no title text on the poster,
958590,An Alien Claymation,us.amazon.nova-pro-v1:0,,no_title_on_poster,there is no title text on the poster,
963824,Eyes on You,us.amazon.nova-pro-v1:0,,no_title_on_poster,there is no title text on the poster,
967814,DAISUKE ICHIBA Anime 2,us.amazon.nova-pro-v1:0,,no_title_on_poster,no title text present on the poster,
973120,H.P. Lovecraft's The Terrible Old Man,us.amazon.nova-pro-v1:0,,no_title_on_poster,there is no title text on the poster,
977500,library,us.amazon.nova-pro-v1:0,,no_title_on_poster,no title text present on the image,
977649,Trapped Under a House,us.amazon.nova-pro-v1:0,,no_title_on_poster,No title text is visible on the poster.,
980702,Ouroboros,us.amazon.nova-pro-v1:0,,no_title_on_poster,No title text is present on the poster.,
985615,Shine: Puppet Horror Short,us.amazon.nova-pro-v1:0,,no_title_on_poster,there is no title text present on the poster,
991825,Thursday Night Special,us.amazon.nova-pro-v1:0,,no_title_on_poster,there is no visible title text on the poster,
994640,Sustained Nightmare,us.amazon.nova-pro-v1:0,,no_title_on_poster,there is no legible title text on the poster,
999981,Death Cabin,us.amazon.nova-pro-v1:0,,no_title_on_poster,There is no visible title text on the poster.,
1006930,Las Manos Que Ríen,us.amazon.nova-pro-v1:0,,no_title_on_poster,There is no visible title text on the poster.,
1013870,Kids vs. Aliens,us.amazon.nova-pro-v1:0,KIDS VS ALIENS,match,the title text on the poster matches the catalog exactly,
1017612,The World You Don't Know: A Mysterious Love Story,us.amazon.nova-pro-v1:0,知らない世界のミステリアスな恋,mismatch,the title text on the poster is different from the catalog title,
1022680,Sticky Sock,us.amazon.nova-pro-v1:0,,no_title_on_poster,there is no title text present on the image,
1027409,Panorama horror,us.amazon.nova-pro-v1:0,,no_title_on_poster,there is no title text present on the image,
1029686,Drowners,us.amazon.nova-pro-v1:0,,no_title_on_poster,No title text is present on the poster.,
1035936,There Is No Such Thing As Home,us.amazon.nova-pro-v1:0,,no_title_on_poster,No legible title text is present on the poster.,
1042720,Sympathy for the Devil,us.amazon.nova-pro-v1:0,SYMPATHY FOR THE DEVIL,match,the title text on the poster matches the catalog listing,
1048140,Don Cheadle is Captain Planet - Part 2,us.amazon.nova-pro-v1:0,,no_title_on_poster,there is no title text present on the image,
1049935,Tokyo Videos of Horror 23,us.amazon.nova-pro-v1:0,東京残酷映像23,match,The title 'Tokyo Videos of Horror 23' matches the text on the poster.,
1054626,The Bhootnii,us.amazon.nova-pro-v1:0,the bhootnii,match,the title on the poster matches the catalog listing,
1061032,Ophelia,us.amazon.nova-pro-v1:0,,no_title_on_poster,There is no visible title text on the poster.,
1068425,Wild Duck,us.amazon.nova-pro-v1:0,,no_title_on_poster,there is no visible title text on the poster,
1074648,One Winter's Night,us.amazon.nova-pro-v1:0,,no_title_on_poster,there is no title text present on the poster,
1078318,Blood Daughter,us.amazon.nova-pro-v1:0,,no_title_on_poster,There is no visible title text on the poster.,
1079928,Subliminal,us.amazon.nova-pro-v1:0,,no_title_on_poster,there is no title text present on the poster,
1083771,Women's Crime Records: Edo Torture Punishment Chronicles,us.amazon.nova-pro-v1:0,江戸 女犯 責め 絵巻,mismatch,the title text on the poster does not match the cataloged title,
1086851,Aradia,us.amazon.nova-pro-v1:0,,no_title_on_poster,No title text is visible on the poster.,
1091669,ATAMA,us.amazon.nova-pro-v1:0,,no_title_on_poster,No title text is visible on the poster.,
1094206,Social Butterfly,us.amazon.nova-pro-v1:0,,no_title_on_poster,There is no visible title text on the poster.,
1098173,Animal Me,us.amazon.nova-pro-v1:0,,no_title_on_poster,There is no visible title text on the poster.,
1102006,Angels of Death - Final Cut,us.amazon.nova-pro-v1:0,,no_title_on_poster,There is no visible title text on the poster.,
1106982,15/05/11 - ABANDONED GRAIN ELEVATOR,us.amazon.nova-pro-v1:0,,no_title_on_poster,there is no visible title text on the poster,
1111255,Prying Eyes,us.amazon.nova-pro-v1:0,,no_title_on_poster,there is no title text present on the poster,
1115700,The Angel of Forms,us.amazon.nova-pro-v1:0,,no_title_on_poster,there is no visible title text on the image,
1118899,Liminal II,us.amazon.nova-pro-v1:0,Liminal,mismatch,"The title on the poster is 'Liminal', not 'Liminal II'.",
1121583,Vesania,us.amazon.nova-pro-v1:0,,no_title_on_poster,No legible title text is present on the poster.,
1126010,Plot Front,us.amazon.nova-pro-v1:0,,no_title_on_poster,There is no visible title text on the poster.,
1134427,Profondo,us.amazon.nova-pro-v1:0,,no_title_on_poster,There is no visible title text on the poster.,
1140766,The Carpal Tunnel of Love,us.amazon.nova-pro-v1:0,,no_title_on_poster,There is no visible title text on the poster.,
1144719,Okamuro-san,us.amazon.nova-pro-v1:0,おかむろさん,match,the title text on the poster matches the catalog entry,
1146740,WRAAK,us.amazon.nova-pro-v1:0,,no_title_on_poster,no title text present on the image,
1150649,Visitor,us.amazon.nova-pro-v1:0,访客,match,The title text on the poster matches the catalog title 'Visitor' when translated.,
1151960,Ghost Killing,us.amazon.nova-pro-v1:0,鬼殺,mismatch,the title text on the poster is not 'Ghost Killing',
1159534,The Amazing Life of Hops,us.amazon.nova-pro-v1:0,,no_title_on_poster,there is no visible title text on the poster,
1164853,Angaaragan,us.amazon.nova-pro-v1:0,அங்காரகன்,match,the title on the poster matches the catalog entry,
1168088,Screwed,us.amazon.nova-pro-v1:0,,no_title_on_poster,there is no title text present on the poster,
1172010,Hydro-Samuel,us.amazon.nova-pro-v1:0,,no_title_on_poster,there is no title text present on the poster,
1173424,The Ghost Chasers,us.amazon.nova-pro-v1:0,,no_title_on_poster,no title text present on the poster,
1174494,The Haunted House,us.amazon.nova-pro-v1:0,,no_title_on_poster,there is no title text present on the poster,
1179729,Pi Kaew Nang Hong,us.amazon.nova-pro-v1:0,Pi Kaew Nang Hong,match,the title text on the poster matches the catalog listing,
1180853,Autorretrato,us.amazon.nova-pro-v1:0,Autorretrato,match,The title text on the poster matches the catalog listing.,
1185950,Black Forest,us.amazon.nova-pro-v1:0,,no_title_on_poster,no title text present on the poster,
1190953,The Mystery of Nam Prai,us.amazon.nova-pro-v1:0,MASSAGER WITHINISTER,mismatch,the title on the poster does not match the cataloged title,
1198050,Tree Ghost Story,us.amazon.nova-pro-v1:0,木霊の森,mismatch,the title text on the poster is different from the cataloged title,
1199364,Emma,us.amazon.nova-pro-v1:0,,no_title_on_poster,no title text present on the image,
1201198,7,us.amazon.nova-pro-v1:0,,no_title_on_poster,There is no visible title text on the poster.,
1204908,Shin Kaishaku Banchō Sarayashiki - Okiku-dera: Temple,us.amazon.nova-pro-v1:0,新解釈・番町皿屋敷,match,the title on the poster matches the catalog entry,
1207227,Cruel Sea,us.amazon.nova-pro-v1:0,,no_title_on_poster,no title text present on the poster,
1213180,Sang Remords,us.amazon.nova-pro-v1:0,,no_title_on_poster,no title text present on the image,
1220252,The Pointy Slippers,us.amazon.nova-pro-v1:0,,no_title_on_poster,There is no visible title text on the movie poster.,
1223546,Strawberry Lemonade,us.amazon.nova-pro-v1:0,,no_title_on_poster,there is no visible title text on the poster,
1228784,Squareworld (Short Version),us.amazon.nova-pro-v1:0,,no_title_on_poster,there is no title text present on the poster,
1231268,Kyoto Yokai Map 1: A 900-Year-Old New Bride Living in Sagano,us.amazon.nova-pro-v1:0,東京外登マプ1　日本の㤀年の新婗にってかるさが郷,match,the title text on the poster matches the catalog entry,
1234069,Flame,us.amazon.nova-pro-v1:0,,no_title_on_poster,there is no visible title text on the image,
1239395,Delivery,us.amazon.nova-pro-v1:0,,no_title_on_poster,there is no visible title text on the poster,
1242644,Bits,us.amazon.nova-pro-v1:0,,no_title_on_poster,No title text is present on the poster.,
1245342,Battle Spirit Footage: Fight of the Living Ghost,us.amazon.nova-pro-v1:0,,,,"HTTPSConnectionPool(host='image.tmdb.org', port=443): Read timed out."
1249600,Terrifying Spirit Disturbance Video 8: Darkness Edition,us.amazon.nova-pro-v1:0,恐怖心霊動画8 闇編,match,the title text on the poster matches the catalog entry,
1256281,Anansi,us.amazon.nova-pro-v1:0,,no_title_on_poster,there is no title text present on the poster,
1261260,Blood Relative,us.amazon.nova-pro-v1:0,,no_title_on_poster,there is no title text present on the poster,
1263600,Samhain,us.amazon.nova-pro-v1:0,,no_title_on_poster,there is no title text on the poster,
1267268,Bride Meets Ghost,us.amazon.nova-pro-v1:0,,no_title_on_poster,there is no title text present on the poster,
1272407,Killer sprite mega movie.,us.amazon.nova-pro-v1:0,,no_title_on_poster,no title text present on the poster,
1278048,NOVO JOGO DO BOLSONARO,us.amazon.nova-pro-v1:0,,no_title_on_poster,there is no visible title text on the poster,
1281266,disComfort,us.amazon.nova-pro-v1:0,,no_title_on_poster,There is no visible title text on the poster.,
1284304,Alouqa or the Comedy of the Dead,us.amazon.nova-pro-v1:0,,no_title_on_poster,no title text present on the poster,
1287381,Imperfect,us.amazon.nova-pro-v1:0,,no_title_on_poster,There is no visible title text on the poster.,
1290458,Penitentiary,us.amazon.nova-pro-v1:0,,no_title_on_poster,there is no title text present on the poster,
1293320,Into the Depths,us.amazon.nova-pro-v1:0,,no_title_on_poster,No title text is visible on the poster.,
1296798,In The Woods,us.amazon.nova-pro-v1:0,,no_title_on_poster,there is no title text on the poster,
1301061,Her Secret Past,us.amazon.nova-pro-v1:0,她的秘密,match,the title text on the poster matches the catalog listing,
1304736,Pique Dame,us.amazon.nova-pro-v1:0,,no_title_on_poster,there is no title text present on the poster,
1306693,Verte,us.amazon.nova-pro-v1:0,,no_title_on_poster,There is no visible title text on the poster.,
1308975,La cama,us.amazon.nova-pro-v1:0,,no_title_on_poster,no title text present on the poster,
1312584,The Man Who Loved Flowers,us.amazon.nova-pro-v1:0,,no_title_on_poster,there is no title text present on the image,
1315466,Night/Time,us.amazon.nova-pro-v1:0,NIGHT/TIME,match,the title text on the poster matches the catalog listing,
1317084,The Rick Sloane Fake Trailers,us.amazon.nova-pro-v1:0,,no_title_on_poster,there is no title text present on the image,
1318153,Corpse of your Choice,us.amazon.nova-pro-v1:0,この京の失失くるのに,mismatch,the title on the poster does not match the cataloged title,
1320527,The Monster,us.amazon.nova-pro-v1:0,,no_title_on_poster,there is no legible title text on the image,
1321163,Scopaesthesia,us.amazon.nova-pro-v1:0,,no_title_on_poster,There is no visible title text on the poster.,
1324082,Escape,us.amazon.nova-pro-v1:0,,no_title_on_poster,no legible title text found on the image,
1328157,Acid Corpse,us.amazon.nova-pro-v1:0,ACID CORPSE,match,the title text on the poster matches the catalog entry,
1338346,Zanni,us.amazon.nova-pro-v1:0,ZANNI,match,The title 'ZANNI' is clearly visible on the poster.,
1341178,The Spiritist Faustinus,us.amazon.nova-pro-v1:0,,no_title_on_poster,there is no title text present on the poster,
1352962,Kalinga,us.amazon.nova-pro-v1:0,kalinga,match,the title text on the poster matches the cataloged film title,
1358137,Night Shift,us.amazon.nova-pro-v1:0,,no_title_on_poster,There is no visible title text on the poster.,
1361515,Habitus Fragments,us.amazon.nova-pro-v1:0,,no_title_on_poster,There is no visible title text on the poster.,
1365835,A Nightmare on Elm Street 3: The Fan Film Recreation,us.amazon.nova-pro-v1:0,,no_title_on_poster,no title text present on the image,
1369828,Mother,us.amazon.nova-pro-v1:0,MOTHER,match,The title text on the poster matches the catalog listing.,
1372908,9 Ways to Cheat in Chess,us.amazon.nova-pro-v1:0,,no_title_on_poster,There is no visible title text on the poster.,
1375389,Spider Woman,us.amazon.nova-pro-v1:0,蛋女人,mismatch,the title text on the poster does not match the cataloged title 'Spider Woman',
1377705,White-haired Demon,us.amazon.nova-pro-v1:0,白正鬼,match,chinese characters on poster match catalog title 'white-haired demon',
1379731,Terrifying Lizards,us.amazon.nova-pro-v1:0,,no_title_on_poster,There is no visible title text on the image.,
1382556,snow monster,us.amazon.nova-pro-v1:0,,no_title_on_poster,no title text visible on the poster,
1385756,Despot,us.amazon.nova-pro-v1:0,DESPOT,match,The title text on the poster matches the catalog listing.,
1390069,Deathfarm,us.amazon.nova-pro-v1:0,DEATHFARM,match,the title text on the poster matches the catalog listing,
1393905,Reflexo,us.amazon.nova-pro-v1:0,,no_title_on_poster,there is no visible title text on the poster,
1395668,Loons,us.amazon.nova-pro-v1:0,LOONS,match,the title text on the poster matches the catalog entry,
1398742,El despojo,us.amazon.nova-pro-v1:0,,no_title_on_poster,There is no visible title text on the poster.,
1411152,The Hamleigh Disappearances,us.amazon.nova-pro-v1:0,,no_title_on_poster,There is no visible title text on the poster.,
1414677,The Third Eye of Simon Harker,us.amazon.nova-pro-v1:0,,no_title_on_poster,There is no visible title text on the poster.,
1419440,Hunger,us.amazon.nova-pro-v1:0,,no_title_on_poster,there is no title text present on the poster,
1426110,PRESENCE,us.amazon.nova-pro-v1:0,PRESENCE,match,the title text on the poster matches the catalog entry,
1432538,DON'T TELL HIM,us.amazon.nova-pro-v1:0,,no_title_on_poster,there is no title text present on the poster,
1435183,The Picture in the House,us.amazon.nova-pro-v1:0,,no_title_on_poster,No legible title text is visible on the poster.,
1439425,Beso nocturno,us.amazon.nova-pro-v1:0,,no_title_on_poster,there is no title text present on the poster,
1445218,The Couple Upstairs,us.amazon.nova-pro-v1:0,,no_title_on_poster,The image does not contain any visible title text.,
1453411,Les pas perdus,us.amazon.nova-pro-v1:0,,no_title_on_poster,There is no visible title text on the image.,
1457859,are you going to hurt me?,us.amazon.nova-pro-v1:0,,no_title_on_poster,there is no title text present on the poster,
1462822,DEATH SENTENCE: LUCIDITY,us.amazon.nova-pro-v1:0,DEATH SENTENCE,mismatch,the title on the poster is missing the subtitle 'LUCIDITY',
1465774,The Hole,us.amazon.nova-pro-v1:0,,no_title_on_poster,there is no title text present on the poster,
1472341,Bookend,us.amazon.nova-pro-v1:0,,no_title_on_poster,No visible title text on the poster.,
1478574,Glossolalia,us.amazon.nova-pro-v1:0,,no_title_on_poster,no legible title text present on the poster,
1483633,Blank Page Syndrome,us.amazon.nova-pro-v1:0,,no_title_on_poster,There is no title text present on the image.,
1487691,Shemaleficent,us.amazon.nova-pro-v1:0,SHEMALEficent,match,The title text on the poster matches the catalog listing.,
1492769,how gregor samsa became a bug (canonised),us.amazon.nova-pro-v1:0,,no_title_on_poster,there is no title text visible on the poster,
1496388,Eternal Return - PINK Edition,us.amazon.nova-pro-v1:0,,no_title_on_poster,No title text is visible on the poster.,
1499962,Doble-6,us.amazon.nova-pro-v1:0,,no_title_on_poster,There is no visible title text on the image.,
1504708,Idol Horror Story,us.amazon.nova-pro-v1:0,音乐ののるのるのる,mismatch,the title text on the poster does not match the cataloged title,
1507156,My BFF,us.amazon.nova-pro-v1:0,,no_title_on_poster,there is no title text on the image,
1510954,Nuclear Death: Unalive in Texas,us.amazon.nova-pro-v1:0,NUCLEAR DEATH UNAUVE IN TEXAS,match,the title text on the poster matches the catalog listing,
1516629,Kienai,us.amazon.nova-pro-v1:0,"the title text you actually see on the poster, or empty if none",no_title_on_poster,No English title text visible on the poster.,
1520273,La escollera,us.amazon.nova-pro-v1:0,,no_title_on_poster,there is no visible title text on the poster,
1529179,The Big Shave,us.amazon.nova-pro-v1:0,,no_title_on_poster,there is no title text present on the poster,
1535897,My Home,us.amazon.nova-pro-v1:0,,no_title_on_poster,There is no visible title text on the poster.,
1540888,Buzzkill,us.amazon.nova-pro-v1:0,BUZZKILL,match,the title text on the poster matches the catalog listing,
1544159,I Care Because You Do,us.amazon.nova-pro-v1:0,,no_title_on_poster,there is no visible title text on the poster,
1546823,Joke,us.amazon.nova-pro-v1:0,,no_title_on_poster,there is no title text present on the poster,
1548162,"Fake Documentary ""Q"": Passengers",us.amazon.nova-pro-v1:0,Q,mismatch,"the title on the poster is just the letter 'Q', not 'Fake Documentary ""Q"": Passengers'",
1550863,KUMLAN,us.amazon.nova-pro-v1:0,,no_title_on_poster,there is no title text present on the poster,
1554997,Lusco Fusco (episódio piloto),us.amazon.nova-pro-v1:0,LUSGO FUSCO,mismatch,the title on the poster is not an exact match to the cataloged title,
1560522,MOTHER,us.amazon.nova-pro-v1:0,,no_title_on_poster,There is no visible title text on the poster.,
1564099,Into The Shadows,us.amazon.nova-pro-v1:0,,no_title_on_poster,there is no title text on this image,
1568478,Hiperrealidad,us.amazon.nova-pro-v1:0,,no_title_on_poster,there is no title text present on the poster,
1571925,A Halloween Tale,us.amazon.nova-pro-v1:0,,no_title_on_poster,there is no title text present on the poster,
1575003,Pathologic 2: Um Diamante no Mundo dos Jogos,us.amazon.nova-pro-v1:0,,no_title_on_poster,there is no visible title text on the poster,
1579519,PPIDD - The Broadcast Source,us.amazon.nova-pro-v1:0,,no_title_on_poster,there is no title text on the image,
1582280,Double Jump,us.amazon.nova-pro-v1:0,,no_title_on_poster,There is no visible title text on the image.,
1586465,"softer, softest",us.amazon.nova-pro-v1:0,,no_title_on_poster,no legible title text present on the poster,
1594487,Presión Redux,us.amazon.nova-pro-v1:0,,no_title_on_poster,no legible title text found on the image,
1598484,Deadzones,us.amazon.nova-pro-v1:0,,no_title_on_poster,No legible title text is present on the poster.,
1601242,NightBound,us.amazon.nova-pro-v1:0,,no_title_on_poster,there is no visible title text on the image,
1604634,The Bride of the Ghost Lake,us.amazon.nova-pro-v1:0,幽霊湖の花嫁,match,the title text on the poster matches the catalog entry,
1608681,Fake Documentary “Q”: What The Deceased Left Behind,us.amazon.nova-pro-v1:0,Q,mismatch,the title on the poster is different from the catalog listing,
1611879,AMOЯ,us.amazon.nova-pro-v1:0,AMMO˙,mismatch,the title text on the poster is different from the cataloged film title,
1616563,Pain Flow Blood Flow,us.amazon.nova-pro-v1:0,,no_title_on_poster,there is no visible title text on the poster,
1621287,Obelisk - In Your Home,us.amazon.nova-pro-v1:0,,no_title_on_poster,There is no visible title text on the image.,
1625172,Sardines,us.amazon.nova-pro-v1:0,,no_title_on_poster,There is no visible title text on the poster.,
1630862,Horror Icons Celebrate Christmas,us.amazon.nova-pro-v1:0,,no_title_on_poster,there is no title text on the poster,
1633730,Fire Is Born,us.amazon.nova-pro-v1:0,,no_title_on_poster,There is no visible title text on the poster.,
1639324,The Uninvited,us.amazon.nova-pro-v1:0,,no_title_on_poster,there is no title text present on the poster,
1643779,Trashman TV,us.amazon.nova-pro-v1:0,,no_title_on_poster,there is no title text on the poster,
1649255,Worship Him,us.amazon.nova-pro-v1:0,,no_title_on_poster,there is no visible title text on the image,
1651542,McKenzie,us.amazon.nova-pro-v1:0,MCKENZIE,match,the title text on the poster matches the catalog entry,
1656958,Greeley's Creamies,us.amazon.nova-pro-v1:0,,no_title_on_poster,there is no title text present on the poster,
1660343,Ghostfluencer,us.amazon.nova-pro-v1:0,Ghostfluencer,match,The title text on the poster matches the catalog listing.,
1663122,The Screamer,us.amazon.nova-pro-v1:0,,no_title_on_poster,No title text is visible on the poster.,
1667813,Don't Hug Me I'm Scared: Behind the Magic,us.amazon.nova-pro-v1:0,,no_title_on_poster,there is no title text on the poster,
1671598,Only in Dreams,us.amazon.nova-pro-v1:0,ONLY IN DREAMS,match,The title text on the poster matches the catalog listing.,
1678353,|||||||||||||,us.amazon.nova-pro-v1:0,,no_title_on_poster,No title text is visible on the poster.,
1686347,In Your Eye,us.amazon.nova-pro-v1:0,in your,match,the title text matches the catalog listing,
1689919,Wraith,us.amazon.nova-pro-v1:0,WRAITH,match,the title text on the poster matches the catalog listing,
1693703,Suture,us.amazon.nova-pro-v1:0,suture,match,the title text on the poster matches the catalog entry,
1699088,Night Shift,us.amazon.nova-pro-v1:0,,no_title_on_poster,no title text present on the image,
1701323,Season of the witch,us.amazon.nova-pro-v1:0,RIP,no_title_on_poster,The visible text 'RIP' does not match the film title 'Season of the Witch'.,
1706847,"""YOU""",us.amazon.nova-pro-v1:0,YOU,match,the title text on the poster matches the catalog listing,
1709191,Contagious Story - The Psychic Girl,us.amazon.nova-pro-v1:0,伝染る物語 心霊少女,match,the title text on the poster matches the catalog entry,
1714149,la soga y el fuego,us.amazon.nova-pro-v1:0,,no_title_on_poster,there is no visible title text on the poster,
1719450,Улыбка,us.amazon.nova-pro-v1:0,,no_title_on_poster,no title text present on the image,
1721286,Dry Pond For narcissus,us.amazon.nova-pro-v1:0,,no_title_on_poster,there is no visible title text on the image,
1722717,Gore,us.amazon.nova-pro-v1:0,GORE,match,The title 'GORE' is clearly visible in the center of the image.,
1729035,Violent World News,us.amazon.nova-pro-v1:0,,no_title_on_poster,there is no visible title text on the poster,
1732619,Cuentos de la Villa: La Tarde de los Muertos Vivos,us.amazon.nova-pro-v1:0,LA TARDE DE LOS MUERTOS VIVOS,match,the title on the poster matches the catalog entry,
1737197,Myrrh Meridian,us.amazon.nova-pro-v1:0,,no_title_on_poster,no title text present on the poster,
1742507,Wolo Hunter,us.amazon.nova-pro-v1:0,,no_title_on_poster,there is no visible title text on the image,
13742,Satan,us.amazon.nova-pro-v1:0,SHEITAN,mismatch,"the title on the poster is 'SHEITAN', not 'Satan'",
21797,The Wig,us.amazon.nova-pro-v1:0,WIG,mismatch,the title text on the poster is not the same as the cataloged title,
30405,Space Psychos 4,us.amazon.nova-pro-v1:0,,no_title_on_poster,There is no visible title text on the poster.,
48581,The Sandman,us.amazon.nova-pro-v1:0,the sandman,match,the title text on the poster matches the catalog listing,
57812,51,us.amazon.nova-pro-v1:0,51,match,the title text on the poster matches the catalog listing,
81990,Cellular Girlfriends,us.amazon.nova-pro-v1:0,电話女會,mismatch,the title text on the poster does not match the catalog entry,
90338,Fiend,us.amazon.nova-pro-v1:0,Fiend,match,The title 'Fiend' is clearly visible on the poster.,
126830,Li'l Spider Girl,us.amazon.nova-pro-v1:0,Arachne,mismatch,"The title on the poster is 'Arachne', not 'Li'l Spider Girl'",
152810,Moonnamathoral,us.amazon.nova-pro-v1:0,Moonnamathoral,match,The title text on the poster matches the catalog listing.,
194809,Anandabhadram,us.amazon.nova-pro-v1:0,anandhabhadram,match,the title text on the poster matches the catalog entry,
235348,100 Years of Torture: The History,us.amazon.nova-pro-v1:0,百年拷问,mismatch,the title text on the poster does not match the catalog entry,
250574,Creep,us.amazon.nova-pro-v1:0,CREEP,match,the title text on the poster matches the catalog listing,
259512,The Devil´s Weed,us.amazon.nova-pro-v1:0,,no_title_on_poster,there is no title text present on the image,
270294,Erotic Witchcraft,us.amazon.nova-pro-v1:0,,no_title_on_poster,no title text present on the poster,
287279,The Missing Bride,us.amazon.nova-pro-v1:0,,no_title_on_poster,there is no title text on the poster,
308037,Vanadevatha,us.amazon.nova-pro-v1:0,vanadevatha,match,the title text on the poster matches the catalog listing,
318931,The Witches,us.amazon.nova-pro-v1:0,,no_title_on_poster,there is no title text present on the poster,
328091,The Eternal Present,us.amazon.nova-pro-v1:0,,no_title_on_poster,there is no title text on the poster,
333866,The Man Who Became Coffee,us.amazon.nova-pro-v1:0,,no_title_on_poster,there is no title text on the image,
343886,Sweet Spirits of the Nighter,us.amazon.nova-pro-v1:0,,no_title_on_poster,there is no title text visible on the image,
353484,La chevelure,us.amazon.nova-pro-v1:0,,no_title_on_poster,there is no title text present on the poster,
369819,Sowkarpettai,us.amazon.nova-pro-v1:0,,no_title_on_poster,there is no title text present on the poster,
378020,Recluse,us.amazon.nova-pro-v1:0,,no_title_on_poster,there is no visible title text on the poster,
388994,Ayla,us.amazon.nova-pro-v1:0,Ayla,match,the title text on the poster matches the cataloged movie name,
396493,Creep 2,us.amazon.nova-pro-v1:0,CREEP 2,match,the title text on the poster matches the catalog exactly,
401714,The Carnivore,us.amazon.nova-pro-v1:0,,no_title_on_poster,no legible title text found on the poster,
412102,Nenjam Marappathillai,us.amazon.nova-pro-v1:0,Nenjam Marappathillai,match,the title text on the poster matches the catalog entry,
422406,Red Account: My Bloody Angel,us.amazon.nova-pro-v1:0,裕の言言のてはないにないなあんのに,mismatch,the title text on the poster does not match the catalog listing,
431109,Inhumanwich!,us.amazon.nova-pro-v1:0,INHUMANWICH!,match,the title text on the poster matches the catalog listing,
443538,A Strange Case,us.amazon.nova-pro-v1:0,,no_title_on_poster,there is no title text present on the poster,
448194,Pyewacket,us.amazon.nova-pro-v1:0,PYEWACKET,match,the title text on the poster matches the catalog listing,
452472,Insomnia,us.amazon.nova-pro-v1:0,INSOMNIE,mismatch,"the title is written as 'INSOMNIE', not 'Insomnia'",
462652,Alan,us.amazon.nova-pro-v1:0,,no_title_on_poster,There is no visible title text on the poster.,
467882,Rakthavira,us.amazon.nova-pro-v1:0,,no_title_on_poster,there is no title text present on the poster,
475899,Winston,us.amazon.nova-pro-v1:0,,no_title_on_poster,there is no title text present on the poster,
480463,V,us.amazon.nova-pro-v1:0,V,match,The title text on the poster matches the catalog listing.,
483178,Story of the Eye,us.amazon.nova-pro-v1:0,,no_title_on_poster,there is no title text on the poster,
484499,Keep Out of Danger,us.amazon.nova-pro-v1:0,,no_title_on_poster,no title text present on the poster,
487857,Forest Murmurs,us.amazon.nova-pro-v1:0,,no_title_on_poster,there is no visible title text on the poster,
496292,Umbilical Glue,us.amazon.nova-pro-v1:0,Umbilical Glue,match,The title text on the poster matches the catalog listing.,
505695,Splatter Movie,us.amazon.nova-pro-v1:0,,no_title_on_poster,there is no title text present on the poster,
508495,Lovesick,us.amazon.nova-pro-v1:0,,no_title_on_poster,there is no visible title text on the poster,
514591,Autopsy,us.amazon.nova-pro-v1:0,,no_title_on_poster,there is no title text visible on the poster,
517419,Salvatore,us.amazon.nova-pro-v1:0,,no_title_on_poster,there is no visible title text on the poster,
524537,Cursed Part 3,us.amazon.nova-pro-v1:0,,no_title_on_poster,there is no title text present on the poster,
528470,The Mystery of the Rabbit's Death,us.amazon.nova-pro-v1:0,,no_title_on_poster,there is no title text on the image,
530571,Asoko no seki,us.amazon.nova-pro-v1:0,asoko no seki,match,the title text on the poster matches the catalog entry,
535562,The Perfect Fishplate,us.amazon.nova-pro-v1:0,,no_title_on_poster,no title text present on the image,
543802,The Long Wash,us.amazon.nova-pro-v1:0,,no_title_on_poster,there is no visible title text on the poster,
550300,Elfen Lied Special,us.amazon.nova-pro-v1:0,elfen lied,match,the title text on the poster matches the catalog entry,
555694,Road Meat,us.amazon.nova-pro-v1:0,meat,mismatch,the title on the poster is incomplete or unclear,
559934,Svetimkunis,us.amazon.nova-pro-v1:0,,no_title_on_poster,there is no title text present on the poster,
566417,Cavity,us.amazon.nova-pro-v1:0,,no_title_on_poster,there is no title text on the poster,
571931,Blood,us.amazon.nova-pro-v1:0,,no_title_on_poster,No legible title text is present on the poster.,
580806,We're Still Here,us.amazon.nova-pro-v1:0,,no_title_on_poster,There is no visible title text on the poster.,
586727,Exorcist,us.amazon.nova-pro-v1:0,,no_title_on_poster,no title text present on the poster,
593676,The Legacy,us.amazon.nova-pro-v1:0,,no_title_on_poster,no title text present on the poster,
603943,The Well in the Woods,us.amazon.nova-pro-v1:0,,no_title_on_poster,there is no title text present on the poster,
607740,Skin of Man,us.amazon.nova-pro-v1:0,,no_title_on_poster,There is no visible title text on the poster.,
613506,Festival of the Sacrifice,us.amazon.nova-pro-v1:0,,no_title_on_poster,No title text is visible on the poster.,
623520,Z,us.amazon.nova-pro-v1:0,Z,match,the title text on the poster matches the cataloged film title,
634341,20.02.80,us.amazon.nova-pro-v1:0,,no_title_on_poster,no legible title text present on the image,
639730,Cloud Shadows,us.amazon.nova-pro-v1:0,,no_title_on_poster,there is no visible title text on the poster,
643393,3AM,us.amazon.nova-pro-v1:0,,no_title_on_poster,there is no title text present on the image,
648957,Silhouette,us.amazon.nova-pro-v1:0,,no_title_on_poster,No title text is visible on the poster.,
653537,Whispers,us.amazon.nova-pro-v1:0,,no_title_on_poster,no legible title text present on the poster,
659756,Service,us.amazon.nova-pro-v1:0,,no_title_on_poster,no title text present on the poster,
664483,The Crow and The Raven,us.amazon.nova-pro-v1:0,,no_title_on_poster,There is no visible title text on the image.,
668184,Luzern Viper,us.amazon.nova-pro-v1:0,,no_title_on_poster,no title text present on the poster,
673850,The Clown Statue,us.amazon.nova-pro-v1:0,,no_title_on_poster,there is no title text on the poster,
676297,Smile Guide 5 - How To Properly Phone,us.amazon.nova-pro-v1:0,,no_title_on_poster,there is no title text present on the poster,
681198,The Great Muta: The Origin Of The Demon,us.amazon.nova-pro-v1:0,,no_title_on_poster,"the image shows a person's face, not a movie poster",
689918,Cursed One-Piece,us.amazon.nova-pro-v1:0,呪いのワンピース,match,the title text on the poster matches the catalog listing,
690137,CPR,us.amazon.nova-pro-v1:0,,no_title_on_poster,There is no visible title text on the image.,
693582,Fate,us.amazon.nova-pro-v1:0,,no_title_on_poster,No title text is visible on the poster.,
696138,The Philosophy of Horror (Part I): Etymology,us.amazon.nova-pro-v1:0,,no_title_on_poster,there is no visible title text on the poster,
707786,O is for Orgasm,us.amazon.nova-pro-v1:0,,no_title_on_poster,there is no visible title text on the poster,
719279,The Afterlife Wanderer,us.amazon.nova-pro-v1:0,,no_title_on_poster,no title text present on the image,
723531,Adult Swim ID ‘Mr. Pickles’,us.amazon.nova-pro-v1:0,,no_title_on_poster,There is no visible title text on the poster.,
726239,Dead,us.amazon.nova-pro-v1:0,DEAD,match,the title text on the poster matches the cataloged film name,
728876,X is for XXL,us.amazon.nova-pro-v1:0,,no_title_on_poster,there is no title text present on the poster,
731803,The Murder Rabbit,us.amazon.nova-pro-v1:0,,no_title_on_poster,There is no visible title text on the image.,
735514,Actual Case History,us.amazon.nova-pro-v1:0,,no_title_on_poster,No title text is visible on the poster.,
741808,The Truth of Grimm Brother's Fairy Tales,us.amazon.nova-pro-v1:0,,no_title_on_poster,No English title text visible on the poster.,
745282,Prey,us.amazon.nova-pro-v1:0,PREY,match,the title text on the poster matches the cataloged film title,
748694,Civilize,us.amazon.nova-pro-v1:0,,no_title_on_poster,There is no visible title text on the poster.,
751418,Cabal,us.amazon.nova-pro-v1:0,,no_title_on_poster,no title text present on the poster,
754758,The Mystic,us.amazon.nova-pro-v1:0,,no_title_on_poster,no legible title text found on the poster,
759753,I Ride My Bike When the Air is Crispy,us.amazon.nova-pro-v1:0,,no_title_on_poster,There is no visible title text on the poster.,
762826,TRIANGLE,us.amazon.nova-pro-v1:0,,no_title_on_poster,there is no visible title text on the poster,
765190,The Starey Bampire,us.amazon.nova-pro-v1:0,,no_title_on_poster,there is no title text present on the poster,
769303,A Vida de Um Homem Só,us.amazon.nova-pro-v1:0,,no_title_on_poster,There is no visible title text on the poster.,
771390,Macabre Night,us.amazon.nova-pro-v1:0,NOITE MACABRA,mismatch,the title text on the poster is different from the catalog listing,
775857,Decent Work,us.amazon.nova-pro-v1:0,,no_title_on_poster,There is no visible title text on the poster.,
782676,Plane Jane,us.amazon.nova-pro-v1:0,,no_title_on_poster,there is no title text present on the poster,
789581,BUNKER,us.amazon.nova-pro-v1:0,,no_title_on_poster,there is no title text on the image,
792672,Disappearance,us.amazon.nova-pro-v1:0,,no_title_on_poster,there is no visible title text on the poster,
796010,Birds Dream,us.amazon.nova-pro-v1:0,,no_title_on_poster,there is no title text on the poster,
797425,Beowulf,us.amazon.nova-pro-v1:0,,no_title_on_poster,There is no visible title text on the poster.,
799177,Bhediya,us.amazon.nova-pro-v1:0,,,,"HTTPSConnectionPool(host='image.tmdb.org', port=443): Read timed out."
802870,Finger Food,us.amazon.nova-pro-v1:0,,no_title_on_poster,There is no visible title text on the poster.,
809962,The Binding Box,us.amazon.nova-pro-v1:0,,no_title_on_poster,there is no title text present on the poster,
812983,The Fly Papers: The Buzz on Hollywood's Scariest Insect,us.amazon.nova-pro-v1:0,,no_title_on_poster,There is no visible title text on the poster.,
817814,A good Day Fan Film,us.amazon.nova-pro-v1:0,,no_title_on_poster,There is no visible title text on the poster.,
825344,Rats in the Walls,us.amazon.nova-pro-v1:0,,no_title_on_poster,there is no title text visible on the poster,
828143,El diablo,us.amazon.nova-pro-v1:0,,no_title_on_poster,no legible title text found on the poster,
832543,VideoDome Rent-O-Rama,us.amazon.nova-pro-v1:0,,no_title_on_poster,the image is too abstract to discern any text,
838353,Detektive Thumb and The Infinity House,us.amazon.nova-pro-v1:0,DETEKTIVE THUMB AND THE INFINITY HOUSE,match,the title on the poster matches the catalog,
843898,She Came from the Woods,us.amazon.nova-pro-v1:0,SHE CAME FROM THE WOODS,match,the title text on the poster matches the catalog listing,
849273,You Are Not Alone,us.amazon.nova-pro-v1:0,,no_title_on_poster,No title text is present on the poster.,
850539,Nihon Meisaku Kaidan Gekijō: Kōya Hijiri,us.amazon.nova-pro-v1:0,,no_title_on_poster,there is no title text present on the image,
854113,DIODEs,us.amazon.nova-pro-v1:0,,no_title_on_poster,there is no legible title text on the poster,
856613,Pillywag's Mansion,us.amazon.nova-pro-v1:0,,no_title_on_poster,there is no title text visible on the poster,
861418,Dr Sander´s Hour of Horror,us.amazon.nova-pro-v1:0,,no_title_on_poster,there is no title text present on the poster,
870531,Scopaesthesia,us.amazon.nova-pro-v1:0,,no_title_on_poster,There is no visible title text on the poster.,
875522,Journey Beyond the Night,us.amazon.nova-pro-v1:0,"夜
の
彼
方
へ",mismatch,the title text on the poster does not match the cataloged title,
878853,There Can Only Be One,us.amazon.nova-pro-v1:0,,no_title_on_poster,no title text present on the image,
882502,Three Hos One Street,us.amazon.nova-pro-v1:0,,no_title_on_poster,there is no title text present on the image,
888827,Boutique Fantasque,us.amazon.nova-pro-v1:0,,no_title_on_poster,no title text present on the poster,
893955,Vanam,us.amazon.nova-pro-v1:0,vanam,match,the title text on the poster matches the catalog entry,
899298,Undying,us.amazon.nova-pro-v1:0,Undying,match,The title text on the poster matches the catalog listing.,
911354,Scarlet Demon,us.amazon.nova-pro-v1:0,红魂の鬼物,match,the title text on the poster matches the catalog entry,
918045,El Sexto,us.amazon.nova-pro-v1:0,6,mismatch,"the number 6 is visible, not 'El Sexto'",
926370,5+Camera,us.amazon.nova-pro-v1:0,,no_title_on_poster,there is no title text present on the poster,
931341,Ring Around the Rosie,us.amazon.nova-pro-v1:0,,no_title_on_poster,There is no visible title text on the poster.,
934698,And They Saw a Great Sign In Heaven,us.amazon.nova-pro-v1:0,,no_title_on_poster,no title text present on the poster,
938671,Who are we?,us.amazon.nova-pro-v1:0,,no_title_on_poster,There is no visible title text on the poster.,
942236,A Walk Through the Woods (Remake),us.amazon.nova-pro-v1:0,,no_title_on_poster,there is no title text present on the poster,
945423,Induvadana,us.amazon.nova-pro-v1:0,Induvadana,match,the title text on the poster matches the cataloged film name,
950823,Chase,us.amazon.nova-pro-v1:0,,no_title_on_poster,There is no visible title text on the poster.,
955066,Babajanja,us.amazon.nova-pro-v1:0,,no_title_on_poster,There is no visible title text on the movie poster.,
959233,The Honeymoon,us.amazon.nova-pro-v1:0,,no_title_on_poster,there is no title text present on the poster,
964181,The Family and the Zombie,us.amazon.nova-pro-v1:0,,no_title_on_poster,There is no visible title text on the image.,
967816,オピオイドリガンド,us.amazon.nova-pro-v1:0,,no_title_on_poster,there is no visible title text on the image,
973970,Deathday,us.amazon.nova-pro-v1:0,,no_title_on_poster,there is no title text present on the poster,
977630,Gott ist gut zu dir,us.amazon.nova-pro-v1:0,,no_title_on_poster,No title text is visible on the poster.,
977650,Deep Glass,us.amazon.nova-pro-v1:0,,no_title_on_poster,there is no visible title text on the poster,
982305,The Hands,us.amazon.nova-pro-v1:0,,no_title_on_poster,there is no title text present on the poster,
985814,Falling Asleep,us.amazon.nova-pro-v1:0,,no_title_on_poster,there is no title text present on the poster,
992286,The Angst,us.amazon.nova-pro-v1:0,,no_title_on_poster,no title text present on the image,
995593,Transmission 23: The Return,us.amazon.nova-pro-v1:0,no_title_on_poster,no_title_on_poster,There is no title text visible on the poster.,
1001297,Underlife,us.amazon.nova-pro-v1:0,,no_title_on_poster,there is no visible title text on the poster,
1008870,Sole Of A Salesman,us.amazon.nova-pro-v1:0,,no_title_on_poster,there is no visible title text on the image,
1015327,PHANTOM DIALECT: A Road to Acceptance,us.amazon.nova-pro-v1:0,,no_title_on_poster,There is no visible title text on the poster.,
1017732,Debris,us.amazon.nova-pro-v1:0,DEBRIS,match,the title text on the poster matches the catalog entry,
1023184,Deluge,us.amazon.nova-pro-v1:0,,no_title_on_poster,there is no visible title text on the poster,
1027629,The Elevator,us.amazon.nova-pro-v1:0,,no_title_on_poster,No title text is visible on the poster.,
1031828,The Sadistic Tragedy of Blue Rose Mansion,us.amazon.nova-pro-v1:0,藍薔薇悲劇,mismatch,the title on the poster is different from the catalog listing,
1038711,Red Flooded You,us.amazon.nova-pro-v1:0,,no_title_on_poster,there is no visible title text on the poster,
1042835,Slains,us.amazon.nova-pro-v1:0,,no_title_on_poster,there is no visible title text on the image,
1048149,Don Cheadle is Captain Planet - Part 3,us.amazon.nova-pro-v1:0,,no_title_on_poster,there is no visible title text on the poster,
1049946,Tokyo Videos of Horror 25,us.amazon.nova-pro-v1:0,恐怖の東京ビデオ25,match,The title 'Tokyo Videos of Horror 25' matches the text on the poster.,
1054958,Last Known Interview With Zachary Weinstein (100 Years Old),us.amazon.nova-pro-v1:0,,no_title_on_poster,there is no visible title text on the image,
1063055,T Is for Twig,us.amazon.nova-pro-v1:0,,no_title_on_poster,there is no title text present on the poster,
1068449,Kôzuki Yaya: CLONEz,us.amazon.nova-pro-v1:0,CLONE,mismatch,"the title on the poster is 'CLONE', not 'Kôzuki Yaya: CLONEz'",
1076001,Inc.,us.amazon.nova-pro-v1:0,,no_title_on_poster,there is no title text on the poster,
1078453,Sacrificial Birth,us.amazon.nova-pro-v1:0,,no_title_on_poster,no title text present on the image,
1080732,Honto ni Atta Noroi no Eizo: Urami,us.amazon.nova-pro-v1:0,怨み,mismatch,the title text on the poster does not match the cataloged title,
1083816,Haunted,us.amazon.nova-pro-v1:0,HAUNTED,match,The title text on the poster matches the catalog listing.,
1087767,When the Lights Go Out,us.amazon.nova-pro-v1:0,,no_title_on_poster,There is no visible title text on the poster.,
1091671,Flying Daddy,us.amazon.nova-pro-v1:0,,no_title_on_poster,No title text is visible on the poster.,
1094329,RAW,us.amazon.nova-pro-v1:0,,no_title_on_poster,No visible title text on the poster,
1099116,Kandhei Akhire Luha,us.amazon.nova-pro-v1:0,Kandhei Akhire Luha,match,The title text on the poster matches the catalog listing.,
1103383,Fever Dream,us.amazon.nova-pro-v1:0,,no_title_on_poster,no title text present on the poster,
1108429,Innocence,us.amazon.nova-pro-v1:0,,no_title_on_poster,No title text is visible on the poster.,
1112558,Dream Therapy,us.amazon.nova-pro-v1:0,,no_title_on_poster,there is no visible title text on the poster,
1116457,Parlour,us.amazon.nova-pro-v1:0,,no_title_on_poster,The image does not contain any text that can be identified as a film title.,
1119244,The Earthbound,us.amazon.nova-pro-v1:0,"地
縛
少
年",mismatch,the title on the poster is different from the catalog title,
1121697,Neverending Night: The Making of Blair Witch,us.amazon.nova-pro-v1:0,,no_title_on_poster,There is no visible title text on the poster.,
1126310,child vini's archive,us.amazon.nova-pro-v1:0,,no_title_on_poster,there is no title text present on the poster,
1135482,"The Adventures of Dracula, the Literal Moron",us.amazon.nova-pro-v1:0,,no_title_on_poster,there is no title text present on the poster,
1141302,Election 2020: A Horror Story,us.amazon.nova-pro-v1:0,,no_title_on_poster,no title text present on the poster,
1145277,Document Super Scary Stories: Okinawa,us.amazon.nova-pro-v1:0,ドキュメント超怖い話IV 沖縄,match,the title on the poster matches the catalog entry,
1147023,Snuff Film,us.amazon.nova-pro-v1:0,,no_title_on_poster,there is no title text present on the poster,
1150696,Gendai Kaiki Hyaku Monogatari: Kaidan Tanhenshu,us.amazon.nova-pro-v1:0,現代怪奇百物語 肆之章,mismatch,the title on the poster does not match the cataloged title,
1153403,zapeo,us.amazon.nova-pro-v1:0,,no_title_on_poster,there is no visible title text on the image,
1159875,The Hump Back Angel,us.amazon.nova-pro-v1:0,,no_title_on_poster,no title text present on the poster,
1165206,Tokyo Videos of Horror 18,us.amazon.nova-pro-v1:0,東京残酷映像18,match,the title on the poster matches the catalog entry,
1169449,To Lie in a Field and Grow Old,us.amazon.nova-pro-v1:0,,no_title_on_poster,There is no visible title text on the poster.,
1172388,L4ST,us.amazon.nova-pro-v1:0,L4,mismatch,the title on the poster is not the same as the catalog title,
1173434,Bitter Fear,us.amazon.nova-pro-v1:0,直怒怒,mismatch,the title text on the poster does not match the cataloged title 'Bitter Fear',
1176999,NAILMAN³- RETURN OF THE REDEEMER,us.amazon.nova-pro-v1:0,,no_title_on_poster,no title text present on the poster,
1179790,Golden Sabai Goddess,us.amazon.nova-pro-v1:0,เทพธิดาสบายทอง,mismatch,"the title text on the poster is in thai, not english",
1181746,515,us.amazon.nova-pro-v1:0,,no_title_on_poster,The image does not contain any movie poster or title text.,
1185980,Black Forest 2,us.amazon.nova-pro-v1:0,,no_title_on_poster,there is no title text present on the poster,
1192020,Wandering Souls 2: Exploring Haunted Spots with Oda Nobunaga,us.amazon.nova-pro-v1:0,雲の際なり2　怪和夫の怪際なり,mismatch,the title on the poster does not match the catalog entry,
1198084,Amofinado,us.amazon.nova-pro-v1:0,Amofinado,match,The title text on the poster matches the catalog listing.,
1199569,Sonorité,us.amazon.nova-pro-v1:0,,no_title_on_poster,there is no visible title text on the poster,
1201202,M is for Matador,us.amazon.nova-pro-v1:0,,no_title_on_poster,there is no visible title text on the image,
1204910,The Middle Way,us.amazon.nova-pro-v1:0,,no_title_on_poster,there is no visible title text on the image,
1208355,De Weddenschap,us.amazon.nova-pro-v1:0,,no_title_on_poster,there is no title text present on the poster,
1214905,Trinil,us.amazon.nova-pro-v1:0,TRINL,match,the title text on the poster matches the cataloged film name,
1220993,Nightmare Resort,us.amazon.nova-pro-v1:0,ネイブメアーリドアスタ,mismatch,the title text on the poster does not match the cataloged film title,
1224602,Dear Joan: We're Going to Scare You to Death,us.amazon.nova-pro-v1:0,,no_title_on_poster,no title text present on the image,
1229212,Flickering Fears,us.amazon.nova-pro-v1:0,,no_title_on_poster,There is no visible title text on the poster.,
1231306,Blood Pizza,us.amazon.nova-pro-v1:0,BLOOD PIZZA,match,the title text on the poster matches the catalog listing,
1234070,Into Death,us.amazon.nova-pro-v1:0,,no_title_on_poster,There is no visible title text on the image.,
1239602,"Bernisa, jača od smrti",us.amazon.nova-pro-v1:0,,no_title_on_poster,there is no title text present on the poster,
1242905,Spiritual Tours,us.amazon.nova-pro-v1:0,霊感ツアーズ,match,the title text on the poster matches the catalog listing,
1246382,The SMILE Tapes,us.amazon.nova-pro-v1:0,,no_title_on_poster,No title text is visible on the poster.,
1249950,Submitted Spirit Video: Omnibus,us.amazon.nova-pro-v1:0,科天の静画の全表,mismatch,the title text on the poster does not match the cataloged film title,
1256728,Short Shits,us.amazon.nova-pro-v1:0,SHORT SHITS,match,the title text on the poster matches the catalog entry,
1261582,The Great London Mystery,us.amazon.nova-pro-v1:0,,no_title_on_poster,There is no visible title text on the poster.,
1263634,Don't Trust the Doll,us.amazon.nova-pro-v1:0,,no_title_on_poster,there is no title text on the image,
1267318,Sawman,us.amazon.nova-pro-v1:0,,no_title_on_poster,no title text present on the poster,
1272803,Fly Trap,us.amazon.nova-pro-v1:0,,no_title_on_poster,there is no title text present on the poster,
1279271,Deathless,us.amazon.nova-pro-v1:0,,no_title_on_poster,there is no visible title text on the poster,
1281720,The Walls Keep Talking,us.amazon.nova-pro-v1:0,,no_title_on_poster,No title text is visible on the poster.,
1284321,The Little Black Bag,us.amazon.nova-pro-v1:0,,no_title_on_poster,there is no title text present on the image,
1287440,They Call It Love,us.amazon.nova-pro-v1:0,,no_title_on_poster,there is no title text present on the poster,
1290683,Limite valicabile,us.amazon.nova-pro-v1:0,,no_title_on_poster,There is no visible title text on the poster.,
1294687,Love Bites,us.amazon.nova-pro-v1:0,,no_title_on_poster,there is no visible title text on the poster,
1298306,Tasmogor,us.amazon.nova-pro-v1:0,TASMOGOR,match,The title text on the poster matches the catalog listing.,
1301068,Songs in Misty Night,us.amazon.nova-pro-v1:0,宵夜怨曲,match,the title text on the poster matches the catalog listing,
1304868,The Tragedy of Nine Lives,us.amazon.nova-pro-v1:0,九命女,mismatch,the title on the poster does not match the cataloged title 'The Tragedy of Nine Lives',
1307267,The Sculptor's Clayground,us.amazon.nova-pro-v1:0,,no_title_on_poster,there is no visible title text on the poster,
1309467,Deus Ex Machina,us.amazon.nova-pro-v1:0,,no_title_on_poster,No title text is visible on the poster.,
1313105,file_not_found,us.amazon.nova-pro-v1:0,,no_title_on_poster,The image is too dark and unclear to read any text.,
1316334,Bird Stomach,us.amazon.nova-pro-v1:0,,no_title_on_poster,there is no title text on the poster,
1317282,The Girl from the Darkness,us.amazon.nova-pro-v1:0,雪の中の女,mismatch,the title text on the poster does not match the catalog title,
1319040,Cease to Exist,us.amazon.nova-pro-v1:0,CEASE TO EXIST,match,the title text on the poster matches the catalog listing,
1320762,SNOT,us.amazon.nova-pro-v1:0,SNOT,match,the title text on the poster matches the cataloged film title,
1321187,Lóbrego Porvenir,us.amazon.nova-pro-v1:0,,no_title_on_poster,there is no visible title text on the image,
1324108,Broken Dream,us.amazon.nova-pro-v1:0,,no_title_on_poster,No title text is present on the poster.,
1328527,Welcome To My Vibe,us.amazon.nova-pro-v1:0,,no_title_on_poster,there is no title text present on the image,
1338366,Morning Deliveries (Milkman #1),us.amazon.nova-pro-v1:0,,no_title_on_poster,there is no visible title text on the image,
1341396,Cuticule,us.amazon.nova-pro-v1:0,,no_title_on_poster,There is no visible title text on the poster.,
1353235,It Shivers,us.amazon.nova-pro-v1:0,,no_title_on_poster,There is no visible title text on the poster.,
1358152,Bad Frequencies,us.amazon.nova-pro-v1:0,,no_title_on_poster,there is no legible title text on the image,
1362905,Stiletto,us.amazon.nova-pro-v1:0,,no_title_on_poster,there is no visible title text on the poster,
1365853,Vampiros de Fontibón,us.amazon.nova-pro-v1:0,,no_title_on_poster,No title text is visible on the poster.,
1370491,Scream,us.amazon.nova-pro-v1:0,,no_title_on_poster,There is no visible title text on the poster.,
1373004,Sever,us.amazon.nova-pro-v1:0,,no_title_on_poster,there is no legible title text on the poster,
1376048,Skeleton In The Closet,us.amazon.nova-pro-v1:0,,no_title_on_poster,there is no title text present on the poster,
1377755,Settler,us.amazon.nova-pro-v1:0,,no_title_on_poster,No visible title text on the poster.,
1379737,IT Came From the Pet Shop,us.amazon.nova-pro-v1:0,,no_title_on_poster,No visible title text on the image.,
1382950,Maha Munjya,us.amazon.nova-pro-v1:0,MAHA MUNJIYA,mismatch,"the title on the poster is 'MAHA MUNJIYA', not 'MAHA MUNJYA'",
1387485,Hell Is Other People,us.amazon.nova-pro-v1:0,"""おりがはにがにくるのにのに""",mismatch,the title text on the poster does not match the cataloged film title,
1390168,Red Rocks,us.amazon.nova-pro-v1:0,,no_title_on_poster,There is no legible title text on the poster.,
1394239,Family Secrets,us.amazon.nova-pro-v1:0,,no_title_on_poster,the image does not show any title text,
1395945,Sandman,us.amazon.nova-pro-v1:0,,no_title_on_poster,there is no title text on the poster,
1399316,Blind Eye,us.amazon.nova-pro-v1:0,,no_title_on_poster,No visible title text on the poster.,
1411165,The Secret of Fowst,us.amazon.nova-pro-v1:0,,no_title_on_poster,there is no visible title text on the poster,
1415513,bourreau de travail,us.amazon.nova-pro-v1:0,,no_title_on_poster,there is no visible title text on the image,
1420249,La disparition du JAP,us.amazon.nova-pro-v1:0,,no_title_on_poster,there is no title text on the image,
1427968,Meurtre du tableau,us.amazon.nova-pro-v1:0,,no_title_on_poster,No visible title text on the poster.,
1433461,The Perry Subplot,us.amazon.nova-pro-v1:0,,no_title_on_poster,There is no visible title text on the poster.,
1435731,Gothica,us.amazon.nova-pro-v1:0,GothicA,match,The title text on the poster matches the catalog listing.,
1440321,"É isso aí, meus amigos",us.amazon.nova-pro-v1:0,,no_title_on_poster,there is no visible title text on the image,
1445379,Corpse No. 1346,us.amazon.nova-pro-v1:0,,no_title_on_poster,there is no title text present on the image,
1454100,Paying Guest,us.amazon.nova-pro-v1:0,,no_title_on_poster,No title text is present on the poster.,
1458309,a memory stuck in the mind of a withering mortal,us.amazon.nova-pro-v1:0,,no_title_on_poster,there is no title text on the poster,
1462984,Predação Noturna,us.amazon.nova-pro-v1:0,,no_title_on_poster,there is no title text present on the poster,
1466920,Recall/,us.amazon.nova-pro-v1:0,,no_title_on_poster,There is no visible title text on the poster.,
1474972,Couples Retreat,us.amazon.nova-pro-v1:0,,no_title_on_poster,there is no title text present on the poster,
1478593,The Man Who Loved Flowers,us.amazon.nova-pro-v1:0,,no_title_on_poster,No legible title text is present on the poster.,
1484291,Derrière ses yeux,us.amazon.nova-pro-v1:0,DERRIERE SES YEUX,match,the title text on the poster matches the catalog listing,
1489275,"This One, for the Lady",us.amazon.nova-pro-v1:0,,no_title_on_poster,there is no title text present on the poster,
1493908,The Dog of Sarandi Alley,us.amazon.nova-pro-v1:0,,no_title_on_poster,there is no title text present on the poster,
1496656,I Smile for 6 Minutes,us.amazon.nova-pro-v1:0,,no_title_on_poster,there is no title text present on the poster,
1499964,Gasp,us.amazon.nova-pro-v1:0,,no_title_on_poster,there is no visible title text on the poster,
1504899,Recluse,us.amazon.nova-pro-v1:0,,no_title_on_poster,No title text is visible on the poster.,
1508311,Hymenoptera,us.amazon.nova-pro-v1:0,,no_title_on_poster,there is no visible title text on the poster,
1511035,popstar,us.amazon.nova-pro-v1:0,,no_title_on_poster,there is no visible title text on the image,
1517272,Grudge: Blood-sucking higanbana calls the spirits of the dead,us.amazon.nova-pro-v1:0,,no_title_on_poster,no title text present on the poster,
1522620,Abercorn,us.amazon.nova-pro-v1:0,,no_title_on_poster,There is no visible title text on the image.,
1530814,The Monster Part 2: Hunting the Hunted,us.amazon.nova-pro-v1:0,,no_title_on_poster,there is no title text on the poster,
1536407,LES DAMES.,us.amazon.nova-pro-v1:0,,no_title_on_poster,there is no visible title text on the image,
1541593,FANTOMA,us.amazon.nova-pro-v1:0,FANTOMA,match,the title text on the poster matches the catalog listing,
1544291,BIRTH,us.amazon.nova-pro-v1:0,,no_title_on_poster,There is no visible title text on the poster.,
1546959,Bia,us.amazon.nova-pro-v1:0,Bia,match,The title 'Bia' is clearly visible on the poster.,
1548166,"Fake Documentary ""Q"": Mother",us.amazon.nova-pro-v1:0,Q,mismatch,the title text on the poster is not the same as the catalog title,
1551775,Pennywise Returns,us.amazon.nova-pro-v1:0,,no_title_on_poster,there is no title text present on the image,
1556452,The Twilight Zone Tower of Terror - Preshow,us.amazon.nova-pro-v1:0,,no_title_on_poster,no title text present on the image,
1560573,The Shoe,us.amazon.nova-pro-v1:0,,no_title_on_poster,There is no visible title text on the image.,
1565248,Dance of the Dragon,us.amazon.nova-pro-v1:0,,no_title_on_poster,There is no visible title text on the poster.,
1568579,remnants,us.amazon.nova-pro-v1:0,,no_title_on_poster,there is no title text present on the poster,
1573074,run rabbit run,us.amazon.nova-pro-v1:0,rabbit rabbit run,mismatch,the title on the poster is different from the cataloged title,
1575401,The Cult of the Antichrist,us.amazon.nova-pro-v1:0,,no_title_on_poster,No title text is present on the poster.,
1579759,Saia da minha casa,us.amazon.nova-pro-v1:0,,no_title_on_poster,there is no visible title text on the poster,
1583363,Halloween Jaune,us.amazon.nova-pro-v1:0,,no_title_on_poster,There is no visible title text on the image.,
1586663,Kamaro2,us.amazon.nova-pro-v1:0,Kamaro2,match,The title text on the poster matches the catalog listing.,
1594591,Kanimangalam Kovilakam,us.amazon.nova-pro-v1:0,kanimangalam kovilakam,match,the title text on the poster matches the catalog listing,
1598648,Enfance Plastique,us.amazon.nova-pro-v1:0,,no_title_on_poster,no title text present on the image,
1602163,Remembering Beth,us.amazon.nova-pro-v1:0,,no_title_on_poster,there is no title text present on the poster,
1604798,Neighbours,us.amazon.nova-pro-v1:0,,no_title_on_poster,There is no visible title text on the poster.,
1609285,Martwe wspomnienie,us.amazon.nova-pro-v1:0,,no_title_on_poster,There is no visible title text on the image.,
1612432,Pumpkin Song,us.amazon.nova-pro-v1:0,,no_title_on_poster,there is no title text present on the poster,
1616669,The Shed Part Two,us.amazon.nova-pro-v1:0,THE SHED 2,match,the title on the poster matches the catalog listing,
1621299,Obelisk - You're Almost Gone,us.amazon.nova-pro-v1:0,,no_title_on_poster,there is no title text on the poster,
1625531,Ovum,us.amazon.nova-pro-v1:0,,no_title_on_poster,there is no title text present on the poster,
1631706,Dirty Snow,us.amazon.nova-pro-v1:0,,no_title_on_poster,No title text is present on the poster.,
1636048,Shard,us.amazon.nova-pro-v1:0,,no_title_on_poster,there is no title text visible on the poster,
1639928,MEMORIES OF SEMIH,us.amazon.nova-pro-v1:0,,no_title_on_poster,there is no visible title text on the image,
1644269,Siren Head,us.amazon.nova-pro-v1:0,,no_title_on_poster,there is no title text present on the poster,
1649588,The Summer of '77,us.amazon.nova-pro-v1:0,,no_title_on_poster,No title text is visible on the poster.,
1653057,Memoriam,us.amazon.nova-pro-v1:0,,no_title_on_poster,The image does not contain any film poster or title text.,
1657261,Jurassic Scream,us.amazon.nova-pro-v1:0,,no_title_on_poster,There is no visible title text on the poster.,
1660738,Glückskeks,us.amazon.nova-pro-v1:0,,no_title_on_poster,No visible title text on the poster.,
1663914,"Screaming, Laughing",us.amazon.nova-pro-v1:0,,no_title_on_poster,there is no visible title text on the poster,
1667911,Sonder,us.amazon.nova-pro-v1:0,S D O N E R,mismatch,the title on the poster is not the same as the catalog title,
1673365,The Horror Attraction,us.amazon.nova-pro-v1:0,,no_title_on_poster,No legible title text is present on the poster.,
1679260,"Figlio mio, mi dispiace",us.amazon.nova-pro-v1:0,,no_title_on_poster,there is no title text on the poster,
1686571,Henry Eats,us.amazon.nova-pro-v1:0,,no_title_on_poster,There is no visible title text on the poster.,
1690141,UGLY,us.amazon.nova-pro-v1:0,,no_title_on_poster,there is no visible title text on the poster,
1695481,Saunaaeg,us.amazon.nova-pro-v1:0,,no_title_on_poster,there is no title text present on the poster,
1699637,Siren,us.amazon.nova-pro-v1:0,,no_title_on_poster,no title text present on the poster,
1701856,50 Odd Foot of Shit,us.amazon.nova-pro-v1:0,,no_title_on_poster,There is no visible title text on the poster.,
1707590,I'm insane,us.amazon.nova-pro-v1:0,,no_title_on_poster,no legible title text present on the artwork,
1711214,M Is for Midget,us.amazon.nova-pro-v1:0,M,mismatch,"the poster only shows the letter 'M', not the full title",
1715221,The Staircase,us.amazon.nova-pro-v1:0,,no_title_on_poster,There is no visible title text on the image.,
1720065,"CALM, the Last Tale of Horacio Quiroga",us.amazon.nova-pro-v1:0,,no_title_on_poster,there is no visible title text on the poster,
1721495,Depois Daquela Festa,us.amazon.nova-pro-v1:0,,no_title_on_poster,no legible title text on the image,
1723316,Oil & Water,us.amazon.nova-pro-v1:0,,no_title_on_poster,there is no title text present on the poster,
1730756,Folk Mysteries Record (宋家镇怪谈),us.amazon.nova-pro-v1:0,武品幻怪誤詳,match,the title text on the poster matches the catalog entry,
1732979,I Dreamed About It,us.amazon.nova-pro-v1:0,,no_title_on_poster,there is no visible title text on the poster,
1737996,Barco de Fogo,us.amazon.nova-pro-v1:0,,no_title_on_poster,No visible title text on the poster.,
14157,Impulse,us.amazon.nova-pro-v1:0,impulse,match,the title text on the poster matches the catalog listing,
22033,Cry of the Banshee,us.amazon.nova-pro-v1:0,of the cry banshee,mismatch,the title on the poster is not an exact match to the cataloged film title,
31116,Zaat,us.amazon.nova-pro-v1:0,ZAAT,match,the title text on the poster matches the catalog listing,
48636,Nekromantik 2,us.amazon.nova-pro-v1:0,NEKROmantik 2,match,the title on the poster matches the catalog entry,
57961,Slashers,us.amazon.nova-pro-v1:0,SLASHERS,match,the title text on the poster matches the cataloged film name,
83172,Spawn of the Slithis,us.amazon.nova-pro-v1:0,Slithis,mismatch,"The title on the poster is 'Slithis', not 'Spawn of the Slithis'",
94545,The Bushwhacker,us.amazon.nova-pro-v1:0,the bushwhacker,match,the title text on the poster matches the catalog listing,
128519,In the Name of the Devil,us.amazon.nova-pro-v1:0,,no_title_on_poster,No title text is visible on the poster.,
161160,When Twilight Draws Near,us.amazon.nova-pro-v1:0,,no_title_on_poster,The title text is not in a recognizable script for me to read.,
200402,Prema Katha Chitram,us.amazon.nova-pro-v1:0,prema katha chirram,match,the title text matches the catalog entry,
237449,Four,us.amazon.nova-pro-v1:0,4,match,"the number 4 is prominently displayed, which matches the catalog title 'Four'",
250883,Nak,us.amazon.nova-pro-v1:0,nak,match,the title text on the poster matches the catalog listing,
260704,Birthright,us.amazon.nova-pro-v1:0,生死,mismatch,the title text on the poster does not match the cataloged film title 'Birthright',
270478,Konthayum Poonoolum,us.amazon.nova-pro-v1:0,konthayum poonoolum,match,the title text on the poster matches the catalog entry,
287311,Beloved Sister,us.amazon.nova-pro-v1:0,,no_title_on_poster,no title text present on the poster,
308259,RE,us.amazon.nova-pro-v1:0,,no_title_on_poster,there is no title text present on this poster,
319178,Hatanosuke and the Haunted House,us.amazon.nova-pro-v1:0,怪談お化け屋敷,match,the title text matches the catalog listing,
328141,I Am Your Grandma,us.amazon.nova-pro-v1:0,,no_title_on_poster,there is no title text present on the poster,
335650,Impurity,us.amazon.nova-pro-v1:0,impurity,match,the title text on the poster matches the catalog listing,
344161,Frankenstein,us.amazon.nova-pro-v1:0,,no_title_on_poster,there is no title text present on the poster,
354506,Pulse,us.amazon.nova-pro-v1:0,pulse,match,the title text on the poster matches the catalog listing,
370067,Vidayutham,us.amazon.nova-pro-v1:0,Vidayutham,match,The title 'Vidayutham' is clearly visible on the poster.,
381283,mother!,us.amazon.nova-pro-v1:0,mother!,match,the title text on the poster matches the catalog listing,
390674,Female Harakiri: Glorious Death,us.amazon.nova-pro-v1:0,女性・腹切り 輝ける死,match,the title text on the poster matches the catalog entry,
396550,Sickhouse,us.amazon.nova-pro-v1:0,SICKHOU,mismatch,the title text is missing the letter 'S' at the end,
402721,Lollipop,us.amazon.nova-pro-v1:0,Lollipop,match,The title text on the poster matches the catalog listing.,
412333,Mohini,us.amazon.nova-pro-v1:0,BLD̄M̄,mismatch,the title on the poster is not 'Mohini',
422947,Snow Woman,us.amazon.nova-pro-v1:0,雪女,match,the title text on the poster matches the catalog listing,
432916,The Ghost Photo Club,us.amazon.nova-pro-v1:0,假面騎士鎧武,mismatch,the title text on the poster does not match the cataloged film title,
444483,Vassalord.,us.amazon.nova-pro-v1:0,,no_title_on_poster,There is no visible title text on the poster.,
450157,Urban Spirit Legend: Psychic Factory,us.amazon.nova-pro-v1:0,都市灵异传 心灵工厂,match,the title text matches the catalog entry,
452900,The Cave of the Silken Web II,us.amazon.nova-pro-v1:0,,no_title_on_poster,there is no title text present on the poster,
463532,Raktharakshassu,us.amazon.nova-pro-v1:0,Raktharakshassu 3D,match,the title text on the poster matches the catalog entry,
468014,Mythily Veendum Varunnu...,us.amazon.nova-pro-v1:0,mythily veendum varunnu,match,the title text on the poster matches the catalog entry,
476524,Mister Popular,us.amazon.nova-pro-v1:0,ST PU,mismatch,the text on the poster does not match the cataloged film title,
480529,Popstars,us.amazon.nova-pro-v1:0,popstars,match,the title text on the poster matches the catalog entry,
483417,Dark Side of the Light,us.amazon.nova-pro-v1:0,光の闇,mismatch,the title text on the poster does not match the cataloged film title,
484561,Vore,us.amazon.nova-pro-v1:0,,no_title_on_poster,no title text present on the poster,
488513,House of Evil,us.amazon.nova-pro-v1:0,,no_title_on_poster,no title text present on the image,
497908,Submersion,us.amazon.nova-pro-v1:0,,no_title_on_poster,there is no visible title text on the poster,
506952,Raydon,us.amazon.nova-pro-v1:0,RAYDON,match,The title text on the poster matches the catalog listing.,
510552,Soon You Will Be Gone,us.amazon.nova-pro-v1:0,,no_title_on_poster,there is no visible title text on the poster,
515376,Odokuro,us.amazon.nova-pro-v1:0,,no_title_on_poster,There is no visible title text on the poster.,
517425,The Sad Man,us.amazon.nova-pro-v1:0,,no_title_on_poster,There is no visible title text on the poster.,
525490,Shadowland,us.amazon.nova-pro-v1:0,SHADOWLAND,match,the title text on the poster matches the cataloged movie name,
529087,Taoist from the Mountains,us.amazon.nova-pro-v1:0,道士下山,mismatch,"the title on the poster is in chinese characters, not matching the english title provided",
530670,Barbeque,us.amazon.nova-pro-v1:0,,no_title_on_poster,there is no title text present on the poster,
536026,Trunk,us.amazon.nova-pro-v1:0,308,mismatch,the title on the poster is not 'Trunk',
544711,Benito Tilmann: O Pior Cineasta do Mundo,us.amazon.nova-pro-v1:0,,no_title_on_poster,no title text present on the image,
552344,Emma,us.amazon.nova-pro-v1:0,,no_title_on_poster,there is no title text present on the poster,
556463,Anemia,us.amazon.nova-pro-v1:0,,no_title_on_poster,there is no visible title text on the poster,
563197,Le livre muet,us.amazon.nova-pro-v1:0,,no_title_on_poster,no title text present on the image,
566627,Venga Monjas: Malviviendo,us.amazon.nova-pro-v1:0,,no_title_on_poster,there is no title text visible on the poster,
572600,Boys Night,us.amazon.nova-pro-v1:0,,no_title_on_poster,there is no title text present on the poster,
581235,Spooktown II,us.amazon.nova-pro-v1:0,,no_title_on_poster,there is no title text present on the image,
588856,Home Sweet Home,us.amazon.nova-pro-v1:0,,no_title_on_poster,No title text is present on the poster.,
594274,Vampire,us.amazon.nova-pro-v1:0,,no_title_on_poster,no title text present on the poster,
604350,Life in Death,us.amazon.nova-pro-v1:0,,no_title_on_poster,no title text present on the image,
609080,The Phantom Violin,us.amazon.nova-pro-v1:0,,no_title_on_poster,there is no title text present on the poster,
613515,The Pencil,us.amazon.nova-pro-v1:0,,,,"HTTPSConnectionPool(host='image.tmdb.org', port=443): Read timed out."
625213,The Faceless Man,us.amazon.nova-pro-v1:0,THE FACELESS MAN,match,the title text on the poster matches the catalog entry,
635040,Xenia: Priestess of Night,us.amazon.nova-pro-v1:0,,no_title_on_poster,There is no visible title text on the poster.,
640291,Je suis de trop,us.amazon.nova-pro-v1:0,,no_title_on_poster,there is no title text present on the poster,
643395,The Butcher Man,us.amazon.nova-pro-v1:0,,no_title_on_poster,There is no visible title text on the poster.,
649219,Sock 5: Three Skins Without Men,us.amazon.nova-pro-v1:0,,no_title_on_poster,No visible title text on the poster.,
655046,Hi or Coughing,us.amazon.nova-pro-v1:0,,no_title_on_poster,There is no visible title text on the image.,
659822,VI,us.amazon.nova-pro-v1:0,VI,match,The title 'VI' is clearly visible on the poster.,
664527,Solar Deity,us.amazon.nova-pro-v1:0,,no_title_on_poster,There is no visible title text on the image.,
668385,The Erl King,us.amazon.nova-pro-v1:0,,no_title_on_poster,there is no visible title text on the poster,
674382,NONOMNIBUSDORMIO,us.amazon.nova-pro-v1:0,,no_title_on_poster,There is no visible title text on the poster.,
676299,Smile Guide 6 - How Your Child,us.amazon.nova-pro-v1:0,,no_title_on_poster,no legible title text found on the image,
684478,Mushroom Melody - A Ballad In Rhythm Jeans,us.amazon.nova-pro-v1:0,,no_title_on_poster,There is no visible title text on the poster.,
690122,Beauty Is in the Details,us.amazon.nova-pro-v1:0,,no_title_on_poster,no title text present on the poster,
690138,Broken Heart,us.amazon.nova-pro-v1:0,,,,"HTTPSConnectionPool(host='image.tmdb.org', port=443): Read timed out."
693840,Hell's Bells,us.amazon.nova-pro-v1:0,,no_title_on_poster,There is no visible title text on the poster.,
697402,Zombie Attack,us.amazon.nova-pro-v1:0,ZOMBIE ATTACK,match,The title text on the poster matches the catalog listing.,
708591,8cho,us.amazon.nova-pro-v1:0,8cho,match,The title text on the poster matches the catalog listing.,
719280,Fanga,us.amazon.nova-pro-v1:0,,no_title_on_poster,there is no title text present on the poster,
724774,Devil Eyes,us.amazon.nova-pro-v1:0,,no_title_on_poster,There is no visible title text on the image.,
726333,The Bride of Frankenstein,us.amazon.nova-pro-v1:0,,no_title_on_poster,there is no title text present on the poster,
729565,The Tiller,us.amazon.nova-pro-v1:0,the tiller,match,the title text on the poster matches the catalog entry,
732136,Miporin,us.amazon.nova-pro-v1:0,,no_title_on_poster,no title text present on the poster,
735951,Matroshka: Dolls of Doom,us.amazon.nova-pro-v1:0,,no_title_on_poster,there is no title text present on the poster,
742327,The Devil Had Other Plans (Act I),us.amazon.nova-pro-v1:0,,no_title_on_poster,there is no visible title text on the poster,
745328,The urine crazed corpse catchers,us.amazon.nova-pro-v1:0,,no_title_on_poster,there is no visible title text on the poster,
749380,Grundy the Meat Man,us.amazon.nova-pro-v1:0,,no_title_on_poster,No title text is visible on the poster.,
752819,Blood Bath,us.amazon.nova-pro-v1:0,BLOOD BATH,match,The title text on the poster matches the catalog listing.,
754777,The Devil and Tom Walker and Me,us.amazon.nova-pro-v1:0,,no_title_on_poster,There is no visible title text on the poster.,
761055,Embedded,us.amazon.nova-pro-v1:0,,no_title_on_poster,There is no visible title text on the poster.,
762838,UNICORN,us.amazon.nova-pro-v1:0,,no_title_on_poster,There is no visible title text on the poster.,
765193,Booklovers,us.amazon.nova-pro-v1:0,,no_title_on_poster,No title text is visible on the poster.,
769804,The Color From Beyond 【GEMSTONE Horror Entry】,us.amazon.nova-pro-v1:0,,no_title_on_poster,there is no title text visible on the poster,
771550,Pandemonium,us.amazon.nova-pro-v1:0,,no_title_on_poster,There is no visible title text on the poster.,
777177,Thursday: A Day in Quarantine,us.amazon.nova-pro-v1:0,,no_title_on_poster,there is no visible title text on the image,
783963,Der verlorene Schatten,us.amazon.nova-pro-v1:0,,no_title_on_poster,no title text present on the image,
789859,HER,us.amazon.nova-pro-v1:0,SIE,mismatch,the title on the poster does not match the cataloged film title,
794325,Monkey Man,us.amazon.nova-pro-v1:0,,no_title_on_poster,there is no title text present on the poster,
796057,Nanja Monja Obake,us.amazon.nova-pro-v1:0,,no_title_on_poster,No visible title text on the poster.,
797582,Norman and the Killer,us.amazon.nova-pro-v1:0,,no_title_on_poster,there is no title text present on this poster,
799364,Burn the Witch,us.amazon.nova-pro-v1:0,,no_title_on_poster,No visible title text on the poster.,
802969,Branchville,us.amazon.nova-pro-v1:0,,no_title_on_poster,There is no visible title text on the poster.,
810470,Shiro Yasha,us.amazon.nova-pro-v1:0,,no_title_on_poster,there is no visible title text on the poster,
813313,Big Octopus,us.amazon.nova-pro-v1:0,大章鱼,match,the title text on the poster matches the catalog listing,
818442,The Immigrant,us.amazon.nova-pro-v1:0,,no_title_on_poster,No legible title text is present on the poster.,
825351,Trouble,us.amazon.nova-pro-v1:0,,no_title_on_poster,there is no title text on the poster,
828651,I Stopped by Your House Last Night and The Porch Lights Swallowed Me Up,us.amazon.nova-pro-v1:0,,no_title_on_poster,no title text present on the image,
833454,Vampires Drink Blood... I Drink Sorrow,us.amazon.nova-pro-v1:0,,no_title_on_poster,there is no legible title text on the poster,
838474,Hitam,us.amazon.nova-pro-v1:0,HITAM,match,the title text on the poster matches the cataloged film title,
844386,Ghost Station,us.amazon.nova-pro-v1:0,,no_title_on_poster,no title text present on the image,
849585,Anna's Love,us.amazon.nova-pro-v1:0,,no_title_on_poster,No title text is visible on the poster.,
851731,Kumari,us.amazon.nova-pro-v1:0,kumari,match,the title on the poster matches the catalog entry,
854169,The Calls Are Coming from Inside,us.amazon.nova-pro-v1:0,,no_title_on_poster,there is no title text present on the poster,
857006,Sisters,us.amazon.nova-pro-v1:0,,no_title_on_poster,there is no title text present on the poster,
861886,Reunion Dinner,us.amazon.nova-pro-v1:0,,no_title_on_poster,No title text is present on the poster.,
871132,Evil Blood,us.amazon.nova-pro-v1:0,,no_title_on_poster,there is no visible title text on the poster,
876158,"Zogugu, Strange Tales of Curses",us.amazon.nova-pro-v1:0,,no_title_on_poster,There is no visible title text on the poster.,
878900,FLATWOODS,us.amazon.nova-pro-v1:0,,no_title_on_poster,There is no visible title text on the movie poster.,
882530,Pygmalion,us.amazon.nova-pro-v1:0,,no_title_on_poster,the image does not contain any text,
889676,Dorset,us.amazon.nova-pro-v1:0,,no_title_on_poster,no title text present on the image,
895218,Turbo-Granny,us.amazon.nova-pro-v1:0,,no_title_on_poster,There is no visible title text on the poster.,
899675,Self-Portrait,us.amazon.nova-pro-v1:0,,no_title_on_poster,there is no title text visible on the poster,
911361,Baku Yumemakura's Twilight Theatre,us.amazon.nova-pro-v1:0,,no_title_on_poster,there is no title text on the poster,
918489,Lux Æterna,us.amazon.nova-pro-v1:0,,no_title_on_poster,there is no title text on this image,
927409,The strange world of Gumball,us.amazon.nova-pro-v1:0,,no_title_on_poster,There is no visible title text on the poster.,
931652,Darkness,us.amazon.nova-pro-v1:0,,no_title_on_poster,there is no title text present on the poster,
934812,Amulet,us.amazon.nova-pro-v1:0,,no_title_on_poster,there is no title text present on the poster,
939231,WRETCHED HANDS,us.amazon.nova-pro-v1:0,,no_title_on_poster,No title text is visible on the poster.,
942364,The Haunting Fear,us.amazon.nova-pro-v1:0,,no_title_on_poster,there is no title text present on the poster,
945920,Six,us.amazon.nova-pro-v1:0,SIX,match,the title text on the poster matches the cataloged film title,
950950,Shennong Savage,us.amazon.nova-pro-v1:0,祝农里牛,match,chinese title matches catalog entry,
955204,Nikuianata,us.amazon.nova-pro-v1:0,,no_title_on_poster,There is no visible title text on the poster.,
959595,Pigman,us.amazon.nova-pro-v1:0,,no_title_on_poster,there is no title text on the image,
965847,Screaming Videotape #2,us.amazon.nova-pro-v1:0,,no_title_on_poster,there is no title text present on the poster,
967823,心タンポナーデ,us.amazon.nova-pro-v1:0,,no_title_on_poster,there is no title text present on the image,
973978,To Lay a Ghost,us.amazon.nova-pro-v1:0,,no_title_on_poster,no title text present on the image,
977633,Pig Caller,us.amazon.nova-pro-v1:0,,no_title_on_poster,there is no title text present on the poster,
977651,Ghost in the Closet,us.amazon.nova-pro-v1:0,,no_title_on_poster,No title text is present on the poster.,
982462,Felonious Bolus,us.amazon.nova-pro-v1:0,,no_title_on_poster,There is no visible title text on the poster.,
986398,El Sueño,us.amazon.nova-pro-v1:0,,no_title_on_poster,There is no visible title text on the poster.,
993299,BRUSH,us.amazon.nova-pro-v1:0,E,mismatch,the visible title text does not match the cataloged film title,
996425,Le Dernier Scoop,us.amazon.nova-pro-v1:0,,no_title_on_poster,there is no visible title text on the image,
1003471,Muchuu Tousou,us.amazon.nova-pro-v1:0,,no_title_on_poster,There is no visible title text on the poster.,
1011999,Asleep at the Switch,us.amazon.nova-pro-v1:0,,no_title_on_poster,there is no title text present on the poster,
1015370,Transfer,us.amazon.nova-pro-v1:0,,no_title_on_poster,there is no title text on the poster,
1018190,Spooked: Banshee,us.amazon.nova-pro-v1:0,,no_title_on_poster,There is no visible title text on the movie poster.,
1023253,Tales of Horror Reaching from the Darkness,us.amazon.nova-pro-v1:0,闇から届く恐怖の物語,match,the title on the poster matches the cataloged title,
1028617,The Tomb of Frankenstein,us.amazon.nova-pro-v1:0,,no_title_on_poster,no title text present on the image,
1031898,The Apartment,us.amazon.nova-pro-v1:0,,no_title_on_poster,There is no visible title text on the poster.,
1039200,Voice Over,us.amazon.nova-pro-v1:0,,no_title_on_poster,there is no title text present on the poster,
1043814,Het geheim van het slot Arco,us.amazon.nova-pro-v1:0,,no_title_on_poster,no title text present on the image,
1048156,Don Cheadle is Captain Planet - Part 4,us.amazon.nova-pro-v1:0,,no_title_on_poster,there is no visible title text on the image,
1051809,Saint-Belmont,us.amazon.nova-pro-v1:0,,no_title_on_poster,No visible title text on the movie poster.,
1056607,Spirit Box 4,us.amazon.nova-pro-v1:0,心霊4,match,The title 'Spirit Box 4' matches the Japanese characters '心霊4' on the poster.,
1065374,Path of a Demoniac,us.amazon.nova-pro-v1:0,,no_title_on_poster,there is no title text present on the image,
1071644,Nightmare,us.amazon.nova-pro-v1:0,,no_title_on_poster,There is no visible title text on the poster.,
1076352,The Puppet,us.amazon.nova-pro-v1:0,,no_title_on_poster,There is no visible title text on the poster.,
1078470,The Shifters,us.amazon.nova-pro-v1:0,,no_title_on_poster,no title text present on the poster,
1080942,Salem's Flames,us.amazon.nova-pro-v1:0,,no_title_on_poster,there is no visible title text on the poster,
1084089,My Inner Circle,us.amazon.nova-pro-v1:0,INNER CIRCLE,mismatch,the order of words is different,
1088798,Evil Night,us.amazon.nova-pro-v1:0,EVIL NIGHT,match,The title text on the poster matches the catalog listing.,
1092006,Sangre Dulce,us.amazon.nova-pro-v1:0,,no_title_on_poster,No title text is visible on the poster.,
1095001,Disco 3000,us.amazon.nova-pro-v1:0,,no_title_on_poster,there is no visible title text on the poster,
1099206,Chrysalis Red,us.amazon.nova-pro-v1:0,,no_title_on_poster,There is no visible title text on the poster.,
1103509,Resident Evil Masterpiece Theater,us.amazon.nova-pro-v1:0,バイオハザード 名作劇場,match,The title text on the poster matches the catalog listing.,
1108447,Seed,us.amazon.nova-pro-v1:0,,no_title_on_poster,there is no title text present on the poster,
1112723,Honto ni Atta Kowai Hanashi - Special 1,us.amazon.nova-pro-v1:0,,no_title_on_poster,No title text is visible on the poster.,
1116481,There is Something in My Drain,us.amazon.nova-pro-v1:0,,no_title_on_poster,no title text present on the image,
1119249,The Yellow Wallpaper,us.amazon.nova-pro-v1:0,,no_title_on_poster,There is no visible title text on the poster.,
1122140,ESPERA,us.amazon.nova-pro-v1:0,,no_title_on_poster,"The image does not contain any text, including the film title.",
1126316,Every 90s Commercial Ever,us.amazon.nova-pro-v1:0,,no_title_on_poster,There is no visible title text on the movie poster.,
1136043,O,us.amazon.nova-pro-v1:0,,no_title_on_poster,there is no visible title text on the poster,
1141754,Hunting A Pigman: Part One,us.amazon.nova-pro-v1:0,,no_title_on_poster,there is no title text on the poster,
1145501,A Gift for Toby,us.amazon.nova-pro-v1:0,,no_title_on_poster,no title text present on the poster,
1147348,Boredom,us.amazon.nova-pro-v1:0,,no_title_on_poster,"the image shows a close-up of an eye, not a movie poster",
1151479,The Love Spirit of Nang Nak,us.amazon.nova-pro-v1:0,,no_title_on_poster,there is no title text present on the poster,
1153628,Das Buch Der Blutigen Geschichten,us.amazon.nova-pro-v1:0,,no_title_on_poster,no title text present on the image,
1159987,Presommar,us.amazon.nova-pro-v1:0,,no_title_on_poster,There is no visible title text on the image.,
1165396,Tokyo Videos of Horror 19,us.amazon.nova-pro-v1:0,東京残酷警察19,match,the title on the poster matches the catalog entry,
1169957,Spine-Chilling Short Stories Kowabana: Scary Woman Kyō,us.amazon.nova-pro-v1:0,kowabana,match,the title on the poster matches the catalog entry,
1172414,Aje and Bruja,us.amazon.nova-pro-v1:0,,no_title_on_poster,There is no visible title text on the poster.,
1173609,Phantom of the Jade Chamber,us.amazon.nova-pro-v1:0,玉房鬼,match,The title on the poster matches the catalog listing.,
1177018,Vampire,us.amazon.nova-pro-v1:0,,no_title_on_poster,there is no visible title text on the poster,
1179922,Plantlife,us.amazon.nova-pro-v1:0,,no_title_on_poster,there is no title text on the poster,
1182169,Smoker of the Future,us.amazon.nova-pro-v1:0,,no_title_on_poster,There is no visible title text on the poster.,
1185988,Black Forest 3,us.amazon.nova-pro-v1:0,,no_title_on_poster,No visible title text on the poster.,
1192385,The Injection,us.amazon.nova-pro-v1:0,,no_title_on_poster,no title text present on the image,
1198378,Lunar Oddities,us.amazon.nova-pro-v1:0,,no_title_on_poster,there is no legible title text on the poster,
1199584,6120,us.amazon.nova-pro-v1:0,,no_title_on_poster,"the image shows a close-up of a person's face, not a movie poster",
1201979,KAMPA,us.amazon.nova-pro-v1:0,,no_title_on_poster,There is no visible title text on the poster.,
1205084,Stalking,us.amazon.nova-pro-v1:0,,no_title_on_poster,there is no title text on the poster,
1208397,Lexi’s Vengeance,us.amazon.nova-pro-v1:0,,no_title_on_poster,There is no visible title text on the poster.,
1215044,Body Trap,us.amazon.nova-pro-v1:0,體驗誘惑,mismatch,the title on the poster is different from the catalog listing,
1221032,The Secret,us.amazon.nova-pro-v1:0,,no_title_on_poster,there is no visible title text on the poster,
1224917,We can no longer help you,us.amazon.nova-pro-v1:0,,no_title_on_poster,No title text is visible on the poster.,
1229799,Filming Hole,us.amazon.nova-pro-v1:0,,no_title_on_poster,there is no title text present on the poster,
1231585,Just Leave,us.amazon.nova-pro-v1:0,,no_title_on_poster,no title text present on the image,
1235608,Black Magic,us.amazon.nova-pro-v1:0,,no_title_on_poster,There is no visible title text on the poster.,
1240095,TO PLAY A MEMORY,us.amazon.nova-pro-v1:0,,no_title_on_poster,there is no legible title text on the poster,
1243795,River of Desire,us.amazon.nova-pro-v1:0,,no_title_on_poster,no title text present on the poster,
1246416,Vita Carnis - Living Meat Documentary,us.amazon.nova-pro-v1:0,,no_title_on_poster,there is no visible title text on the image,
1250785,Pursuit,us.amazon.nova-pro-v1:0,,no_title_on_poster,there is no title text present on the poster,
1256805,Mouse,us.amazon.nova-pro-v1:0,,no_title_on_poster,there is no title text present on the poster,
1261644,Der Hund von Baskerville - 5 Teil: Dr. Macdonalds Sanatorium,us.amazon.nova-pro-v1:0,,no_title_on_poster,no title text present on the image,
1265218,Easter Bunny From Hell!,us.amazon.nova-pro-v1:0,,no_title_on_poster,no title text present on the image,
1267448,Kodama,us.amazon.nova-pro-v1:0,児童館,mismatch,the title text on the poster does not match the cataloged film title 'Kodama',
1272868,Our House,us.amazon.nova-pro-v1:0,,no_title_on_poster,there is no title text present on the poster,
1279626,Kumare,us.amazon.nova-pro-v1:0,,no_title_on_poster,there is no title text present on the poster,
1281861,Roadkill,us.amazon.nova-pro-v1:0,,no_title_on_poster,there is no visible title text on the poster,
1285310,One More Pumpkin,us.amazon.nova-pro-v1:0,,no_title_on_poster,There is no visible title text on the movie poster.,
1287465,Octagon,us.amazon.nova-pro-v1:0,,no_title_on_poster,there is no title text on the poster,
1291594,Beezel,us.amazon.nova-pro-v1:0,BEEZER,mismatch,"The title on the poster is 'BEEZER', not 'Beezel'.",
1295287,Sun Fizz,us.amazon.nova-pro-v1:0,,no_title_on_poster,There is no visible title text on the poster.,
1299002,Vad gömmer sig i skuggorna,us.amazon.nova-pro-v1:0,,no_title_on_poster,there is no visible title text on the image,
1301110,Der Schädel der Pharaonentochter,us.amazon.nova-pro-v1:0,,no_title_on_poster,no title text present on the poster,
1305094,STAY,us.amazon.nova-pro-v1:0,,no_title_on_poster,There is no visible title text on the poster.,
1307747,Capacitors,us.amazon.nova-pro-v1:0,,no_title_on_poster,there is no visible title text on the poster,
1309625,there's a light,us.amazon.nova-pro-v1:0,,no_title_on_poster,there is no visible title text on the poster,
1313186,The Asylum,us.amazon.nova-pro-v1:0,,no_title_on_poster,There is no visible title text on the poster.,
1316525,VORE,us.amazon.nova-pro-v1:0,VORE,match,The title text on the poster matches the catalog listing.,
1317336,FOUR CIGARS UP THE ASS | Vora's cut,us.amazon.nova-pro-v1:0,,no_title_on_poster,there is no visible title text on the poster,
1319093,Bandage Anatomy Woman,us.amazon.nova-pro-v1:0,墓头力子女,mismatch,the title text on the poster does not match the cataloged film title,
1320806,Travesaño Toxico,us.amazon.nova-pro-v1:0,,no_title_on_poster,no title text present on the poster,
1321209,The Visitor of the Night,us.amazon.nova-pro-v1:0,,no_title_on_poster,no title text present on the image,
1324219,Elephuck,us.amazon.nova-pro-v1:0,,no_title_on_poster,there is no visible title text on the poster,
1329017,Bill,us.amazon.nova-pro-v1:0,BILL,match,The title 'BILL' is clearly visible on the poster.,
1339296,The Hermit,us.amazon.nova-pro-v1:0,,no_title_on_poster,there is no visible title text on the poster,
1341570,In the Beginning of Time...,us.amazon.nova-pro-v1:0,,no_title_on_poster,there is no title text present on the poster,
1354878,Illuminati Castrati,us.amazon.nova-pro-v1:0,ILLUMINATI CASTRATI,match,the title text on the poster matches the catalog entry,
1358668,Dance Macabre,us.amazon.nova-pro-v1:0,,no_title_on_poster,there is no title text present on the poster,
1363027,A Mother's Love,us.amazon.nova-pro-v1:0,,no_title_on_poster,There is no visible title text on the poster.,
1366342,The Scream,us.amazon.nova-pro-v1:0,,no_title_on_poster,There is no visible title text on the image.,
1371770,ALL YOUR DREAMS,us.amazon.nova-pro-v1:0,All Your Dreams,match,The title text on the poster matches the catalog listing.,
1373173,Cold Hands,us.amazon.nova-pro-v1:0,Cold Hands,match,The title text on the poster matches the catalog listing.,
1376404,Tret,us.amazon.nova-pro-v1:0,t R E t,mismatch,the title text is not formatted as 'Tret',
1378417,Butch,us.amazon.nova-pro-v1:0,,no_title_on_poster,there is no title text present on the poster,
1379745,Party of the Pumpkin People,us.amazon.nova-pro-v1:0,,no_title_on_poster,There is no visible title text on the poster.,
1383197,Dimples,us.amazon.nova-pro-v1:0,DIMPLE3,mismatch,the title text on the poster is slightly different from the catalog listing,
1387560,Room,us.amazon.nova-pro-v1:0,,no_title_on_poster,there is no title text visible on the poster,
1390497,Toward a Course Bend All,us.amazon.nova-pro-v1:0,,no_title_on_poster,there is no visible title text on the poster,
1394336,Nightgaunts,us.amazon.nova-pro-v1:0,,no_title_on_poster,there is no title text present on the poster,
1396391,FATHER ( THE NIGHT HAS COME ),us.amazon.nova-pro-v1:0,,no_title_on_poster,there is no visible title text on the poster,
1400029,The Briefcase,us.amazon.nova-pro-v1:0,,no_title_on_poster,there is no visible title text on the poster,
1411588,Fear Itself,us.amazon.nova-pro-v1:0,,no_title_on_poster,No legible title text is present on the poster.,
1415656,In Spectantis Oculo,us.amazon.nova-pro-v1:0,,no_title_on_poster,there is no visible title text on the poster,
1421764,Katsue-san Appears in Tokyo,us.amazon.nova-pro-v1:0,勝江さん、東京に現る,match,the title on the poster matches the catalog entry,
1428003,Firstborn complex,us.amazon.nova-pro-v1:0,,no_title_on_poster,no title text present on the image,
1433466,The Stolen Moon,us.amazon.nova-pro-v1:0,,no_title_on_poster,there is no title text present on the poster,
1436013,Campus Manchado de Sangue,us.amazon.nova-pro-v1:0,,no_title_on_poster,no title text present on the image,
1440790,La Maschera,us.amazon.nova-pro-v1:0,,no_title_on_poster,There is no visible title text on the image.,
1449064,Fishes,us.amazon.nova-pro-v1:0,,no_title_on_poster,"The image is a photograph of a rock formation in the ocean, not a movie poster.",
1456370,Ray Rabenstein lore video,us.amazon.nova-pro-v1:0,,no_title_on_poster,There is no visible title text on the poster.,
1458387,The Bush,us.amazon.nova-pro-v1:0,,no_title_on_poster,there is no title text on this image,
1463102,dream girls,us.amazon.nova-pro-v1:0,,no_title_on_poster,there is no title text present on the poster,
1468167,F(uck)lower,us.amazon.nova-pro-v1:0,,no_title_on_poster,there is no visible title text on the poster,
1475678,Loge,us.amazon.nova-pro-v1:0,,no_title_on_poster,there is no title text on the image,
1479922,Preparation For A Time Well Spent,us.amazon.nova-pro-v1:0,,no_title_on_poster,There is no visible title text on the image.,
1484387,Canvas 5,us.amazon.nova-pro-v1:0,,no_title_on_poster,there is no title text present on the poster,
1489389,Rosario,us.amazon.nova-pro-v1:0,ROSARIO,match,the title text on the poster matches the cataloged film title,
1494164,Unknown Treasures,us.amazon.nova-pro-v1:0,,no_title_on_poster,There is no visible title text on the poster.,
1497764,Human Trash,us.amazon.nova-pro-v1:0,,no_title_on_poster,there is no title text on the poster,
1499969,Captivity,us.amazon.nova-pro-v1:0,,no_title_on_poster,there is no title text on the image,
1505147,Ms. Kanyin,us.amazon.nova-pro-v1:0,MS. KANVIN,mismatch,the title on the poster is slightly different from the catalog,
1508830,The Scissoring of Lydia Kollins,us.amazon.nova-pro-v1:0,,no_title_on_poster,there is no visible title text on the poster,
1512454,Fake Documentary “Q”: Cursed Video,us.amazon.nova-pro-v1:0,q,mismatch,"the title on the poster is a stylized 'q', not the full title",
1517538,"Fake Documentary ""Q"": House of Mirrors",us.amazon.nova-pro-v1:0,Q,mismatch,"the title text on the poster is just the letter 'Q', not the full title",
1523040,One of Those,us.amazon.nova-pro-v1:0,,no_title_on_poster,there is no title text present on this poster,
1531439,The Easter Egg Thief,us.amazon.nova-pro-v1:0,,no_title_on_poster,there is no title text visible on the poster,
1536741,Glamorama,us.amazon.nova-pro-v1:0,,no_title_on_poster,No legible title text is present on the poster.,
1542067,Insônia,us.amazon.nova-pro-v1:0,,no_title_on_poster,no movie poster visible in the image,
1544418,Irish Son,us.amazon.nova-pro-v1:0,,no_title_on_poster,no title text present on the image,
1547508,nightmare,us.amazon.nova-pro-v1:0,,no_title_on_poster,there is no title text present on the image,
1548185,"Fake Documentary ""Q"": September 23, 2023 Live Streaming",us.amazon.nova-pro-v1:0,Q,match,the letter Q is visible on the poster,
1551952,The Shape,us.amazon.nova-pro-v1:0,,no_title_on_poster,There is no visible title text on the poster.,
1556596,Pilot,us.amazon.nova-pro-v1:0,,no_title_on_poster,there is no title text present on the poster,
1560756,Heartstopper,us.amazon.nova-pro-v1:0,,no_title_on_poster,there is no visible title text on the poster,
1565265,The Dust,us.amazon.nova-pro-v1:0,,no_title_on_poster,No title text is visible on the poster.,
1569675,Experiment 001,us.amazon.nova-pro-v1:0,,no_title_on_poster,No legible title text is present on the poster.,
1573115,The Craft,us.amazon.nova-pro-v1:0,VerdlyA,no_title_on_poster,The text on the poster does not match the catalog title 'The Craft'.,
1575406,Gacy's House,us.amazon.nova-pro-v1:0,,no_title_on_poster,There is no visible title text on the poster.,
1580287,AHORA ES MÍA.,us.amazon.nova-pro-v1:0,AHORA ES MÍA,match,the title text matches the catalog entry exactly,
1583524,The Back Garden,us.amazon.nova-pro-v1:0,,no_title_on_poster,there is no visible title text on the poster,
1586983,How Did I Get Here?,us.amazon.nova-pro-v1:0,,no_title_on_poster,there is no title text present on the poster,
1594701,I Forgot Myself Backstage,us.amazon.nova-pro-v1:0,,no_title_on_poster,there is no visible title text on the image,
1598758,Transcendance Dogmatique,us.amazon.nova-pro-v1:0,,no_title_on_poster,there is no visible title text on the poster,
1602300,Somnophiliac,us.amazon.nova-pro-v1:0,,no_title_on_poster,No title text is present on the image.,
1605020,Ghost Reunion,us.amazon.nova-pro-v1:0,鬼院关院,mismatch,the title text on the poster does not match the catalog entry,
1609610,GROT,us.amazon.nova-pro-v1:0,grot,match,the title text on the poster matches the cataloged film title,
1612973,Odradek,us.amazon.nova-pro-v1:0,,no_title_on_poster,There is no visible title text on the poster.,
1618042,Good Boy,us.amazon.nova-pro-v1:0,,no_title_on_poster,there is no title text present on the image,
1621834,Obelisk - The Man In The Tower,us.amazon.nova-pro-v1:0,,no_title_on_poster,no title text present on the image,
1625898,Disgust,us.amazon.nova-pro-v1:0,,no_title_on_poster,there is no title text on the poster,
1632131,A Nostalgic Game,us.amazon.nova-pro-v1:0,,no_title_on_poster,There is no visible title text on the poster.,
1636595,YOURS0223 foreign drive,us.amazon.nova-pro-v1:0,,no_title_on_poster,there is no visible title text on the image,
1639958,Spiders on My Lashline,us.amazon.nova-pro-v1:0,Spiders on my Lashline,match,the title text on the poster matches the catalog entry,
1645739,Lady Gaga - MAC Viva Glam,us.amazon.nova-pro-v1:0,,no_title_on_poster,there is no visible title text on the poster,
1649704,Something in the Cellar,us.amazon.nova-pro-v1:0,,no_title_on_poster,There is no visible title text on the poster.,
1654587,Shining Night,us.amazon.nova-pro-v1:0,,no_title_on_poster,there is no visible title text on the poster,
1657426,Ghost of TsimFuckis,us.amazon.nova-pro-v1:0,,no_title_on_poster,there is no movie poster in the image,
1661127,She Fell Asleep and Dreamt of a Library,us.amazon.nova-pro-v1:0,,no_title_on_poster,no title text present on the poster,
1664087,Tears of Blood,us.amazon.nova-pro-v1:0,,no_title_on_poster,there is no visible title text on the poster,
1668141,Haunt,us.amazon.nova-pro-v1:0,HAUNT,match,the title text on the poster matches the catalog listing,
1674304,Battle of the Zombie Staplers,us.amazon.nova-pro-v1:0,,no_title_on_poster,There is no visible title text on the image.,
1679631,Red Dots,us.amazon.nova-pro-v1:0,,no_title_on_poster,there is no title text present on the poster,
1686582,SALOMONE,us.amazon.nova-pro-v1:0,,no_title_on_poster,no legible title text present on the image,
1690554,The Black Tor,us.amazon.nova-pro-v1:0,,no_title_on_poster,No title text is present on the poster.,
1695874,Eden,us.amazon.nova-pro-v1:0,,no_title_on_poster,there is no title text present on the image,
1700155,Fantasy Nightmare Edition,us.amazon.nova-pro-v1:0,,no_title_on_poster,There is no visible title text on the poster.,
1702585,Fear Within,us.amazon.nova-pro-v1:0,,no_title_on_poster,there is no title text on the image,
1707658,Pitico: Hermes Ayres Azevedo (1881-1959) - Local Historian,us.amazon.nova-pro-v1:0,,no_title_on_poster,no title text present on the image,
1711400,NADA,us.amazon.nova-pro-v1:0,NADA,match,the title text on the poster matches the catalog entry,
1715255,Eyeball,us.amazon.nova-pro-v1:0,,no_title_on_poster,there is no title text present on the poster,
1720185,Seven Wonders of the Main Place of Edo,us.amazon.nova-pro-v1:0,江戸の町の七不思議,match,The title on the poster matches the catalog listing.,
1721760,autopsy,us.amazon.nova-pro-v1:0,,no_title_on_poster,There is no visible title text on the poster.,
1723487,RIPS,us.amazon.nova-pro-v1:0,RIPS,match,the title text on the poster matches the catalog listing,
1730762,SkinDeep,us.amazon.nova-pro-v1:0,SKIN DEEP,match,the title text on the poster matches the catalog listing,
1733718,Lethe,us.amazon.nova-pro-v1:0,LETHE,match,the title text on the poster matches the cataloged film title,
1738124,a Dream?,us.amazon.nova-pro-v1:0,,no_title_on_poster,there is no visible title text on the poster,
17212,Patrick,us.amazon.nova-pro-v1:0,PATRICK,match,the title text on the poster matches the cataloged film title,
26178,Razorback,us.amazon.nova-pro-v1:0,RAZORBACK,match,the title text on the poster matches the cataloged film name,
31232,It!,us.amazon.nova-pro-v1:0,,no_title_on_poster,no title text present on the poster,
51248,11-11-11,us.amazon.nova-pro-v1:0,11-11-11,match,the title text on the poster matches the catalog listing,
65599,The Woman,us.amazon.nova-pro-v1:0,THE WOMAN,match,the title text on the poster matches the cataloged film title,
83519,Witchcraft,us.amazon.nova-pro-v1:0,WITCHCRAFT,match,the title text on the poster matches the catalog listing,
98084,Legion of Fire: Killer Ants,us.amazon.nova-pro-v1:0,MARABUNTA,mismatch,the title on the poster does not match the cataloged film title,
129096,The Discarnates,us.amazon.nova-pro-v1:0,,no_title_on_poster,no title text present on the poster,
163617,Ghosts,us.amazon.nova-pro-v1:0,,,,Invalid \uXXXX escape: line 2 column 312 (char 313)
201343,Satan Bouche un Coin,us.amazon.nova-pro-v1:0,,no_title_on_poster,no title text present on the poster,
239815,Ascension of the Demonoids,us.amazon.nova-pro-v1:0,,no_title_on_poster,There is no visible title text on the poster.,
253477,Torture Chamber,us.amazon.nova-pro-v1:0,TORTURE CHAMBER,match,the title text on the poster matches the catalog listing,
262600,Shock,us.amazon.nova-pro-v1:0,OXID,mismatch,the title on the poster is not 'Shock',
276488,Let Us Prey,us.amazon.nova-pro-v1:0,LET US PAY,mismatch,the word 'pray' is written as 'pay' on the poster,
290795,Maligno,us.amazon.nova-pro-v1:0,MALIGNO,match,the title text on the poster matches the catalog entry,
312831,The Hallow,us.amazon.nova-pro-v1:0,THE HALLOW,match,the title text on the poster matches the catalog entry,
321738,Cheondong,us.amazon.nova-pro-v1:0,천동,match,the title text on the poster matches the catalog listing,
328963,Shadow House,us.amazon.nova-pro-v1:0,,no_title_on_poster,there is no visible title text on the poster,
336048,The Biggest Meatball in the World,us.amazon.nova-pro-v1:0,,no_title_on_poster,There is no visible title text on the poster.,
346364,It,us.amazon.nova-pro-v1:0,IT,match,The title 'IT' is clearly visible on the poster.,
355156,Chiruri,us.amazon.nova-pro-v1:0,,no_title_on_poster,There is no visible title text on the poster.,
370311,Fresh Acconci,us.amazon.nova-pro-v1:0,,no_title_on_poster,there is no title text present on the poster,
382290,M・Y・F・A・C・E,us.amazon.nova-pro-v1:0,M・Y・F・A・C・E,match,the title text on the poster matches the catalog listing,
391529,Jajo,us.amazon.nova-pro-v1:0,JADO,mismatch,"The title on the poster is 'JADO', not 'JAJO'.",
396818,Visa to Hell,us.amazon.nova-pro-v1:0,,no_title_on_poster,"The title text on the poster is in Chinese characters, not English.",
403654,Troublesome Night 13,us.amazon.nova-pro-v1:0,,no_title_on_poster,No legible title text found on the poster.,
413951,The Faceless Man,us.amazon.nova-pro-v1:0,顔のない男,match,the title text matches the catalog entry,
423344,Eko Eko Azarak: R-Page,us.amazon.nova-pro-v1:0,魔子　　　　,mismatch,the title on the poster does not match the cataloged title 'Eko Eko Azarak: R-Page',
434325,Claws,us.amazon.nova-pro-v1:0,,no_title_on_poster,there is no title text present on the poster,
446904,Gone,us.amazon.nova-pro-v1:0,,no_title_on_poster,there is no title text present on the poster,
450512,Strange Tale at Midnight,us.amazon.nova-pro-v1:0,午夜怪談,match,the title text on the poster matches the catalog listing,
453638,The Mad Monk,us.amazon.nova-pro-v1:0,,no_title_on_poster,there is no title text on the poster,
464261,Heaven and Hell,us.amazon.nova-pro-v1:0,天国と地獄,match,the title text on the poster matches the catalog listing,
468496,The Sabbat of the Black Cat,us.amazon.nova-pro-v1:0,,no_title_on_poster,there is no title text on the poster,
476855,Satan,us.amazon.nova-pro-v1:0,,no_title_on_poster,there is no title text present on the poster,
481125,The Giant,us.amazon.nova-pro-v1:0,,no_title_on_poster,there is no title text present on the poster,
483608,I Should Have Run,us.amazon.nova-pro-v1:0,,no_title_on_poster,There is no visible title text on the poster.,
484563,The Music Lesson,us.amazon.nova-pro-v1:0,,no_title_on_poster,no title text present on the poster,
488930,GETEBUTSU,us.amazon.nova-pro-v1:0,,no_title_on_poster,there is no visible title text on the image,
498062,Luz,us.amazon.nova-pro-v1:0,LUZ,match,the title text on the poster matches the catalog entry,
507040,Raa Raa,us.amazon.nova-pro-v1:0,,no_title_on_poster,no title text present on the poster,
512270,Shadow,us.amazon.nova-pro-v1:0,Shadow,match,The title text on the poster matches the catalog listing.,
515531,Circus of Dread,us.amazon.nova-pro-v1:0,,no_title_on_poster,there is no title text present on the poster,
521634,Vargulf,us.amazon.nova-pro-v1:0,,no_title_on_poster,There is no visible title text on the poster.,
526677,The Rope Maiden,us.amazon.nova-pro-v1:0,,no_title_on_poster,no title text present on the poster,
529122,The Night of the Naporitan,us.amazon.nova-pro-v1:0,,no_title_on_poster,there is no title text visible on the poster,
530943,Bloody Flash,us.amazon.nova-pro-v1:0,,no_title_on_poster,There is no visible title text on the poster.,
539714,Thin Walls,us.amazon.nova-pro-v1:0,,no_title_on_poster,No title text is visible on the poster.,
546711,Unplugging Nightmare,us.amazon.nova-pro-v1:0,,no_title_on_poster,The title text is not in English and cannot be identified as the given title.,
552843,Beware the Inside,us.amazon.nova-pro-v1:0,,no_title_on_poster,There is no visible title text on the poster.,
557486,Life’s a Wish and then You Die,us.amazon.nova-pro-v1:0,,no_title_on_poster,there is no title text present on the poster,
565440,Frankenstein Meets Dracula,us.amazon.nova-pro-v1:0,,no_title_on_poster,No title text is visible on the poster.,
566804,The Dolls with Attitude,us.amazon.nova-pro-v1:0,,no_title_on_poster,There is no visible title text on the poster.,
574127,Bildabläufe,us.amazon.nova-pro-v1:0,,no_title_on_poster,there is no title text on the poster,
582600,The Rite,us.amazon.nova-pro-v1:0,,no_title_on_poster,There is no visible title text on the poster.,
588858,Night Crawling,us.amazon.nova-pro-v1:0,,no_title_on_poster,there is no title text present on the poster,
595379,Blood Spook,us.amazon.nova-pro-v1:0,,no_title_on_poster,There is no visible title text on the image.,
604519,Carfucker,us.amazon.nova-pro-v1:0,,no_title_on_poster,There is no visible title text on the image.,
609245,Luminous Void: Docudrama,us.amazon.nova-pro-v1:0,,no_title_on_poster,there is no visible title text on the image,
616185,The Urban Legend of Sugisawa Village,us.amazon.nova-pro-v1:0,松堂珠之阻道之阻,mismatch,the title text on the poster does not match the cataloged film title,
626028,Daz Watches Found Footage,us.amazon.nova-pro-v1:0,,no_title_on_poster,The image does not contain a movie poster or any title text.,
637020,Bubbles,us.amazon.nova-pro-v1:0,,no_title_on_poster,there is no title text present on the poster,
640605,Memories of the Seaside,us.amazon.nova-pro-v1:0,,no_title_on_poster,there is no title text present on the poster,
643400,What It Wants,us.amazon.nova-pro-v1:0,,no_title_on_poster,There is no visible title text on the poster.,
649274,The Blood Alligator,us.amazon.nova-pro-v1:0,血鳄王,match,the title text on the poster matches the catalog entry,
655435,FEEL,us.amazon.nova-pro-v1:0,FEEL,match,the title text on the poster matches the cataloged movie name,
662065,Mr. Yamauchi Ozawa,us.amazon.nova-pro-v1:0,,no_title_on_poster,There is no visible title text on the poster.,
664530,(R)eliving the (E)xecution of (M)yself,us.amazon.nova-pro-v1:0,,no_title_on_poster,there is no visible title text on the poster,
668462,Multiplex,us.amazon.nova-pro-v1:0,,no_title_on_poster,there is no visible title text on the poster,
674853,Schizophrenic Building,us.amazon.nova-pro-v1:0,,no_title_on_poster,there is no visible title text on the poster,
677431,El infierno tan temido,us.amazon.nova-pro-v1:0,,no_title_on_poster,there is no title text on the poster,
685826,Watched,us.amazon.nova-pro-v1:0,,no_title_on_poster,There is no visible title text on the artwork.,
690127,Last Number Dialled,us.amazon.nova-pro-v1:0,,no_title_on_poster,No title text is visible on the poster.,
690583,Armageddon,us.amazon.nova-pro-v1:0,,no_title_on_poster,there is no title text on the poster,
694435,The Dead of San Angelo,us.amazon.nova-pro-v1:0,,no_title_on_poster,there is no title text present on the poster,
698649,Trees: A Tale of Two Trees and a Swing,us.amazon.nova-pro-v1:0,,no_title_on_poster,there is no title text on the poster,
712286,War Hero,us.amazon.nova-pro-v1:0,,no_title_on_poster,There is no visible title text on the image.,
719384,Disillusioned,us.amazon.nova-pro-v1:0,,no_title_on_poster,there is no visible title text on the poster,
724789,Temple Time,us.amazon.nova-pro-v1:0,,no_title_on_poster,there is no title text present on the poster,
727251,Metachaos,us.amazon.nova-pro-v1:0,,no_title_on_poster,there is no title text present on the poster,
729630,Mom's Heart,us.amazon.nova-pro-v1:0,,no_title_on_poster,no title text present on the poster,
732945,Pesadelo,us.amazon.nova-pro-v1:0,,no_title_on_poster,there is no title text on the poster,
736189,Dorm,us.amazon.nova-pro-v1:0,DWM,mismatch,the title text on the poster does not match the cataloged film title,
742899,The Teddy Bear's Picnic,us.amazon.nova-pro-v1:0,,no_title_on_poster,No visible title text on the poster.,
746520,The Storm,us.amazon.nova-pro-v1:0,,no_title_on_poster,no title text present on the poster,
749416,Only the Lonely,us.amazon.nova-pro-v1:0,,no_title_on_poster,No title text is visible on the poster.,
753147,Gregory,us.amazon.nova-pro-v1:0,,no_title_on_poster,there is no title text present on the poster,
755804,Sweet Tooth,us.amazon.nova-pro-v1:0,,no_title_on_poster,No title text is visible on the movie poster.,
761837,Guests,us.amazon.nova-pro-v1:0,,no_title_on_poster,No title text is present on the poster.,
763278,Llega la noche,us.amazon.nova-pro-v1:0,,no_title_on_poster,there is no title text present on the poster,
765707,The Blaylock House,us.amazon.nova-pro-v1:0,,no_title_on_poster,there is no visible title text on the poster,
770010,Mekakure,us.amazon.nova-pro-v1:0,,no_title_on_poster,there is no visible title text on the poster,
772139,Keep Forgetting,us.amazon.nova-pro-v1:0,ことがてにはないにちって,mismatch,the title text on the poster does not match the cataloged title 'Keep Forgetting',
778190,It Gets Worse,us.amazon.nova-pro-v1:0,,no_title_on_poster,there is no title text present on this poster,
784115,The Curious Adventure of Doctor Works,us.amazon.nova-pro-v1:0,,no_title_on_poster,no title text present on the poster,
790252,Eko Eko Azarak,us.amazon.nova-pro-v1:0,Eko Eko Azarak,match,The title text on the poster matches the catalog listing.,
794424,Unwanted Visit,us.amazon.nova-pro-v1:0,,no_title_on_poster,there is no visible title text on the poster,
796284,Yuki Onna,us.amazon.nova-pro-v1:0,,no_title_on_poster,no title text present on the poster,
797659,Space Yokai War,us.amazon.nova-pro-v1:0,,no_title_on_poster,there is no title text present on the poster,
799600,Peter and the Wolf,us.amazon.nova-pro-v1:0,,no_title_on_poster,there is no title text present on the image,
804330,In My Room,us.amazon.nova-pro-v1:0,,no_title_on_poster,there is no title text present on the poster,
810760,Blackout,us.amazon.nova-pro-v1:0,,no_title_on_poster,there is no visible title text on the poster,
814951,Petrus et Lupa,us.amazon.nova-pro-v1:0,,no_title_on_poster,There is no visible title text on the poster.,
818793,The Deacon of Dark River,us.amazon.nova-pro-v1:0,,,,"HTTPSConnectionPool(host='image.tmdb.org', port=443): Read timed out."
825691,Come to Me Softly,us.amazon.nova-pro-v1:0,,no_title_on_poster,there is no title text present on the image,
829361,M,us.amazon.nova-pro-v1:0,M,match,the title text on the poster matches the cataloged film title,
833677,tricotMOVIE7月号,us.amazon.nova-pro-v1:0,,no_title_on_poster,there is no visible title text on the image,
839347,Alone,us.amazon.nova-pro-v1:0,,no_title_on_poster,There is no visible title text on the poster.,
845831,He Rang,us.amazon.nova-pro-v1:0,HE RANG,match,The title text on the poster matches the catalog listing.,
849736,Godzilla the Ride: Giant Monsters Ultimate Battle,us.amazon.nova-pro-v1:0,,no_title_on_poster,No title text is visible on the poster.,
852593,The Curious Tales of Alfred Wilberwale: A Case For Patience,us.amazon.nova-pro-v1:0,,no_title_on_poster,there is no title text visible on the poster,
854268,Hand,us.amazon.nova-pro-v1:0,,no_title_on_poster,there is no visible title text on the poster,
857250,How to make apple pie,us.amazon.nova-pro-v1:0,,no_title_on_poster,The image does not contain any text that resembles a movie title.,
862531,The Miser's Doom,us.amazon.nova-pro-v1:0,,no_title_on_poster,there is no title text present on the poster,
871836,The Slit-Mouthed Woman: Chapter 2,us.amazon.nova-pro-v1:0,,no_title_on_poster,there is no title text visible on the image,
877255,Big Shark,us.amazon.nova-pro-v1:0,大鲨鱼,match,the title text on the poster matches the catalog listing,
879165,God Lady,us.amazon.nova-pro-v1:0,,no_title_on_poster,No title text is visible on the poster.,
882791,Kimi no haguki,us.amazon.nova-pro-v1:0,,no_title_on_poster,there is no title text present on the poster,
889839,Ragtime,us.amazon.nova-pro-v1:0,RAGTIME,match,the title text on the poster matches the catalog entry,
895499,I see are seeing me,us.amazon.nova-pro-v1:0,,no_title_on_poster,there is no legible title text on the poster,
900274,Monastery,us.amazon.nova-pro-v1:0,,no_title_on_poster,there is no title text present on the poster,
911700,Shin Gakkou no Yuurei,us.amazon.nova-pro-v1:0,新学樂の雲雷,match,the title text matches the catalog entry,
918621,Let's Stop at the Morgue,us.amazon.nova-pro-v1:0,LET'S STOP AT THE MORGUE,match,The title text on the poster matches the catalog listing.,
928397,We Are The Enemy,us.amazon.nova-pro-v1:0,,no_title_on_poster,there is no visible title text on the poster,
932481,Summoned,us.amazon.nova-pro-v1:0,,no_title_on_poster,No title text is present on the poster.,
935076,Super Girl Maria,us.amazon.nova-pro-v1:0,マリア,match,the title text on the poster matches the catalog listing,
939823,Robo Macabro,us.amazon.nova-pro-v1:0,,no_title_on_poster,no title text present on the image,
942596,Molar,us.amazon.nova-pro-v1:0,MOLAR,match,The title text on the poster matches the catalog listing.,
946563,Alanngut Killinganni,us.amazon.nova-pro-v1:0,,no_title_on_poster,There is no visible title text on the poster.,
951269,In the Bathroom 2,us.amazon.nova-pro-v1:0,,no_title_on_poster,There is no visible title text on the poster.,
955242,O Lasanha,us.amazon.nova-pro-v1:0,,no_title_on_poster,There is no visible title text on the poster.,
959993,Kaibutsu-kun: Suna Majin wo Yattsukero no Maki / Kaibutsu-kun to Haniwa Kaishin no Maki,us.amazon.nova-pro-v1:0,,no_title_on_poster,There is no visible title text on the poster.,
965982,Normal Porn for Normal People,us.amazon.nova-pro-v1:0,,no_title_on_poster,"the image shows a close-up of a person's face, not a movie poster",
968127,Neighbors,us.amazon.nova-pro-v1:0,,no_title_on_poster,There is no visible title text on the poster.,
974720,Anna Ishibashi: The Missing Actress,us.amazon.nova-pro-v1:0,,no_title_on_poster,there is no title text on the poster,
977634,Tuesday Sun,us.amazon.nova-pro-v1:0,,no_title_on_poster,there is no visible title text on the poster,
977653,The Birthday Suicide,us.amazon.nova-pro-v1:0,,no_title_on_poster,no legible title text found on the image,
983280,Operation Camerahead,us.amazon.nova-pro-v1:0,,no_title_on_poster,There is no visible title text on the poster.,
986615,Fiancée,us.amazon.nova-pro-v1:0,,no_title_on_poster,There is no visible title text on the poster.,
993921,Let Me Go,us.amazon.nova-pro-v1:0,,no_title_on_poster,no title text present on the poster,
996587,Cleanup,us.amazon.nova-pro-v1:0,,no_title_on_poster,There is no visible title text on the poster.,
1003992,悪霊の棲む館,us.amazon.nova-pro-v1:0,,no_title_on_poster,no title text present on the poster,
1012220,Three Kings,us.amazon.nova-pro-v1:0,THREE KINGS,match,the title text on the poster matches the catalog entry,
1015416,"Go on, laugh",us.amazon.nova-pro-v1:0,,no_title_on_poster,No title text is present on the poster.,
1019996,The Terror of the Goonie Monster,us.amazon.nova-pro-v1:0,,no_title_on_poster,no title text present on the image,
1023262,3 guys 1 red bed,us.amazon.nova-pro-v1:0,,no_title_on_poster,there is no title text present on the poster,
1028623,Piñata,us.amazon.nova-pro-v1:0,,no_title_on_poster,there is no title text present on the poster,
1032152,Last Train,us.amazon.nova-pro-v1:0,,no_title_on_poster,there is no title text present on the poster,
1039801,Fester,us.amazon.nova-pro-v1:0,,no_title_on_poster,There is no visible title text on the poster.,
1043848,Short Lease,us.amazon.nova-pro-v1:0,,no_title_on_poster,there is no title text present on the poster,
1048232,Our Lady of Sorrows,us.amazon.nova-pro-v1:0,,no_title_on_poster,No title text is present on the poster.,
1052849,The Watcher's Woods,us.amazon.nova-pro-v1:0,,no_title_on_poster,there is no title text present on the poster,
1056861,The God's Eye,us.amazon.nova-pro-v1:0,,no_title_on_poster,there is no visible title text on the poster,
1065769,Reflection of a Tormented Butterfly,us.amazon.nova-pro-v1:0,,no_title_on_poster,There is no visible title text on the poster.,
1073917,Massaker vom Obersee,us.amazon.nova-pro-v1:0,,no_title_on_poster,No legible title text is present on the image.,
1076692,Poundcake,us.amazon.nova-pro-v1:0,,no_title_on_poster,there is no title text present on the poster,
1078474,Dementia,us.amazon.nova-pro-v1:0,,no_title_on_poster,no title text present on the poster,
1081790,El Muñeco Diabólico,us.amazon.nova-pro-v1:0,,no_title_on_poster,there is no title text present on the image,
1085079,Trapped: Concrete Cell,us.amazon.nova-pro-v1:0,,no_title_on_poster,there is no title text present on the poster,
1089838,23:60,us.amazon.nova-pro-v1:0,,no_title_on_poster,No title text is visible on the poster.,
1092348,L'Angelo,us.amazon.nova-pro-v1:0,,no_title_on_poster,there is no visible title text on the image,
1095565,Maataraani Mounamidhi,us.amazon.nova-pro-v1:0,Maataraani Mounamidhi,match,the title text on the poster matches the catalog listing,
1099694,Shanti Shanti Sayonara,us.amazon.nova-pro-v1:0,,no_title_on_poster,No visible title text on the image.,
1103830,"Color, Split Screen and Rear Projection Tests",us.amazon.nova-pro-v1:0,,no_title_on_poster,there is no title text on the poster,
1108784,A Quarter to 4,us.amazon.nova-pro-v1:0,,no_title_on_poster,There is no visible title text on the poster.,
1113072,My Home Is Burning,us.amazon.nova-pro-v1:0,,,,"HTTPSConnectionPool(host='image.tmdb.org', port=443): Read timed out. (read timeout=15)"
1117099,End of the Parade,us.amazon.nova-pro-v1:0,,no_title_on_poster,There is no visible title text on the poster.,
1120011,Namo Bhootatma,us.amazon.nova-pro-v1:0,Namo Bhootatma,match,The title text on the poster matches the catalog listing.,
1122220,Untitled Blair Witch Film,us.amazon.nova-pro-v1:0,9 24 27,no_title_on_poster,The poster does not contain any text that can be identified as the film title.,
1127143,Mama,us.amazon.nova-pro-v1:0,MAMA,match,the title text on the poster matches the cataloged film name,
1136508,Strange Tangents,us.amazon.nova-pro-v1:0,,no_title_on_poster,there is no title text on the poster,
1141891,The Blood,us.amazon.nova-pro-v1:0,血の家,mismatch,the title on the poster is in japanese and does not match 'The Blood',
1145846,"Water, Water, Everywhere ...",us.amazon.nova-pro-v1:0,,no_title_on_poster,there is no title text present on the image,
1147586,Deep End,us.amazon.nova-pro-v1:0,,no_title_on_poster,There is no visible title text on the poster.,
1151565,Mae Nak,us.amazon.nova-pro-v1:0,,no_title_on_poster,no title text present on the image,
1154187,Attack of the Undead,us.amazon.nova-pro-v1:0,,no_title_on_poster,there is no title text present on the poster,
1161738,Cure,us.amazon.nova-pro-v1:0,,no_title_on_poster,there is no title text on the image,
1165927,Maternal,us.amazon.nova-pro-v1:0,,no_title_on_poster,No title text is visible on the poster.,
1170057,Maniac: The Making of Documentary,us.amazon.nova-pro-v1:0,,no_title_on_poster,there is no visible title text on the poster,
1172571,Hov! (Famous Last Words),us.amazon.nova-pro-v1:0,,no_title_on_poster,No title text is visible on the poster.,
1173781,Trauma Under the Car,us.amazon.nova-pro-v1:0,车下的创伤,match,the title text on the poster matches the catalog listing,
1177462,To Thine Own Self Be True,us.amazon.nova-pro-v1:0,,no_title_on_poster,"The image is of a street scene, not a movie poster.",
1179996,Golden Eel,us.amazon.nova-pro-v1:0,চুরাচুরি,mismatch,the title text on the poster does not match the catalog entry,
1182750,Give Me Something Good To Eat,us.amazon.nova-pro-v1:0,,no_title_on_poster,there is no visible title text on the poster,
1187964,Crazy Skier Man,us.amazon.nova-pro-v1:0,,no_title_on_poster,There is no visible title text on the poster.,
1192386,The House of the Living Dead: The Injection 2,us.amazon.nova-pro-v1:0,,no_title_on_poster,No legible title text is present on the poster.,
1198870,Return,us.amazon.nova-pro-v1:0,,no_title_on_poster,There is no visible title text on the poster.,
1199661,Stripped,us.amazon.nova-pro-v1:0,EXCLUSION,mismatch,the title on the poster does not match the cataloged title,
1202100,Joshurei,us.amazon.nova-pro-v1:0,呪術廻戦,mismatch,"The title text on the poster is in Japanese characters, which do not match the catalog title 'Joshurei'.",
1205694,Sisters,us.amazon.nova-pro-v1:0,,no_title_on_poster,there is no title text present on the poster,
1209994,Error,us.amazon.nova-pro-v1:0,,no_title_on_poster,There is no movie poster in the image.,
1216059,Olf’s Supporters,us.amazon.nova-pro-v1:0,,no_title_on_poster,there is no title text present on the poster,
1221066,La barriga del diablo,us.amazon.nova-pro-v1:0,,,,"HTTPSConnectionPool(host='image.tmdb.org', port=443): Read timed out."
1225067,Silver Night,us.amazon.nova-pro-v1:0,,no_title_on_poster,there is no visible title text on the poster,
1229906,Family,us.amazon.nova-pro-v1:0,,no_title_on_poster,there is no visible title text on the poster,
1231764,Stash,us.amazon.nova-pro-v1:0,STASH,match,the title text on the poster matches the cataloged film title,
1236761,Gracey Manor,us.amazon.nova-pro-v1:0,,no_title_on_poster,there is no title text present on the poster,
1240711,The Crone,us.amazon.nova-pro-v1:0,,no_title_on_poster,No title text is visible on the poster.,
1243879,Prom House,us.amazon.nova-pro-v1:0,,no_title_on_poster,There is no visible title text on the poster.,
1246777,His Nightly Terrors,us.amazon.nova-pro-v1:0,,no_title_on_poster,no title text present on the image,
1251427,The Garden,us.amazon.nova-pro-v1:0,ida,mismatch,the title text on the poster does not match the catalog listing,
1259442,The Blademan Cometh,us.amazon.nova-pro-v1:0,,no_title_on_poster,there is no visible title text on the poster,
1261861,When the Moon Returns,us.amazon.nova-pro-v1:0,,no_title_on_poster,there is no title text present on the poster,
1265611,Goedenacht,us.amazon.nova-pro-v1:0,,no_title_on_poster,there is no title text present on the poster,
1268401,Psychic Documentary: Forbidden Spectral Manifestation - Do Not Watch!!,us.amazon.nova-pro-v1:0,心霊ドキュメンタリー 絶対に見てはいけない!,match,the title text on the poster matches the catalog listing,
1272966,Sneck,us.amazon.nova-pro-v1:0,,no_title_on_poster,there is no visible title text on the poster,
1280081,The Vivisectionist,us.amazon.nova-pro-v1:0,,no_title_on_poster,there is no title text present on the image,
1281920,Missing Child Videotape,us.amazon.nova-pro-v1:0,,no_title_on_poster,there is no visible title text on the image,
1285732,Sayang,us.amazon.nova-pro-v1:0,,no_title_on_poster,No title text is visible on the poster.,
1288629,The Animals Are Sick With Love,us.amazon.nova-pro-v1:0,,no_title_on_poster,the image is a close-up of a face and does not contain any title text,
1291966,Broadcast Prohibited VTR! True Scary Ghost Stories... The Truth That Can't Be Shown on TV,us.amazon.nova-pro-v1:0,Broadcast Prohibited VTR,match,The title text on the poster matches the catalog listing.,
1295750,New Thursday Ghost Stories Ghost Club: Seven Wonders of School Edition 3,us.amazon.nova-pro-v1:0,新星曜鬼語電風通理社の学校七奇語第3卷,match,the title text matches the catalog entry,
1299043,Mirliton,us.amazon.nova-pro-v1:0,,no_title_on_poster,there is no title text present on the poster,
1301196,Frankie News 4,us.amazon.nova-pro-v1:0,,no_title_on_poster,There is no visible title text on the image.,
1305606,Birdcage,us.amazon.nova-pro-v1:0,,no_title_on_poster,there is no visible title text on the poster,
1308084,Federico Faedo,us.amazon.nova-pro-v1:0,,no_title_on_poster,there is no title text on the image,
1309905,la fin,us.amazon.nova-pro-v1:0,,no_title_on_poster,there is no title text on the poster,
1313326,Satan Kingdom Babylon,us.amazon.nova-pro-v1:0,,,,"HTTPSConnectionPool(host='image.tmdb.org', port=443): Read timed out."
1316590,"Seducer of the Night: Terror in the summer resort, bloodsucking fangs for blonde beauties",us.amazon.nova-pro-v1:0,,,,Invalid \uXXXX escape: line 2 column 310 (char 311)
1317480,毛骨悚然撞鬼经 2010夏季特别篇,us.amazon.nova-pro-v1:0,,no_title_on_poster,no title text present on the image,
1319195,Luminous Insect,us.amazon.nova-pro-v1:0,蝶の夢,mismatch,the title text on the poster does not match the cataloged title 'Luminous Insect',
1321044,The Black Cat Mansion of Hatred,us.amazon.nova-pro-v1:0,"the title text you actually see on the poster, or empty if none",no_title_on_poster,No discernible title text present on the poster.,
1321224,Keiron: The First Voyager,us.amazon.nova-pro-v1:0,,no_title_on_poster,there is no title text present on the poster,
1324236,Braxton,us.amazon.nova-pro-v1:0,IBR A X TON,mismatch,the title text on the poster does not match the cataloged film title,
1330099,"God, Save This Women",us.amazon.nova-pro-v1:0,,no_title_on_poster,there is no visible title text on the poster,
1339336,A Night in a Sanitarium,us.amazon.nova-pro-v1:0,A NIGHT,mismatch,the title on the poster is incomplete,
1341660,A Terrible Revenge,us.amazon.nova-pro-v1:0,,no_title_on_poster,No title text is visible on the poster.,
1355282,Ade Raaga Ade Haadu,us.amazon.nova-pro-v1:0,Ade Raaga Ade Haadu,match,The title text on the poster matches the catalog listing.,
1359373,7 Minutes In Heaven,us.amazon.nova-pro-v1:0,,no_title_on_poster,there is no title text on the poster,
1363600,O Assassino,us.amazon.nova-pro-v1:0,,no_title_on_poster,there is no title text present on the poster,
1366746,Scarecrow,us.amazon.nova-pro-v1:0,,no_title_on_poster,No title text is visible on the poster.,
1371850,Rock Springs,us.amazon.nova-pro-v1:0,,no_title_on_poster,no title text present on the poster,
1373402,Silence Unseen,us.amazon.nova-pro-v1:0,SILENCE UNSEEN,match,the title text on the poster matches the catalog entry,
1376445,6ix,us.amazon.nova-pro-v1:0,,no_title_on_poster,no title text present on the poster,
1379557,Spidal,us.amazon.nova-pro-v1:0,SPIDAL,match,the title text matches the catalog entry,
1380165,The Great Tokyo Yotsuya Ghost Story,us.amazon.nova-pro-v1:0,四谷怪談,mismatch,the title text on the poster does not match the cataloged film title,
1383207,Monster Eyes,us.amazon.nova-pro-v1:0,,no_title_on_poster,there is no visible title text on the poster,
1388434,The Day the World Went Away,us.amazon.nova-pro-v1:0,,no_title_on_poster,There is no visible title text on the poster.,
1391118,Trauma,us.amazon.nova-pro-v1:0,TRAUMA,match,the title text on the poster matches the catalog entry,
1395031,Diagnose,us.amazon.nova-pro-v1:0,,no_title_on_poster,There is no visible title text on the poster.,
1396619,The Sidney Barber Tapes,us.amazon.nova-pro-v1:0,,no_title_on_poster,there is no title text present on the image,
1401376,Deadly Domicile,us.amazon.nova-pro-v1:0,,no_title_on_poster,There is no visible title text on the poster.,
1411606,The Betrayal of Fowst,us.amazon.nova-pro-v1:0,,no_title_on_poster,There is no visible title text on the image.,
1416036,Spillover,us.amazon.nova-pro-v1:0,,no_title_on_poster,There is no visible title text on the poster.,
1422521,If You Hear That Sound,us.amazon.nova-pro-v1:0,,no_title_on_poster,There is no visible title text on the poster.,
1428948,Doom Boogie,us.amazon.nova-pro-v1:0,,no_title_on_poster,There is no visible title text on the poster.,
1433723,Slag Heap Volume I,us.amazon.nova-pro-v1:0,,no_title_on_poster,No visible title text on the poster.,
1436194,Runaway Valley,us.amazon.nova-pro-v1:0,RUNAWAY VALLEY,match,the title text on the poster matches the cataloged film title,
1441305,FASCISM(s): A Film in Six Parts,us.amazon.nova-pro-v1:0,,no_title_on_poster,the image contains no legible title text,
1450635,Sumptuous Summer 2019,us.amazon.nova-pro-v1:0,,no_title_on_poster,there is no legible title text on the poster,
1456954,Behind The Screen,us.amazon.nova-pro-v1:0,,no_title_on_poster,There is no visible title text on the poster.,
1458602,Lost Pieces of Her,us.amazon.nova-pro-v1:0,,no_title_on_poster,there is no title text on the poster,
1464025,Labyrinth of Roses,us.amazon.nova-pro-v1:0,,no_title_on_poster,no title text present on the poster,
1468351,E,us.amazon.nova-pro-v1:0,,no_title_on_poster,there is no visible title text on the poster,
1475703,Kodama,us.amazon.nova-pro-v1:0,,no_title_on_poster,there is no title text on the image,
1481010,Deadcast,us.amazon.nova-pro-v1:0,,no_title_on_poster,there is no visible title text on the poster,
1484731,Blood Stab,us.amazon.nova-pro-v1:0,BLOOD STAB,match,the title text on the poster matches the catalog listing,
1489597,The Substance of Earth,us.amazon.nova-pro-v1:0,,no_title_on_poster,there is no title text present on the poster,
1494605,Hellebore,us.amazon.nova-pro-v1:0,,no_title_on_poster,there is no visible title text on the poster,
1497793,The Catman,us.amazon.nova-pro-v1:0,,no_title_on_poster,there is no title text present on the poster,
1503832,Interview with Cecelia Condit,us.amazon.nova-pro-v1:0,,no_title_on_poster,there is no title text present on the image,
1505379,Open World: Zelda,us.amazon.nova-pro-v1:0,,no_title_on_poster,There is no visible title text on the image.,
1509197,Oídio,us.amazon.nova-pro-v1:0,T,mismatch,the text on the poster does not match the cataloged film title,
1512747,V,us.amazon.nova-pro-v1:0,,no_title_on_poster,no title text present on the poster,
1517731,Terror Above the Sunset Strip,us.amazon.nova-pro-v1:0,,no_title_on_poster,There is no visible title text on the poster.,
1523101,Kyouhugekijyou-2,us.amazon.nova-pro-v1:0,大全教地のコース,mismatch,the title text on the poster does not match the cataloged title 'Kyouhugekijyou-2',
1531505,The Accursed Urns,us.amazon.nova-pro-v1:0,,no_title_on_poster,no title text present on the poster,
1537182,MUSA,us.amazon.nova-pro-v1:0,,no_title_on_poster,There is no visible title text on the poster.,
1542160,The Shed Incident,us.amazon.nova-pro-v1:0,,no_title_on_poster,no legible title text present on the poster,
1545191,The Neighbors,us.amazon.nova-pro-v1:0,邻居,mismatch,"the title text on the poster is in chinese characters, not english",
1547725,The Trees Have Eyes,us.amazon.nova-pro-v1:0,,no_title_on_poster,no title text present on the poster,
1549019,Evil Night,us.amazon.nova-pro-v1:0,Evil Night,match,The title text on the poster matches the catalog listing.,
1552169,Wi-Fi Room,us.amazon.nova-pro-v1:0,,no_title_on_poster,there is no visible title text on the poster,
1557568,Dark Bulb,us.amazon.nova-pro-v1:0,,no_title_on_poster,there is no visible title text on the image,
1562012,Inosculate,us.amazon.nova-pro-v1:0,inosculate,match,the title text on the poster matches the catalog listing,
1565546,Play Fight!,us.amazon.nova-pro-v1:0,,no_title_on_poster,there is no title text present on the poster,
1569885,The Rebuke,us.amazon.nova-pro-v1:0,,no_title_on_poster,there is no title text present on the poster,
1573129,Under the Island,us.amazon.nova-pro-v1:0,,no_title_on_poster,No title text is present on the image.,
1575410,Nightmare Released,us.amazon.nova-pro-v1:0,,no_title_on_poster,No title text is visible on the poster.,
1580458,Better Off Alone,us.amazon.nova-pro-v1:0,,no_title_on_poster,there is no visible title text on the poster,
1585710,The Farewell,us.amazon.nova-pro-v1:0,,no_title_on_poster,no title text present on the image,
1590787,Q.R.,us.amazon.nova-pro-v1:0,,no_title_on_poster,there is no title text on the poster,
1594719,Bullet and Lace,us.amazon.nova-pro-v1:0,,no_title_on_poster,There is no visible title text on the poster.,
1598989,Terror of the Ratman,us.amazon.nova-pro-v1:0,,no_title_on_poster,there is no title text present on the image,
1602715,Flaggot,us.amazon.nova-pro-v1:0,,no_title_on_poster,there is no visible title text on the poster,
1605027,Bhadil Solval Bhadrakali,us.amazon.nova-pro-v1:0,பத்திரகாளி,match,the title text on the poster matches the cataloged film title,
1609975,THE CREATURE,us.amazon.nova-pro-v1:0,,no_title_on_poster,No title text is visible on the poster.,
1613258,Children of the Night,us.amazon.nova-pro-v1:0,,no_title_on_poster,there is no title text present on the image,
1618858,NMB48 - Omowase Kousen,us.amazon.nova-pro-v1:0,NMB 48,mismatch,the title on the poster does not match the cataloged title,
1623425,L'invocation,us.amazon.nova-pro-v1:0,,no_title_on_poster,there is no visible title text on the poster,
1630588,GHOSTFACE vs LEATHERFACE,us.amazon.nova-pro-v1:0,,no_title_on_poster,There is no visible title text on the poster.,
1632231,The Shedding,us.amazon.nova-pro-v1:0,,no_title_on_poster,there is no visible title text on the poster,
1636639,El Cuarto Negro - The Black Room,us.amazon.nova-pro-v1:0,,no_title_on_poster,There is no visible title text on the image.,
1640184,Wheel of Obedience,us.amazon.nova-pro-v1:0,,no_title_on_poster,There is no visible title text on the poster.,
1646001,JAW,us.amazon.nova-pro-v1:0,,no_title_on_poster,there is no title text present on the poster,
1649727,Taste of Evil,us.amazon.nova-pro-v1:0,,no_title_on_poster,there is no title text present on the image,
1654701,How to do a backflip!,us.amazon.nova-pro-v1:0,,no_title_on_poster,There is no visible title text on the image.,
1658844,In The Woods,us.amazon.nova-pro-v1:0,,no_title_on_poster,No title text is visible on the poster.,
1661471,Se minha parede falasse,us.amazon.nova-pro-v1:0,,no_title_on_poster,There is no visible title text on the poster.,
1665138,Dear Apologies,us.amazon.nova-pro-v1:0,,no_title_on_poster,there is no legible title text on the poster,
1668322,FRAGMENT DE VIOLENCE NOCTURNE,us.amazon.nova-pro-v1:0,,no_title_on_poster,there is no title text on the poster,
1675356,Çok Çekim Ölüler,us.amazon.nova-pro-v1:0,,no_title_on_poster,There is no visible title text on the poster.,
1680059,the last day,us.amazon.nova-pro-v1:0,,no_title_on_poster,There is no visible title text on the image.,
1687144,Skotos,us.amazon.nova-pro-v1:0,SKOTOS,match,the title text on the poster matches the catalog listing,
1690560,Call of the Wild,us.amazon.nova-pro-v1:0,,no_title_on_poster,There is no visible title text on the poster.,
1695900,The Charybdis,us.amazon.nova-pro-v1:0,The Charybdis,match,The title on the poster matches the catalog listing.,
1700161,Hellfire the Torturous Continuation of Nothingness,us.amazon.nova-pro-v1:0,,no_title_on_poster,No legible title text is present on the poster.,
1703248,A Detached Reflection - Riflessi Privati,us.amazon.nova-pro-v1:0,,no_title_on_poster,There is no visible title text on the poster.,
1707748,Late At Night,us.amazon.nova-pro-v1:0,,no_title_on_poster,There is no visible title text on the image.,
1712042,Life of Autism 2,us.amazon.nova-pro-v1:0,,no_title_on_poster,There is no visible title text on the poster.,
1715853,The Rexburg Psycho: Origins,us.amazon.nova-pro-v1:0,,no_title_on_poster,There is no visible title text on the image.,
1720656,A Domestic Incident in Boylan Heights,us.amazon.nova-pro-v1:0,,no_title_on_poster,There is no visible title text on the image.,
1722077,Burnout,us.amazon.nova-pro-v1:0,,no_title_on_poster,No title text is visible on the poster.,
1723640,Jailbird,us.amazon.nova-pro-v1:0,,no_title_on_poster,there is no visible title text on the image,
1730952,Poo Blast,us.amazon.nova-pro-v1:0,,no_title_on_poster,There is no visible title text on the poster.,
1734682,"People, People, People!",us.amazon.nova-pro-v1:0,,no_title_on_poster,there is no title text present on this poster,
1739209,Rotten,us.amazon.nova-pro-v1:0,ROTTEN,match,The title text on the poster matches the catalog listing.,
17796,Freaked,us.amazon.nova-pro-v1:0,FREAKED,match,the title text on the poster matches the catalog entry,
26198,The Keep,us.amazon.nova-pro-v1:0,the keep,match,the title text on the poster matches the catalog entry,
35040,Croc,us.amazon.nova-pro-v1:0,CROG,mismatch,the title text on the poster is not exactly 'Croc',
53122,Chandramukhi,us.amazon.nova-pro-v1:0,Chandramukhi,match,the title text on the poster matches the catalog entry,
66315,Aayiram Jenmangal,us.amazon.nova-pro-v1:0,Aayiram Jenmangal,match,The title text on the poster matches the catalog listing.,
85198,Frightmare,us.amazon.nova-pro-v1:0,Frightmare,match,the title text on the poster matches the catalog entry,
99263,Schizophreniac: The Whore Mangler,us.amazon.nova-pro-v1:0,SCHIZOPHORENIAC,mismatch,the title text on the poster is different from the catalog listing,
129465,Hells,us.amazon.nova-pro-v1:0,HELLS,match,the title text on the poster matches the cataloged movie name,
166201,Bog,us.amazon.nova-pro-v1:0,BOG,match,the title text on the poster matches the cataloged film title,
203009,Blackwood Evil,us.amazon.nova-pro-v1:0,BLACKWOOD EVIL,match,the title text on the poster matches the catalog listing,
240157,Devadoothan,us.amazon.nova-pro-v1:0,devadoothan,match,the title text matches the catalog entry,
254250,Till Death Do We Scare,us.amazon.nova-pro-v1:0,,no_title_on_poster,"The title text on the poster is in Chinese characters, not English.",
262872,Coyote,us.amazon.nova-pro-v1:0,COYOTE,match,the title text on the poster matches the catalog listing,
276748,Creature of Comfort,us.amazon.nova-pro-v1:0,,no_title_on_poster,there is no title text present on this poster,
297160,XX,us.amazon.nova-pro-v1:0,XX,match,the title text on the poster matches the cataloged film title,
314364,Sakthi,us.amazon.nova-pro-v1:0,sakthi,match,the title text on the poster matches the catalog listing,
322055,"You Become a Star, Too",us.amazon.nova-pro-v1:0,,no_title_on_poster,there is no title text present on the poster,
329134,Massu Engira Maasilamani,us.amazon.nova-pro-v1:0,massu,match,the title text on the poster matches the catalog listing,
336766,The Legend of the Scarecrow,us.amazon.nova-pro-v1:0,la leyenda de espantapajaros,mismatch,the title on the poster is in spanish,
346986,Feast Of Fools,us.amazon.nova-pro-v1:0,,no_title_on_poster,there is no title text present on the poster,
361554,Don't Nag Me,us.amazon.nova-pro-v1:0,,no_title_on_poster,there is no title text present on the image,
370808,Lesley the Pony Has an A+ Day!,us.amazon.nova-pro-v1:0,,no_title_on_poster,There is no visible title text on the poster.,
383338,Escape,us.amazon.nova-pro-v1:0,,no_title_on_poster,there is no visible title text on the poster,
392193,Soccer Moms in Peril!,us.amazon.nova-pro-v1:0,,no_title_on_poster,there is no title text present on the poster,
398768,White Clothing: Harakiri,us.amazon.nova-pro-v1:0,白い服 腹切り,match,the title text on the poster matches the catalog listing,
406269,Interrogation,us.amazon.nova-pro-v1:0,,no_title_on_poster,there is no title text present on the poster,
415175,The Scavengers,us.amazon.nova-pro-v1:0,,no_title_on_poster,no title text present on the poster,
423870,Empire of Madness,us.amazon.nova-pro-v1:0,Empire of Madness 2,match,"The title 'Empire of Madness' is clearly visible on the poster, along with the number '2', indicating it is the second part of a series.",
437265,The Gods Have a Nervous Breakdown,us.amazon.nova-pro-v1:0,,no_title_on_poster,The text on the poster is not the film title.,
447385,The Dream Woman,us.amazon.nova-pro-v1:0,,no_title_on_poster,there is no title text present on the poster,
450515,The Night the Spirit Returns,us.amazon.nova-pro-v1:0,夜半歌聲,mismatch,the title text on the poster does not match the catalog listing,
457781,Blondie,us.amazon.nova-pro-v1:0,,no_title_on_poster,no title text present on the poster,
464879,Cabin 28,us.amazon.nova-pro-v1:0,CABIN28,match,the title text on the poster matches the cataloged film title,
469867,A Caverna,us.amazon.nova-pro-v1:0,,no_title_on_poster,no title text present on the image,
478149,GARO: Fang of God,us.amazon.nova-pro-v1:0,牙狼,mismatch,the title text on the poster is different from the catalog entry,
481726,Jordan Descending,us.amazon.nova-pro-v1:0,,no_title_on_poster,there is no title text visible on the poster,
483940,Squareworld,us.amazon.nova-pro-v1:0,,no_title_on_poster,no legible title text found on the poster,
484627,He Will Call,us.amazon.nova-pro-v1:0,,no_title_on_poster,there is no title text on the image,
490870,The Idol,us.amazon.nova-pro-v1:0,,no_title_on_poster,There is no visible title text on the poster.,
498580,Kanchana 3,us.amazon.nova-pro-v1:0,Kanchana 3,match,matches catalog,
507489,Anti-Pervert Manual,us.amazon.nova-pro-v1:0,,no_title_on_poster,No legible title text is present on the poster.,
513372,Hoax,us.amazon.nova-pro-v1:0,HOAX,match,the title text on the poster matches the cataloged film name,
515627,C.L.A.Y.,us.amazon.nova-pro-v1:0,,no_title_on_poster,there is no title text on the poster,
522650,Tokyo Halloween Night,us.amazon.nova-pro-v1:0,,no_title_on_poster,no title text present on the image,
526783,I Will Never Forgive,us.amazon.nova-pro-v1:0,我不吃若我如何刻息,mismatch,the title text on the poster does not match the cataloged film title,
529139,Moodswing,us.amazon.nova-pro-v1:0,,no_title_on_poster,No title text is visible on the poster.,
531502,Funnel Web Family Refrigerated,us.amazon.nova-pro-v1:0,,no_title_on_poster,there is no visible title text on the poster,
540306,The Hornet's Disciple and the Scars She Left,us.amazon.nova-pro-v1:0,,no_title_on_poster,There is no visible title text on the poster.,
547034,Vellinakshatram,us.amazon.nova-pro-v1:0,Vellinakshatram,match,The title text on the poster matches the catalog listing.,
553054,Full Moon Sonny,us.amazon.nova-pro-v1:0,,no_title_on_poster,there is no title text present on the poster,
557508,5 Minutes to Midnight,us.amazon.nova-pro-v1:0,,no_title_on_poster,There is no visible title text on the poster.,
565441,Return of the Wolf Man,us.amazon.nova-pro-v1:0,,no_title_on_poster,there is no title text on the poster,
567667,Anachronic,us.amazon.nova-pro-v1:0,,no_title_on_poster,there is no visible title text on the poster,
574790,Toby,us.amazon.nova-pro-v1:0,,no_title_on_poster,there is no title text on the poster,
582892,Despondent Yearning,us.amazon.nova-pro-v1:0,,no_title_on_poster,There is no visible title text on the poster.,
589635,Cenizas,us.amazon.nova-pro-v1:0,,no_title_on_poster,There is no visible title text on the poster.,
597502,Night Pastor,us.amazon.nova-pro-v1:0,,no_title_on_poster,No legible title text is present on the poster.,
605635,Receptor,us.amazon.nova-pro-v1:0,,no_title_on_poster,no title text present on the poster,
609302,Adriela,us.amazon.nova-pro-v1:0,,no_title_on_poster,There is no visible title text on the poster.,
616347,Guest,us.amazon.nova-pro-v1:0,,no_title_on_poster,There is no visible title text on the poster.,
626229,Flesh on Glass,us.amazon.nova-pro-v1:0,,no_title_on_poster,no title text present on the poster,
638210,My Girlfriend is a Serial Killer,us.amazon.nova-pro-v1:0,彼女、お借りします,mismatch,the text on the poster does not match the provided movie title,
641588,The Veldt,us.amazon.nova-pro-v1:0,,no_title_on_poster,The image shows a close-up of a lion's face with no visible title text.,
643889,Two Little Red Dolls,us.amazon.nova-pro-v1:0,,no_title_on_poster,no legible title text present on the image,
650248,Nycto,us.amazon.nova-pro-v1:0,Nycto,match,The title text on the poster matches the catalog listing.,
656147,(sorcière japonaise),us.amazon.nova-pro-v1:0,,no_title_on_poster,there is no visible title text on the poster,
662109,The Room,us.amazon.nova-pro-v1:0,,no_title_on_poster,there is no visible title text on the poster,
664748,Dr. Sadismo's Theatre of the Macabre,us.amazon.nova-pro-v1:0,,no_title_on_poster,No title text is present on the poster.,
669974,Ashley,us.amazon.nova-pro-v1:0,,no_title_on_poster,no title text present on the artwork,
674943,palyaço bobi,us.amazon.nova-pro-v1:0,,no_title_on_poster,there is no visible title text on the poster,
678278,Late Spring/Regrets For Our Youth,us.amazon.nova-pro-v1:0,,no_title_on_poster,There is no visible title text on the image.,
686086,Rood,us.amazon.nova-pro-v1:0,,no_title_on_poster,There is no visible title text on the poster.,
690128,Emoticon,us.amazon.nova-pro-v1:0,,no_title_on_poster,There is no visible title text on the poster.,
690658,Biocrisis,us.amazon.nova-pro-v1:0,,no_title_on_poster,there is no title text present on the poster,
694439,Under Cemetery 2: Guanajuato,us.amazon.nova-pro-v1:0,,no_title_on_poster,No legible title text is present on the poster.,
698826,Transfiguration Atelier,us.amazon.nova-pro-v1:0,,no_title_on_poster,there is no title text present on the poster,
713504,Blind Date,us.amazon.nova-pro-v1:0,Blind Date,match,The title text on the poster matches the catalog listing.,
719686,Monstera Deliciosa,us.amazon.nova-pro-v1:0,,no_title_on_poster,There is no visible title text on the poster.,
724919,Pressure,us.amazon.nova-pro-v1:0,,no_title_on_poster,there is no visible title text on the poster,
728218,Mean Spirit,us.amazon.nova-pro-v1:0,,no_title_on_poster,There is no visible title text on the poster.,
729631,La ballata della strega,us.amazon.nova-pro-v1:0,,no_title_on_poster,there is no title text present on the poster,
733126,Behind the Frame,us.amazon.nova-pro-v1:0,,no_title_on_poster,there is no title text visible on the poster,
736369,Même pas Mal,us.amazon.nova-pro-v1:0,,no_title_on_poster,No title text is visible on the poster.,
742948,Pieces of Me,us.amazon.nova-pro-v1:0,Piecesofme,match,The title text on the poster matches the catalog listing.,
746661,Cleaning Day,us.amazon.nova-pro-v1:0,,no_title_on_poster,There is no visible title text on the poster.,
749992,Junction,us.amazon.nova-pro-v1:0,,no_title_on_poster,there is no title text on the poster,
753158,Old Maid,us.amazon.nova-pro-v1:0,,no_title_on_poster,No visible title text on the poster.,
756158,Kurt Cobain Horror Movies,us.amazon.nova-pro-v1:0,,no_title_on_poster,there is no visible title text on the image,
761953,"Komaneko, Home Alone",us.amazon.nova-pro-v1:0,,no_title_on_poster,There is no visible title text on the poster.,
763302,Haunted House,us.amazon.nova-pro-v1:0,,no_title_on_poster,there is no title text present on the poster,
765878,Alla ricerca dell'impossibile,us.amazon.nova-pro-v1:0,,no_title_on_poster,there is no title text present on the poster,
770382,3 AM,us.amazon.nova-pro-v1:0,3 AM,match,the title text on the poster matches the catalog entry,
772312,There's Something Wrong With My Freezer,us.amazon.nova-pro-v1:0,,no_title_on_poster,the image is too dark to make out any text,
778521,Devil Boy: Welcome to Devil Land!!,us.amazon.nova-pro-v1:0,デビルクンのフィーラーード!!,match,the title text on the poster matches the catalog entry,
785097,The Cask,us.amazon.nova-pro-v1:0,,no_title_on_poster,There is no visible title text on the poster.,
790257,Horror News,us.amazon.nova-pro-v1:0,恐怖新聞,match,the title text matches the catalog entry,
794630,The Terror of the Disgusting Worms from Outer Space,us.amazon.nova-pro-v1:0,,no_title_on_poster,no title text present on the image,
796400,Look Around,us.amazon.nova-pro-v1:0,,no_title_on_poster,there is no title text present on the poster,
797924,A WOMAN IN A FASHION BUILDING,us.amazon.nova-pro-v1:0,,no_title_on_poster,there is no title text on the poster,
799943,The Ouija Board Project,us.amazon.nova-pro-v1:0,,no_title_on_poster,There is no visible title text on the poster.,
805201,Industry to cash ghosts,us.amazon.nova-pro-v1:0,,no_title_on_poster,there is no visible title text on the poster,
810896,Waiting Room,us.amazon.nova-pro-v1:0,,no_title_on_poster,There is no visible title text on the poster.,
815279,Atrophy,us.amazon.nova-pro-v1:0,,no_title_on_poster,there is no title text present on the poster,
819401,Sonnet of Delirium,us.amazon.nova-pro-v1:0,,no_title_on_poster,there is no title text present on the poster,
825893,Chain Reaction,us.amazon.nova-pro-v1:0,,no_title_on_poster,there is no title text present on the poster,
829674,Who Was It: The Beginning(Part 1),us.amazon.nova-pro-v1:0,,no_title_on_poster,there is no visible title text on the poster,
835786,Giant Spider,us.amazon.nova-pro-v1:0,巨蛛,match,the title text on the poster matches the catalog listing,
840603,El Inmortal,us.amazon.nova-pro-v1:0,,no_title_on_poster,there is no legible title text on the image,
846867,Mad God,us.amazon.nova-pro-v1:0,MAD GOD,match,the title text on the poster matches the catalog listing,
849774,Carmilla,us.amazon.nova-pro-v1:0,,no_title_on_poster,There is no visible title text on the poster.,
852783,Protege Moi,us.amazon.nova-pro-v1:0,,no_title_on_poster,there is no title text present on the poster,
854328,Psychic Voyeur Video Cursed Appreciation Party,us.amazon.nova-pro-v1:0,魔試親片の悉りの合行のくるのくる,match,the title text on the poster matches the catalog entry,
857504,a song in b minor,us.amazon.nova-pro-v1:0,,no_title_on_poster,there is no title text present on the poster,
863171,Tixie,us.amazon.nova-pro-v1:0,TIXIE,match,the title text on the poster matches the catalog listing,
872980,Runnin' Away Gelée,us.amazon.nova-pro-v1:0,,no_title_on_poster,There is no visible title text on the poster.,
877600,Cinderella,us.amazon.nova-pro-v1:0,சிண்ட்ரெலா,mismatch,"the title text is in tamil, not english",
879339,In the Bathroom..,us.amazon.nova-pro-v1:0,,no_title_on_poster,there is no visible title text on the poster,
882965,Prison Festival,us.amazon.nova-pro-v1:0,,no_title_on_poster,there is no visible title text on the image,
889850,Home Alone,us.amazon.nova-pro-v1:0,,no_title_on_poster,there is no title text present on the poster,
896161,Hiya Janice,us.amazon.nova-pro-v1:0,,no_title_on_poster,There is no visible title text on the image.,
901553,O Beijo na Morte,us.amazon.nova-pro-v1:0,,no_title_on_poster,The image does not contain any text that resembles a film title.,
911708,Star of David,us.amazon.nova-pro-v1:0,子光のダィービッド,mismatch,the title text on the poster does not match the catalog listing,
921935,Ballabhpurer Roopkotha,us.amazon.nova-pro-v1:0,Ballabhpurer Roopkotha,match,The title text on the poster matches the catalog listing.,
928782,Speedball Nosferatu,us.amazon.nova-pro-v1:0,,no_title_on_poster,there is no visible title text on the image,
932598,Peachrings,us.amazon.nova-pro-v1:0,,no_title_on_poster,There is no visible title text on the poster.,
935097,Banette's Curse,us.amazon.nova-pro-v1:0,,no_title_on_poster,there is no visible title text on the image,
939839,La Silla Satánica,us.amazon.nova-pro-v1:0,,no_title_on_poster,There is no visible title text on the image.,
942888,Incarnation,us.amazon.nova-pro-v1:0,,no_title_on_poster,there is no visible title text on the poster,
947043,撞·死人,us.amazon.nova-pro-v1:0,,no_title_on_poster,no title text present on the image,
951980,Glyphs II,us.amazon.nova-pro-v1:0,,no_title_on_poster,there is no legible title text on the poster,
955293,Mittel Würffel,us.amazon.nova-pro-v1:0,,no_title_on_poster,no title text present on the poster,
960424,Where I Buried Him,us.amazon.nova-pro-v1:0,,no_title_on_poster,there is no visible title text on the poster,
966560,Possessed,us.amazon.nova-pro-v1:0,,no_title_on_poster,There is no title text present on the poster.,
968202,古いビデオに入っていた謎の映像,us.amazon.nova-pro-v1:0,,no_title_on_poster,there is no visible title text on the poster,
974733,Last Message Unread,us.amazon.nova-pro-v1:0,,no_title_on_poster,There is no visible title text on the poster.,
977635,Kiss Me Whore,us.amazon.nova-pro-v1:0,,no_title_on_poster,there is no title text present on the image,
977654,Down with the Creeps,us.amazon.nova-pro-v1:0,,no_title_on_poster,No title text is present on the poster.,
983471,Liminal Park,us.amazon.nova-pro-v1:0,,no_title_on_poster,there is no title text present on the poster,
987324,Cordelia,us.amazon.nova-pro-v1:0,,no_title_on_poster,No title text is visible on the poster.,
994082,Blackout,us.amazon.nova-pro-v1:0,,no_title_on_poster,there is no title text on the image,
996747,Anniversary,us.amazon.nova-pro-v1:0,,no_title_on_poster,there is no title text present on the poster,
1004662,Bell Witch of Leith,us.amazon.nova-pro-v1:0,,no_title_on_poster,No legible title text is present on the poster.,
1012410,Teenage Ghost Girl,us.amazon.nova-pro-v1:0,Teenage Ghost Girl,match,The title text on the poster matches the catalog listing.,
1015505,Flesh,us.amazon.nova-pro-v1:0,,no_title_on_poster,there is no title text present on the poster,
1019999,Halloween 4: Dawn of the Dreary,us.amazon.nova-pro-v1:0,,no_title_on_poster,there is no title text on the poster,
1023716,Sweet,us.amazon.nova-pro-v1:0,,no_title_on_poster,there is no visible title text on the poster,
1028653,Shortest Horror Movie Ever,us.amazon.nova-pro-v1:0,,no_title_on_poster,there is no title text present on the poster,
1033095,Secret Formula,us.amazon.nova-pro-v1:0,,no_title_on_poster,there is no title text present on the poster,
1039898,Burying,us.amazon.nova-pro-v1:0,,no_title_on_poster,There is no visible title text on the image.,
1044115,Exorcist 2: Human Exorcism,us.amazon.nova-pro-v1:0,驅魔錄2,mismatch,the title text on the poster is different from the cataloged title,
1048512,人間レコード - Live Action,us.amazon.nova-pro-v1:0,,no_title_on_poster,no discernible title text on the poster,
1052857,Bigfoot,us.amazon.nova-pro-v1:0,,no_title_on_poster,there is no title text on the image,
1057228,The Y,us.amazon.nova-pro-v1:0,Y,mismatch,"the letter 'Y' is visible, but not the word 'the'",
1065934,Bug Complex,us.amazon.nova-pro-v1:0,,no_title_on_poster,there is no visible title text on the image,
1074141,"Flowers in the Mirror, Wind and Moon: The Ghost Appears",us.amazon.nova-pro-v1:0,花镜风月之鬼影,match,the title text on the poster matches the catalog entry,
1077097,Faust and Mephistopheles,us.amazon.nova-pro-v1:0,,no_title_on_poster,there is no title text present on the poster,
1078479,The Harvester,us.amazon.nova-pro-v1:0,,no_title_on_poster,No title text is visible on the poster.,
1082344,Frutabomba,us.amazon.nova-pro-v1:0,,no_title_on_poster,there is no visible title text on the image,
1085386,Killing Time with Lizzie Boredom,us.amazon.nova-pro-v1:0,,no_title_on_poster,there is no visible title text on the poster,
1089959,Phantasmagoria,us.amazon.nova-pro-v1:0,,no_title_on_poster,There is no visible title text on the image.,
1092519,Oh Dear Lord What is Wrong With Your Face?,us.amazon.nova-pro-v1:0,,no_title_on_poster,No visible title text on the poster.,
1096076,Fish Piss,us.amazon.nova-pro-v1:0,FISHPISS,match,the title text on the poster matches the catalog listing,
1099767,Head-Hunter,us.amazon.nova-pro-v1:0,,no_title_on_poster,there is no visible title text on the image,
1103867,Her Beginnings,us.amazon.nova-pro-v1:0,,no_title_on_poster,No title text is present on the poster.,
1108895,undercurrent,us.amazon.nova-pro-v1:0,,no_title_on_poster,No title text is visible on the poster.,
1113573,Judy’s Turn to Cry,us.amazon.nova-pro-v1:0,,no_title_on_poster,there is no title text on the image,
1117424,Street of Gravestones,us.amazon.nova-pro-v1:0,,no_title_on_poster,There is no visible title text on the image.,
1120062,Pułapki,us.amazon.nova-pro-v1:0,,no_title_on_poster,No title text is visible on the poster.,
1123503,Big Milk,us.amazon.nova-pro-v1:0,BIG MILK,match,the title text on the poster matches the catalog entry,
1127560,Yatsuhakamura,us.amazon.nova-pro-v1:0,八つ墓村,match,The title text on the poster matches the catalog listing 'Yatsuhakamura' in Japanese characters.,
1137251,GORE,us.amazon.nova-pro-v1:0,GORE,match,the title text on the poster matches the catalog listing,
1141993,Reprieve,us.amazon.nova-pro-v1:0,REPR EVE,match,the title text on the poster matches the catalog listing,
1145880,A Better Man,us.amazon.nova-pro-v1:0,,no_title_on_poster,there is no title text present on the poster,
1148524,Paranoid Instamatic,us.amazon.nova-pro-v1:0,,no_title_on_poster,No title text is visible on the poster.,
1151593,Eyes,us.amazon.nova-pro-v1:0,,no_title_on_poster,There is no visible title text on the poster.,
1155301,Nakaw,us.amazon.nova-pro-v1:0,,no_title_on_poster,there is no title text present on the poster,
1162056,Peering into the Darkness,us.amazon.nova-pro-v1:0,,no_title_on_poster,There is no visible title text on the poster.,
1166109,Namade Kowasugi!,us.amazon.nova-pro-v1:0,なまでこわすぎ!,match,the title text matches the catalog entry,
1170797,Everything is Good,us.amazon.nova-pro-v1:0,,no_title_on_poster,There is no visible title text on the poster.,
1172678,Cannot Play Title,us.amazon.nova-pro-v1:0,,no_title_on_poster,There is no visible title text on the poster.,
1173833,The Serpent and the Lovers,us.amazon.nova-pro-v1:0,蛇与情侣,match,the title on the poster matches the catalog entry,
1178529,Zetsuosore Taikan Kimodameshi,us.amazon.nova-pro-v1:0,絶叫怨霊 体感 肝試し,match,the title text on the poster matches the catalog entry,
1180354,Goddess Panthong,us.amazon.nova-pro-v1:0,พันธุ์ทอง,match,the title text on the poster matches the catalog entry,
1182752,Answer Me,us.amazon.nova-pro-v1:0,,no_title_on_poster,There is no visible title text on the image.,
1189043,Party Monster,us.amazon.nova-pro-v1:0,,no_title_on_poster,there is no visible title text on the poster,
1192652,Scary Fairy Tales: Cinderella,us.amazon.nova-pro-v1:0,こわいおとぎばなし,match,The title text on the poster matches the catalog listing for the film.,
1198873,Busung Katak,us.amazon.nova-pro-v1:0,,no_title_on_poster,There is no visible title text on the poster.,
1200167,Abandoned Explored,us.amazon.nova-pro-v1:0,,,,"HTTPSConnectionPool(host='image.tmdb.org', port=443): Read timed out."
1202913,Insomnia,us.amazon.nova-pro-v1:0,INSOMNIA,match,the title text on the poster matches the catalog entry,
1206152,Aunt Tigress,us.amazon.nova-pro-v1:0,,no_title_on_poster,there is no title text present on this poster,
1210047,Aranam,us.amazon.nova-pro-v1:0,Aranam,match,the title text on the poster matches the catalog entry,
1217141,Paroxysm: Fear,us.amazon.nova-pro-v1:0,,no_title_on_poster,No legible title text is present on the poster.,
1221574,Grandson's Summer,us.amazon.nova-pro-v1:0,,no_title_on_poster,there is no title text present on this poster,
1226341,Kaidan Shin Mimibukuro Nagurikomi! Gekijō-ban Tōkaidō-hen,us.amazon.nova-pro-v1:0,怪談新耳袋 殴り込み!劇場版 東海道編,match,the title text matches the catalog entry,
1230719,THE WORLD IS CONSUMING ME AND I CAN'T RUN AWAY FROM THE FALL,us.amazon.nova-pro-v1:0,,no_title_on_poster,there is no title text on the poster,
1232099,The Big Sink,us.amazon.nova-pro-v1:0,,no_title_on_poster,There is no visible title text on the poster.,
1236998,Modern Urban Ghost Legends: Terrifying True Stories Surgeons Cannot Speak Of,us.amazon.nova-pro-v1:0,都市伝説 恐怖の真相 外科医が語らない手術室の怖い話,match,the title on the poster matches the cataloged title,
1240814,Incidental 38: Strange Action At A Distance,us.amazon.nova-pro-v1:0,,no_title_on_poster,there is no visible title text on the poster,
1244017,Bug,us.amazon.nova-pro-v1:0,BUG,match,the title text on the poster matches the catalog entry,
1247181,Earworm,us.amazon.nova-pro-v1:0,,no_title_on_poster,there is no visible title text on the poster,
1252768,When the Blood Flows,us.amazon.nova-pro-v1:0,quando o sangue flui,mismatch,the text on the poster is in a different language and does not match the catalog title,
1259973,Tommy Can't Sleep,us.amazon.nova-pro-v1:0,,no_title_on_poster,no title text present on the poster,
1262456,Nailed,us.amazon.nova-pro-v1:0,,no_title_on_poster,there is no title text present on the poster,
1265651,Algo en la camara,us.amazon.nova-pro-v1:0,,no_title_on_poster,There is no visible title text on the image.,
1269413,The Cursed Plate: Dish Mansion at Hell's Banchō,us.amazon.nova-pro-v1:0,地獄番町 おやこ星,match,the title text on the poster matches the catalog listing,
1274134,I Live Here Now,us.amazon.nova-pro-v1:0,I Live Here Now,match,the title text matches the catalog listing,
1280215,From the River's Depths,us.amazon.nova-pro-v1:0,,no_title_on_poster,There is no visible title text on the poster.,
1282069,The Man From The Sea,us.amazon.nova-pro-v1:0,,no_title_on_poster,There is no visible title text on the poster.,
1287025,The Last Lonely Man,us.amazon.nova-pro-v1:0,,no_title_on_poster,there is no title text present on the poster,
1289721,Albularyo,us.amazon.nova-pro-v1:0,,no_title_on_poster,There is no visible title text on the poster.,
1292442,Little Sea Death,us.amazon.nova-pro-v1:0,,no_title_on_poster,No title text is visible on the poster.,
1295758,Thursday Ghost Stories Ghost Club: Seven Wonders of School Edition 1,us.amazon.nova-pro-v1:0,,,,Invalid \uXXXX escape: line 2 column 310 (char 311)
1300054,valo-valo,us.amazon.nova-pro-v1:0,valo valo,match,the title on the poster matches the catalog entry,
1301498,4:30,us.amazon.nova-pro-v1:0,4:30,match,the time 4:30 is clearly visible on the poster,
1305630,The Land at Night,us.amazon.nova-pro-v1:0,,no_title_on_poster,there is no title text present on the poster,
1308238,Leave Me Alone,us.amazon.nova-pro-v1:0,,no_title_on_poster,there is no title text on the image,
1310396,The Reaper's Image,us.amazon.nova-pro-v1:0,,no_title_on_poster,There is no visible title text on the poster.,
1313863,evil WARbie bitch,us.amazon.nova-pro-v1:0,,no_title_on_poster,there is no title text present on the image,
1316620,Grudge Girls Academy: Serial Murder of Fear!,us.amazon.nova-pro-v1:0,,no_title_on_poster,no title text present on the image,
1317890,lovespells: Dark Rider,us.amazon.nova-pro-v1:0,,no_title_on_poster,No visible title text on the poster.,
1319818,Afternoon of the Evil Spirits,us.amazon.nova-pro-v1:0,悪霊の午後,match,the title text matches the catalog entry,
1321049,The Cursed Bride,us.amazon.nova-pro-v1:0,,no_title_on_poster,No English title text is visible on the poster.,
1321236,Chain Letter,us.amazon.nova-pro-v1:0,,no_title_on_poster,There is no visible title text on the poster.,
1324818,Dracula,us.amazon.nova-pro-v1:0,,no_title_on_poster,there is no title text present on the poster,
1330573,Pagoda of Peril!,us.amazon.nova-pro-v1:0,,no_title_on_poster,there is no title text on the poster,
1339480,Popsy,us.amazon.nova-pro-v1:0,,no_title_on_poster,there is no title text present on the poster,
1346557,What do you see?.mp4,us.amazon.nova-pro-v1:0,,no_title_on_poster,There is no visible title text on the poster.,
1355307,Flush,us.amazon.nova-pro-v1:0,,no_title_on_poster,there is no visible title text on the poster,
1359914,Japanese Spirit Photography Videos,us.amazon.nova-pro-v1:0,,no_title_on_poster,No visible title text on the poster,
1363688,Lucid dream,us.amazon.nova-pro-v1:0,,no_title_on_poster,there is no title text present on the poster,
1367277,Alien IV?,us.amazon.nova-pro-v1:0,,no_title_on_poster,there is no title text on the image,
1372620,The Isle of the banished,us.amazon.nova-pro-v1:0,,no_title_on_poster,There is no movie poster in the image.,
1373749,Intense Moment,us.amazon.nova-pro-v1:0,,no_title_on_poster,No title text is visible on the poster.,
1376681,Killing Time,us.amazon.nova-pro-v1:0,,no_title_on_poster,No title text is present on the poster.,
1379699,Of Cat and Creature,us.amazon.nova-pro-v1:0,,no_title_on_poster,no title text present on the image,
1380585,Zombie Hands,us.amazon.nova-pro-v1:0,,no_title_on_poster,No title text is visible on the poster.,
1383323,Gennaro,us.amazon.nova-pro-v1:0,Gennaro,match,the title text on the poster matches the catalog entry,
1388513,Crimes Against Pussycat,us.amazon.nova-pro-v1:0,,no_title_on_poster,there is no visible title text on the poster,
1393564,Zombies of Oz: Tin,us.amazon.nova-pro-v1:0,,no_title_on_poster,There is no visible title text on the poster.,
1395037,She’s Waiting,us.amazon.nova-pro-v1:0,,no_title_on_poster,there is no title text present on the poster,
1397155,Preparation and Sacrifice,us.amazon.nova-pro-v1:0,,no_title_on_poster,there is no visible title text on the poster,
1401722,Porcelain,us.amazon.nova-pro-v1:0,,no_title_on_poster,there is no title text on the poster,
1411616,Acolyte,us.amazon.nova-pro-v1:0,,no_title_on_poster,there is no title text present on the poster,
1416196,SOUP!,us.amazon.nova-pro-v1:0,,no_title_on_poster,there is no title text on this image,
1422592,Burden,us.amazon.nova-pro-v1:0,,no_title_on_poster,there is no visible title text on the poster,
1430915,QIJE,us.amazon.nova-pro-v1:0,QIJE,match,The title 'QIJE' is clearly visible on the poster.,
1433843,Sodom-Akne,us.amazon.nova-pro-v1:0,Sodom Akne,match,The title text on the poster matches the catalog listing.,
1436243,Spookslayers,us.amazon.nova-pro-v1:0,SPOOKSLAYERS,match,the title text on the poster matches the catalog listing,
1441945,Horror Friends,us.amazon.nova-pro-v1:0,,no_title_on_poster,there is no title text present on the image,
1451499,Bad Jew,us.amazon.nova-pro-v1:0,BAD JEW,match,The title text on the poster matches the catalog listing.,
1457403,Toucan,us.amazon.nova-pro-v1:0,TOUCAN,match,the title text on the poster matches the catalog entry,
1459576,"hey,",us.amazon.nova-pro-v1:0,,no_title_on_poster,there is no title text present on the poster,
1464438,SCORIE INCONSCIAMENTE RILASCIATE,us.amazon.nova-pro-v1:0,,no_title_on_poster,No title text is visible on the poster.,
1468451,Kytice,us.amazon.nova-pro-v1:0,,no_title_on_poster,there is no title text present on the poster,
1475831,The Ray Bradbury Theater: And So Died Riabouchinska,us.amazon.nova-pro-v1:0,,no_title_on_poster,there is no title text present on the poster,
1481630,New Eden,us.amazon.nova-pro-v1:0,,no_title_on_poster,there is no title text present on the poster,
1485535,Eternal Return - RED Edition,us.amazon.nova-pro-v1:0,,no_title_on_poster,There is no visible title text on the poster.,
1489860,Homemade Gatorade,us.amazon.nova-pro-v1:0,HOMEMADE GATORADE,match,the title text on the poster matches the catalog listing,
1494779,João & Alice,us.amazon.nova-pro-v1:0,,no_title_on_poster,There is no visible title text on the poster.,
1498858,Only Fans - Allowed,us.amazon.nova-pro-v1:0,,no_title_on_poster,there is no visible title text on the poster,
1504291,Six Till Midnight,us.amazon.nova-pro-v1:0,,no_title_on_poster,no title text present on the image,
1505977,Feed,us.amazon.nova-pro-v1:0,,no_title_on_poster,there is no title text on the poster,
1510207,Vexo,us.amazon.nova-pro-v1:0,VEX0,mismatch,"the last character is a zero, not an 'O'",
1512881,Parasomnia,us.amazon.nova-pro-v1:0,PARASOMNIA,match,the title text on the poster matches the catalog listing,
1518779,The thirst for a goal,us.amazon.nova-pro-v1:0,,no_title_on_poster,There is no visible title text on the image.,
1525341,Kaycee Brown,us.amazon.nova-pro-v1:0,,no_title_on_poster,No legible title text found on the image.,
1532737,Fetal Dream,us.amazon.nova-pro-v1:0,,no_title_on_poster,there is no visible title text on the poster,
1538195,PINK PILLED,us.amazon.nova-pro-v1:0,,no_title_on_poster,there is no visible title text on the poster,
1542478,Hallowen Superaz,us.amazon.nova-pro-v1:0,,no_title_on_poster,there is no title text on the poster,
1545266,GOKDU;spreads its wings,us.amazon.nova-pro-v1:0,,no_title_on_poster,there is no legible title text on the poster,
1547879,INSETTICIDA,us.amazon.nova-pro-v1:0,INSETTICIDA,match,The title text on the poster matches the catalog listing.,
1549709,Pee Nak 5,us.amazon.nova-pro-v1:0,PEE NAK,mismatch,the catalog title 'Pee Nak 5' does not match the title on the poster,
1553167,The Relict,us.amazon.nova-pro-v1:0,,no_title_on_poster,There is no visible title text on the poster.,
1558100,Enemy,us.amazon.nova-pro-v1:0,ENEMY,match,The title 'ENEMY' is clearly visible on the poster.,
1562272,Fawnstar,us.amazon.nova-pro-v1:0,,no_title_on_poster,there is no visible title text on the poster,
1567014,Red Flower,us.amazon.nova-pro-v1:0,,no_title_on_poster,There is no visible title text on the poster.,
1570005,Springs,us.amazon.nova-pro-v1:0,,no_title_on_poster,There is no visible title text on the poster.,
1573785,Turncoat,us.amazon.nova-pro-v1:0,,no_title_on_poster,there is no title text present on the poster,
1575519,homewreck/homesick/homegrown,us.amazon.nova-pro-v1:0,homewreck/homesick/homegrown,match,the title text on the poster matches the catalog listing,
1580472,IIsandra In Ruin,us.amazon.nova-pro-v1:0,,no_title_on_poster,no title text present on the poster,
1586002,אשמתי (My Fault),us.amazon.nova-pro-v1:0,אשמתי,match,the title text on the poster matches the catalog entry,
1591621,Chloe’s Dream,us.amazon.nova-pro-v1:0,,no_title_on_poster,There is no visible title text on the poster.,
1595706,An Itch To Scratch,us.amazon.nova-pro-v1:0,AN ITCH TO SCRATCH,match,The title text on the poster matches the catalog listing.,
1599018,Taiping Zhen Strange Tales,us.amazon.nova-pro-v1:0,太平镇奇述,match,the title on the poster matches the catalog entry,
1603066,Ghost Festival in Zenjin Village,us.amazon.nova-pro-v1:0,禅人村の幽霊祭り,mismatch,the title text on the poster is different from the catalog listing,
1605028,Untitled - [Into The Wild],us.amazon.nova-pro-v1:0,,no_title_on_poster,There is no visible title text on the poster.,
1610201,Following,us.amazon.nova-pro-v1:0,,no_title_on_poster,There is no visible title text on the poster.,
1614906,CRAWL. SUCK. KILL.,us.amazon.nova-pro-v1:0,,no_title_on_poster,there is no visible title text on the poster,
1619416,You're Still Awake,us.amazon.nova-pro-v1:0,,no_title_on_poster,there is no visible title text on the poster,
1623427,Bats [found footage],us.amazon.nova-pro-v1:0,,no_title_on_poster,there is no title text on the poster,
1630590,GHOSTFACE vs THE COLLECTOR,us.amazon.nova-pro-v1:0,,no_title_on_poster,there is no visible title text on the poster,
1632504,The Fly: The Abyss of Mutation,us.amazon.nova-pro-v1:0,贴贴变更的海场,match,the title text on the poster matches the catalog entry,
1638328,Skeleton Kisses,us.amazon.nova-pro-v1:0,,no_title_on_poster,No title text is visible on the poster.,
1641251,ghoststory,us.amazon.nova-pro-v1:0,ghoststory,match,the title text on the poster matches the catalog listing,
1646124,Tiger's Rampage,us.amazon.nova-pro-v1:0,TIGER'S RAMPAGE,match,the title text on the poster matches the catalog exactly,
1650124,The Shattered Eye,us.amazon.nova-pro-v1:0,,no_title_on_poster,no title text present on the poster,
1655042,Gakkou No Yuurei,us.amazon.nova-pro-v1:0,学校の幽霊,match,the title text on the poster matches the catalog listing,
1659025,In The Woods 2: Deeper In The Woods,us.amazon.nova-pro-v1:0,,no_title_on_poster,there is no title text on the image,
1662026,Con los Muertos,us.amazon.nova-pro-v1:0,,no_title_on_poster,no title text present on the poster,
1665195,Either Way My Body is Illegal,us.amazon.nova-pro-v1:0,,no_title_on_poster,there is no visible title text on the image,
1668381,Ivan,us.amazon.nova-pro-v1:0,,no_title_on_poster,There is no visible title text on the poster.,
1676124,Bill's Miracle,us.amazon.nova-pro-v1:0,,no_title_on_poster,there is no visible title text on the image,
1681219,Tonight I Won't Be Eaten,us.amazon.nova-pro-v1:0,,no_title_on_poster,there is no title text present on the poster,
1687266,GRYGIEL: The Movie,us.amazon.nova-pro-v1:0,,no_title_on_poster,There is no visible title text on the image.,
1691666,Eroticristo,us.amazon.nova-pro-v1:0,,no_title_on_poster,no title text present on the poster,
1696454,Human Nature,us.amazon.nova-pro-v1:0,,no_title_on_poster,there is no visible title text on the poster,
1700162,Tape One,us.amazon.nova-pro-v1:0,,no_title_on_poster,there is no legible title text on the poster,
1703686,Mauviette,us.amazon.nova-pro-v1:0,Mauviette,match,the title text on the poster matches the catalog entry,
1707927,Aaahladam,us.amazon.nova-pro-v1:0,ആാഹലാദമ,match,the title text on the poster matches the cataloged film title,
1712409,The Ball Pit,us.amazon.nova-pro-v1:0,,no_title_on_poster,There is no visible title text on the poster.,
1715864,Curse of the Cotswolds,us.amazon.nova-pro-v1:0,,no_title_on_poster,There is no visible title text on the image.,
1720774,A blood story,us.amazon.nova-pro-v1:0,,no_title_on_poster,There is no visible title text on the poster.,
1722176,O Guanaco Caipira,us.amazon.nova-pro-v1:0,,no_title_on_poster,No title text is visible on the poster.,
1723985,Blank Canvas,us.amazon.nova-pro-v1:0,,no_title_on_poster,there is no title text present on this poster,
1731223,Beating the fear of Jinn into me,us.amazon.nova-pro-v1:0,,no_title_on_poster,no title text present on the poster,
1734939,Phone Line,us.amazon.nova-pro-v1:0,,no_title_on_poster,there is no visible title text on the poster,
1739615,Showering Alone,us.amazon.nova-pro-v1:0,,no_title_on_poster,there is no visible title text on the poster,
17874,Laserblast,us.amazon.nova-pro-v1:0,LASERPLUST,mismatch,the title text on the poster is slightly different from the cataloged film title,
26587,Dread,us.amazon.nova-pro-v1:0,Dread,match,The title text on the poster matches the catalog listing.,
36166,Devilman,us.amazon.nova-pro-v1:0,DEVILMAN,match,the title text on the poster matches the catalog entry,
53459,F,us.amazon.nova-pro-v1:0,F,match,the title text on the poster matches the catalog entry,
71480,Unborn But Forgotten,us.amazon.nova-pro-v1:0,,no_title_on_poster,The title text is not in English and cannot be read by the model.,
85646,Entrance,us.amazon.nova-pro-v1:0,ENTRANCE,match,the title text on the poster matches the catalog listing,
100241,"I, Frankenstein",us.amazon.nova-pro-v1:0,"I, FRANKENSTEIN",match,the title on the poster matches the catalog exactly,
134572,Blood Relations,us.amazon.nova-pro-v1:0,BLOOD RELATIONS,match,the title text on the poster matches the catalog exactly,
166271,Haunter,us.amazon.nova-pro-v1:0,HAUNTeR,match,the title text on the poster matches the cataloged film title,
211258,Wax,us.amazon.nova-pro-v1:0,WAX,match,the title text on the poster matches the catalog listing,
243837,Hotel,us.amazon.nova-pro-v1:0,HOTEL,match,the title text on the poster matches the cataloged film title,
255291,Animosity,us.amazon.nova-pro-v1:0,ANIM OS ITY,mismatch,the title text on the poster is not the same as the catalog title,
265067,Vampire,us.amazon.nova-pro-v1:0,VAMPIRE,match,the title text on the poster matches the catalog entry,
279237,Bake Jizo,us.amazon.nova-pro-v1:0,Bake Jizo,match,The title text on the poster matches the catalog listing.,
300143,The Rainbow Man,us.amazon.nova-pro-v1:0,彩虹人,mismatch,"the title on the poster is in chinese characters, not 'The Rainbow Man'",
315708,Martins Feuer,us.amazon.nova-pro-v1:0,,no_title_on_poster,There is no visible title text on the poster.,
322436,Millennial Reincarnation,us.amazon.nova-pro-v1:0,,no_title_on_poster,there is no title text present on the poster,
329951,The Adventures of Filfila,us.amazon.nova-pro-v1:0,فيلفيل,mismatch,the text on the poster does not match the catalog title,
336809,Sangdil,us.amazon.nova-pro-v1:0,SANGDI,mismatch,The title on the poster is missing the last 'L'.,
347206,Vengeance of the Spirits,us.amazon.nova-pro-v1:0,,no_title_on_poster,there is no title text present on the poster,
361945,Sleepy Hollow,us.amazon.nova-pro-v1:0,,no_title_on_poster,there is no title text present on the poster,
370897,Whistle Stop,us.amazon.nova-pro-v1:0,,no_title_on_poster,there is no title text present on the poster,
384197,Mochibei,us.amazon.nova-pro-v1:0,,no_title_on_poster,no title text present on the poster,
392432,Endless,us.amazon.nova-pro-v1:0,ENDLESS,match,The title text on the poster matches the catalog listing.,
399118,Night People,us.amazon.nova-pro-v1:0,Night People,match,the title text on the poster matches the catalog listing,
406275,The Last Fly,us.amazon.nova-pro-v1:0,,no_title_on_poster,there is no title text on the poster,
418939,The Eye's Dream,us.amazon.nova-pro-v1:0,眼の奈想,mismatch,"the title on the poster is in japanese, not 'the eye's dream'",
424222,UFO: It Is Here,us.amazon.nova-pro-v1:0,UFO,mismatch,"the title on the poster is just 'UFO', not 'UFO: It Is Here'",
438237,"Caracol, col, col",us.amazon.nova-pro-v1:0,,no_title_on_poster,there is no title text present on the poster,
447722,Bloody Demon,us.amazon.nova-pro-v1:0,,no_title_on_poster,No title text is visible on the poster.,
450523,The Ghostly Murderer,us.amazon.nova-pro-v1:0,鬼殺手,match,the title text on the poster matches the catalog listing,
458612,Di Suatu Tempat,us.amazon.nova-pro-v1:0,,no_title_on_poster,There is no visible title text on the poster.,
464890,Vegetables,us.amazon.nova-pro-v1:0,,no_title_on_poster,there is no legible title text on the poster,
469972,Self Decapitation,us.amazon.nova-pro-v1:0,,no_title_on_poster,no title text present on the poster,
478819,Zombie Lust,us.amazon.nova-pro-v1:0,,no_title_on_poster,there is no title text present on the poster,
482192,Damsels,us.amazon.nova-pro-v1:0,DAMSEL,mismatch,the title on the poster is missing an 'S',
484219,A Visit to the Spiritualist,us.amazon.nova-pro-v1:0,,no_title_on_poster,there is no title text present on the image,
484644,"Three Shots, Nine Shots",us.amazon.nova-pro-v1:0,,no_title_on_poster,no title text present on the poster,
491197,Henry & Aaron's Perfectly Adequate Christmas Special,us.amazon.nova-pro-v1:0,,no_title_on_poster,there is no title text on the poster,
501753,Spooky Kitaro: The All Seeing Eye,us.amazon.nova-pro-v1:0,,no_title_on_poster,there is no title text present on the poster,
507723,Rings,us.amazon.nova-pro-v1:0,the,mismatch,the visible text does not match the cataloged title 'Rings',
513665,Onaaigal Jakkiradhai,us.amazon.nova-pro-v1:0,Onaaigal Jakkiradhai,match,the title text on the poster matches the cataloged film title,
515906,Montauk,us.amazon.nova-pro-v1:0,,no_title_on_poster,there is no visible title text on the poster,
522987,Inside Evil,us.amazon.nova-pro-v1:0,INSIDE EVIL,match,The title text on the poster matches the catalog listing.,
527132,Chumbo,us.amazon.nova-pro-v1:0,CHUMBA,mismatch,"the title on the poster is 'CHUMBA', not 'Chumbo'",
529409,Empty Spaces,us.amazon.nova-pro-v1:0,,no_title_on_poster,there is no title text present on the image,
532225,The Shed,us.amazon.nova-pro-v1:0,the shed,match,the title text on the poster matches the catalog listing,
541727,Strawberry Eaters,us.amazon.nova-pro-v1:0,,no_title_on_poster,There is no visible title text on the poster.,
547078,Gwilliam's Tips For Turning Tricks Into Treats,us.amazon.nova-pro-v1:0,,no_title_on_poster,there is no title text present on the poster,
553075,The Catskill Chainsaw Redemption,us.amazon.nova-pro-v1:0,,no_title_on_poster,No visible title text on the poster.,
557513,Bus to Dublin,us.amazon.nova-pro-v1:0,,no_title_on_poster,there is no title text present on the poster,
565481,The Decayed,us.amazon.nova-pro-v1:0,THE DECAYED,match,the title text on the poster matches the catalog listing,
568265,A Little Late,us.amazon.nova-pro-v1:0,,no_title_on_poster,there is no visible title text on the poster,
577214,De mes amours décomposées,us.amazon.nova-pro-v1:0,,no_title_on_poster,there is no title text present on the poster,
582894,Homicidal,us.amazon.nova-pro-v1:0,,no_title_on_poster,There is no visible title text on the poster.,
589637,Tierra,us.amazon.nova-pro-v1:0,,no_title_on_poster,There is no visible title text on the poster.,
600427,Groping,us.amazon.nova-pro-v1:0,,no_title_on_poster,there is no title text present on the poster,
605802,8,us.amazon.nova-pro-v1:0,8,match,the number 8 is clearly visible in the center of the poster,
609323,Kawarasaki Family,us.amazon.nova-pro-v1:0,河原崎家の一族,match,the title text matches the catalog entry,
616769,Aurora,us.amazon.nova-pro-v1:0,,no_title_on_poster,there is no title text present on the poster,
630560,The Hunchback and the Dancer,us.amazon.nova-pro-v1:0,,no_title_on_poster,no title text present on the poster,
638988,Cut,us.amazon.nova-pro-v1:0,,no_title_on_poster,There is no visible title text on the movie poster.,
642649,Level,us.amazon.nova-pro-v1:0,LEVEL,match,the title text on the poster matches the cataloged film title,
644665,Bramble On,us.amazon.nova-pro-v1:0,,no_title_on_poster,there is no title text present on the poster,
652441,Metod,us.amazon.nova-pro-v1:0,,no_title_on_poster,there is no title text present on the poster,
657191,Tomorrow I Will Be Dirt,us.amazon.nova-pro-v1:0,,no_title_on_poster,No title text is visible on the poster.,
662509,Experiment 17,us.amazon.nova-pro-v1:0,,no_title_on_poster,There is no visible title text on the image.,
665835,Die Tophar-Mumie,us.amazon.nova-pro-v1:0,,no_title_on_poster,no title text present on the poster,
670171,A World of Your Own,us.amazon.nova-pro-v1:0,,no_title_on_poster,there is no title text present on the poster,
675526,The Quiet,us.amazon.nova-pro-v1:0,,no_title_on_poster,There is no visible title text on the poster.,
679785,The Machine,us.amazon.nova-pro-v1:0,,no_title_on_poster,There is no visible title text on the poster.,
687281,In Sickness and in Health,us.amazon.nova-pro-v1:0,,no_title_on_poster,there is no title text present on the poster,
690129,Aquaphobia,us.amazon.nova-pro-v1:0,,no_title_on_poster,No title text is present on the poster.,
690732,The Guest,us.amazon.nova-pro-v1:0,,no_title_on_poster,There is no visible title text on the poster.,
694441,Cadavericon,us.amazon.nova-pro-v1:0,,no_title_on_poster,No title text is visible on the poster.,
699317,Will The Summer Make Good For All Our Sins,us.amazon.nova-pro-v1:0,,no_title_on_poster,there is no title text present on the poster,
715951,Not a Baby,us.amazon.nova-pro-v1:0,,no_title_on_poster,there is no title text on the poster,
719703,Je t'aime,us.amazon.nova-pro-v1:0,,no_title_on_poster,No title text is visible on the poster.,
725836,Aubergine,us.amazon.nova-pro-v1:0,,no_title_on_poster,No visible title text on the poster,
728236,Libido,us.amazon.nova-pro-v1:0,,no_title_on_poster,no title text present on the image,
729975,Porkin' Across America,us.amazon.nova-pro-v1:0,,no_title_on_poster,there is no title text present on the image,
733222,Cravings,us.amazon.nova-pro-v1:0,,no_title_on_poster,there is no title text present on the poster,
738043,As Long as the Stratified Animal Lights Up,us.amazon.nova-pro-v1:0,,no_title_on_poster,there is no title text on the poster,
743240,Black Forest Sanatorium,us.amazon.nova-pro-v1:0,,no_title_on_poster,there is no title text visible on the poster,
746971,The Painted,us.amazon.nova-pro-v1:0,,no_title_on_poster,there is no title text present on the poster,
750415,Seven,us.amazon.nova-pro-v1:0,7,mismatch,"the title on the poster is a stylized '7', not the word 'Seven'",
753248,The Living Corpse,us.amazon.nova-pro-v1:0,活死人,match,'活死人' translates to 'The Living Corpse' in English.,
756673,Slender Man,us.amazon.nova-pro-v1:0,,,,"HTTPSConnectionPool(host='image.tmdb.org', port=443): Read timed out."
762305,Rhapsody in Blood,us.amazon.nova-pro-v1:0,,no_title_on_poster,there is no visible title text on the poster,
763320,SCARE PACKAGE,us.amazon.nova-pro-v1:0,,no_title_on_poster,There is no visible title text on the poster.,
766162,Life of the Artist,us.amazon.nova-pro-v1:0,,no_title_on_poster,there is no title text present on the poster,
770491,Operator: Episode 2,us.amazon.nova-pro-v1:0,,no_title_on_poster,there is no title text present on the poster,
773620,The Bride of Frankenstein,us.amazon.nova-pro-v1:0,,no_title_on_poster,no title text present on the poster,
780535,Flying Images,us.amazon.nova-pro-v1:0,,no_title_on_poster,there is no title text present on the poster,
786018,Peanut,us.amazon.nova-pro-v1:0,,no_title_on_poster,there is no title text on the poster,
791038,The Island of Dr. Moreau,us.amazon.nova-pro-v1:0,,no_title_on_poster,There is no visible title text on the poster.,
795939,Kowasugimasu.,us.amazon.nova-pro-v1:0,,no_title_on_poster,There is no visible title text on the poster.,
796401,A Hollywood Blockbuster,us.amazon.nova-pro-v1:0,,no_title_on_poster,There is no visible title text on the poster.,
797928,Faceless ~ Faceless Neighbour ~,us.amazon.nova-pro-v1:0,,no_title_on_poster,there is no visible title text on the poster,
800137,The Devil Had Other Plans (Act III),us.amazon.nova-pro-v1:0,,no_title_on_poster,there is no legible title text on the poster,
806715,Milk & Cookies: Christmas in July,us.amazon.nova-pro-v1:0,,no_title_on_poster,No title text is present on the poster.,
811825,Below,us.amazon.nova-pro-v1:0,,no_title_on_poster,there is no title text present on the poster,
816311,Dead Air,us.amazon.nova-pro-v1:0,,no_title_on_poster,there is no title text present on the poster,
821418,Anzu-chan,us.amazon.nova-pro-v1:0,,no_title_on_poster,There is no visible title text on the image.,
826092,Nervous,us.amazon.nova-pro-v1:0,,no_title_on_poster,no title text present on the image,
829882,Helpless void,us.amazon.nova-pro-v1:0,,no_title_on_poster,no title text present on the artwork,
836294,Play With Me,us.amazon.nova-pro-v1:0,Dumbo,mismatch,the visible text does not match the cataloged film title,
840805,Little Pigs,us.amazon.nova-pro-v1:0,,no_title_on_poster,there is no visible title text on the poster,
848239,Arthur Parker,us.amazon.nova-pro-v1:0,,no_title_on_poster,there is no title text present on this poster,
849903,The Daughter,us.amazon.nova-pro-v1:0,,no_title_on_poster,no title text present on the poster,
852830,Torn Hearts,us.amazon.nova-pro-v1:0,Torn Hearts,match,the title text on the poster matches the cataloged film name,
854400,Tako-San,us.amazon.nova-pro-v1:0,,no_title_on_poster,there is no visible title text on the image,
857721,Three Bloody Photographs,us.amazon.nova-pro-v1:0,,no_title_on_poster,There is no visible title text on the poster.,
864201,The demon in the mirror,us.amazon.nova-pro-v1:0,,no_title_on_poster,there is no title text present on the poster,
873668,Are You Ready?,us.amazon.nova-pro-v1:0,,no_title_on_poster,the title text is not visible on the poster,
877621,The Linear of Nitemare,us.amazon.nova-pro-v1:0,,no_title_on_poster,there is no visible title text on the poster,
881308,Dreams,us.amazon.nova-pro-v1:0,,no_title_on_poster,There is no visible title text on the image.,
885754,Enter the Bottom of DOM,us.amazon.nova-pro-v1:0,,no_title_on_poster,there is no title text present on the poster,
890513,Hontoni atta kowai hanashi 2020 Special Edition,us.amazon.nova-pro-v1:0,,no_title_on_poster,No title text is visible on the poster.,
897791,Kevin Wright,us.amazon.nova-pro-v1:0,,no_title_on_poster,There is no visible title text on the poster.,
904356,Japanese Archipelago: Horror Ghost Zone,us.amazon.nova-pro-v1:0,"日本列島
恐怖
心霊地帯",match,the title text on the poster matches the catalog listing,
911731,Youkai Ningen Bem: Part II,us.amazon.nova-pro-v1:0,鬼雲人とのののの,mismatch,the title on the poster does not match the cataloged title,
922754,Lost Tales from Camp Blood - Part 3,us.amazon.nova-pro-v1:0,,no_title_on_poster,There is no visible title text on the poster.,
930187,Orochi,us.amazon.nova-pro-v1:0,,no_title_on_poster,There is no visible title text on the poster.,
932914,Cafard,us.amazon.nova-pro-v1:0,,no_title_on_poster,there is no visible title text on the image,
935983,Head Start,us.amazon.nova-pro-v1:0,,no_title_on_poster,There is no visible title text on the image.,
940382,Epokalipsa,us.amazon.nova-pro-v1:0,,no_title_on_poster,There is no visible title text on the image.,
942936,Hard Front,us.amazon.nova-pro-v1:0,,no_title_on_poster,There is no visible title text on the poster.,
947532,Necktie,us.amazon.nova-pro-v1:0,,no_title_on_poster,there is no title text present on the poster,
952280,Kalo Chhaya,us.amazon.nova-pro-v1:0,kalo chhaya,match,the title text on the poster matches the catalog entry,
955366,The Butcher Surgeon,us.amazon.nova-pro-v1:0,,no_title_on_poster,No title text is visible on the movie poster.,
960498,Tokaido Yotsuya Kaidan: Northern Stage,us.amazon.nova-pro-v1:0,来令道四資門塞名名,mismatch,the title on the poster is different from the cataloged title,
966661,Ghost Woman of the Old Mansion,us.amazon.nova-pro-v1:0,,no_title_on_poster,no title text present on the poster,
970106,Story of Jang-hwa and Hong-ryeon,us.amazon.nova-pro-v1:0,¥¥¥¥¥¥¥,match,the title text matches the catalog listing,
975026,Welcome Home,us.amazon.nova-pro-v1:0,,no_title_on_poster,There is no visible title text on the poster.,
977645,Spoiled fish ate my finger,us.amazon.nova-pro-v1:0,,no_title_on_poster,There is no visible title text on the poster.,
979203,Hiraeth,us.amazon.nova-pro-v1:0,HIRAETH,match,The title text on the poster matches the catalog listing.,
983531,Mass,us.amazon.nova-pro-v1:0,,no_title_on_poster,No title text is present on the poster.,
988054,Admiral Flipside,us.amazon.nova-pro-v1:0,ADMIRAL FLIPSID,mismatch,the title on the poster is missing the 'E' at the end,
994084,FLICKER,us.amazon.nova-pro-v1:0,,no_title_on_poster,there is no title text present on the poster,
997660,Nightsiren,us.amazon.nova-pro-v1:0,NIGHTSIREN,match,the title text on the poster matches the catalog entry,
1004785,OUT RUN,us.amazon.nova-pro-v1:0,,no_title_on_poster,there is no visible title text on the poster,
1013132,KINEMORTOPHOBIA!,us.amazon.nova-pro-v1:0,KINEMORTOPHOBIA,match,The title text on the poster matches the catalog listing.,
1015706,Gasumasuku no Itō-san,us.amazon.nova-pro-v1:0,,no_title_on_poster,There is no visible title text on the poster.,
1020266,III,us.amazon.nova-pro-v1:0,III,match,The title text on the poster matches the catalog listing.,
1023724,Bite,us.amazon.nova-pro-v1:0,,no_title_on_poster,there is no visible title text on the poster,
1028909,Two-faced Killer: A Modern Thriller,us.amazon.nova-pro-v1:0,,no_title_on_poster,there is no title text on the poster,
1033710,¿Por qué se esconde Drácula?,us.amazon.nova-pro-v1:0,,no_title_on_poster,no title text present on the poster,
1040551,Home-Killer,us.amazon.nova-pro-v1:0,,no_title_on_poster,no title text present on the poster,
1045536,1911,us.amazon.nova-pro-v1:0,,no_title_on_poster,No title text is visible on the poster.,
1049134,The Horror of Dracula,us.amazon.nova-pro-v1:0,,no_title_on_poster,There is no visible title text on the poster.,
1053050,Xibalbá,us.amazon.nova-pro-v1:0,,no_title_on_poster,there is no visible title text on the poster,
1058860,The Girl in the Gramophone,us.amazon.nova-pro-v1:0,,no_title_on_poster,there is no title text present on the poster,
1065938,Tequila,us.amazon.nova-pro-v1:0,,no_title_on_poster,No legible title text is visible on the poster.,
1074216,The Spectre,us.amazon.nova-pro-v1:0,,no_title_on_poster,there is no title text present on the poster,
1077817,Corpses,us.amazon.nova-pro-v1:0,CENDUVERI,mismatch,the title text on the poster does not match the catalog entry,
1078492,One for the Road,us.amazon.nova-pro-v1:0,,no_title_on_poster,no legible title text on the image,
1082614,Bug,us.amazon.nova-pro-v1:0,BUG,match,The title text on the poster matches the catalog listing.,
1085581,Obsession,us.amazon.nova-pro-v1:0,,no_title_on_poster,there is no visible title text on the poster,
1090427,Posted Grudge Spirit Footage Vol.4: Demon Edition,us.amazon.nova-pro-v1:0,投稿怨霊映像 特選 第四夜 呪,mismatch,the title text on the poster does not match the catalog listing,
1092549,Nostalgia,us.amazon.nova-pro-v1:0,,no_title_on_poster,there is no title text on the image,
1096879,RUN,us.amazon.nova-pro-v1:0,RUN,match,the title text on the poster matches the cataloged film title,
1100849,Sailor Fight!,us.amazon.nova-pro-v1:0,,no_title_on_poster,There is no visible title text on the poster.,
1103892,Mia,us.amazon.nova-pro-v1:0,MIA,match,the title text on the poster matches the catalog listing,
1108898,Hold My Scissors,us.amazon.nova-pro-v1:0,,no_title_on_poster,No visible title text on the poster.,
1113900,Aswang 1933,us.amazon.nova-pro-v1:0,,no_title_on_poster,there is no visible title text on the poster,
1118185,Pyre,us.amazon.nova-pro-v1:0,PYRE,match,the title text on the poster matches the cataloged film name,
1121020,Let's Be Friends,us.amazon.nova-pro-v1:0,,no_title_on_poster,There is no visible title text on the poster.,
1125365,Mr. Withers' Apartment,us.amazon.nova-pro-v1:0,,no_title_on_poster,there is no visible title text on the image,
1131282,Dumb Dumbs,us.amazon.nova-pro-v1:0,,no_title_on_poster,there is no title text on the image,
1137654,Last Order,us.amazon.nova-pro-v1:0,,no_title_on_poster,There is no visible title text on the poster.,
1142325,Shadow,us.amazon.nova-pro-v1:0,,no_title_on_poster,There is no visible title text on the poster.,
1146209,Shudder Girls,us.amazon.nova-pro-v1:0,戦慄怪奇ファイル コワすぎ!史上最恐の劇場版,mismatch,the title text on the poster does not match the catalog listing,
1149514,Janha Ratira Sathi,us.amazon.nova-pro-v1:0,Janha Ratira Sathi,match,the title text on the poster matches the catalog listing,
1151683,WOACA,us.amazon.nova-pro-v1:0,WOACA,match,the title text on the poster matches the catalog listing,
1155643,Tiyanak,us.amazon.nova-pro-v1:0,,no_title_on_poster,There is no visible title text on the image.,
1162791,Mamántula,us.amazon.nova-pro-v1:0,Mamántula,match,The title 'Mamántula' is clearly visible on the poster.,
1166538,THE OTHER WORLD,us.amazon.nova-pro-v1:0,,no_title_on_poster,there is no title text present on the artwork,
1171035,Quest of the Perfect Woman: The Vampire of Marrakesh,us.amazon.nova-pro-v1:0,,no_title_on_poster,there is no title text on the poster,
1173124,Pill Head Ed,us.amazon.nova-pro-v1:0,,no_title_on_poster,there is no title text visible on the poster,
1173947,A Shadow over the Chateau,us.amazon.nova-pro-v1:0,假鳳虛鸞,mismatch,the title text on the poster does not match the cataloged film title,
1178873,Dragging Woman,us.amazon.nova-pro-v1:0,,no_title_on_poster,There is no visible title text on the poster.,
1180377,Boonpeng Iron Chest,us.amazon.nova-pro-v1:0,boonpeng iron chest,match,the title text matches the catalog listing,
1183797,CannibAlien,us.amazon.nova-pro-v1:0,人天人難,mismatch,the title text on the poster does not match the cataloged film title,
1189352,Beast,us.amazon.nova-pro-v1:0,,no_title_on_poster,No legible title text is present on the poster.,
1192921,Toast,us.amazon.nova-pro-v1:0,,no_title_on_poster,There is no visible title text on the poster.,
1198987,Fed,us.amazon.nova-pro-v1:0,fed,match,the title 'fed' is clearly visible on the poster,
1200519,Spaghetti,us.amazon.nova-pro-v1:0,,no_title_on_poster,there is no title text present on the poster,
1203023,Travels of Lord Mito Pt.9,us.amazon.nova-pro-v1:0,水戸黄門漫遊記,match,the title on the poster matches the catalog entry,
1206471,AGOURO,us.amazon.nova-pro-v1:0,,no_title_on_poster,there is no title text present on the poster,
1211170,eksp111000anim111111.mp4,us.amazon.nova-pro-v1:0,,no_title_on_poster,No title text is visible on the poster.,
1218245,Hellhounds,us.amazon.nova-pro-v1:0,Hellhounds,match,the title text on the poster matches the cataloged film name,
1221578,Specter,us.amazon.nova-pro-v1:0,,no_title_on_poster,No title text is visible on the poster.,
1226606,Beauty with White Breasts,us.amazon.nova-pro-v1:0,白肌の紅象,match,the title text matches the catalog entry,
1230796,i am saved,us.amazon.nova-pro-v1:0,,no_title_on_poster,There is no visible title text on the poster.,
1232290,Night Rain and Autumn Lantern Hear Strange Stories,us.amazon.nova-pro-v1:0,夜雨秋灯听奇谈,match,the title text on the poster matches the catalog entry,
1237783,Catula Theme Song,us.amazon.nova-pro-v1:0,,no_title_on_poster,no title text present on the poster,
1241429,Geji: The Spirit Hunter,us.amazon.nova-pro-v1:0,Geji: The Spirit Hunter,match,The title text on the poster matches the catalog listing.,
1244062,Vimy Bridge,us.amazon.nova-pro-v1:0,,no_title_on_poster,there is no title text on the image,
1249037,Dracula,us.amazon.nova-pro-v1:0,,no_title_on_poster,no title text present on the poster,
1254195,T. Rex In The Atrium,us.amazon.nova-pro-v1:0,,no_title_on_poster,There is no visible title text on the image.,
1260195,Zombie Door,us.amazon.nova-pro-v1:0,,no_title_on_poster,there is no title text present on the image,
1262808,Chewy Thanksgiving,us.amazon.nova-pro-v1:0,,no_title_on_poster,there is no title text present on the poster,
1265797,Ritual of the Dead,us.amazon.nova-pro-v1:0,,no_title_on_poster,no title text present on the poster,
1271419,The Jingle Man,us.amazon.nova-pro-v1:0,,no_title_on_poster,No title text is visible on the poster.,
1275254,Dla otwartych oczu,us.amazon.nova-pro-v1:0,,no_title_on_poster,There is no visible title text on the poster.,
1280274,I Am Not Here,us.amazon.nova-pro-v1:0,IIIV,mismatch,the title text on the poster does not match the cataloged film title,
1282296,Insalubre,us.amazon.nova-pro-v1:0,,no_title_on_poster,No legible title text found on the image.,
1287090,Monkey on Their Backs,us.amazon.nova-pro-v1:0,,no_title_on_poster,No legible title text is present on the poster.,
1289987,Together Forever,us.amazon.nova-pro-v1:0,,no_title_on_poster,There is no visible title text on the poster.,
1292645,Kuncen,us.amazon.nova-pro-v1:0,Kuncen,match,the title text on the poster matches the cataloged film name,
1295890,241,us.amazon.nova-pro-v1:0,241,match,The title text '241' matches the catalog listing.,
1300267,Trip,us.amazon.nova-pro-v1:0,TRIP,match,the title text on the poster matches the cataloged film title,
1302609,Stuffie Day,us.amazon.nova-pro-v1:0,,no_title_on_poster,There is no visible title text on the poster.,
1306112,Ruckus at Kwong Cheong Lung,us.amazon.nova-pro-v1:0,广昌龍塔風,match,chinese title matches catalog entry,
1308328,Splitting,us.amazon.nova-pro-v1:0,,no_title_on_poster,The image does not contain a movie poster with visible title text.,
1310558,PayDay,us.amazon.nova-pro-v1:0,,no_title_on_poster,There is no visible title text on the poster.,
1315044,Female Zombie,us.amazon.nova-pro-v1:0,,no_title_on_poster,there is no title text present on the poster,
1316641,Kyoto Yokai Map 3: The 800-Year-Old Female College Student Who Lives in Toribenyama,us.amazon.nova-pro-v1:0,,no_title_on_poster,No English title text is visible on the poster.,
1318004,4th Hole Hurricane,us.amazon.nova-pro-v1:0,,no_title_on_poster,There is no visible title text on the image.,
1320091,carton ???,us.amazon.nova-pro-v1:0,carton???,match,the title text matches the catalog listing,
1321057,The Woman Who Calls for Corpses,us.amazon.nova-pro-v1:0,喊屍女人,match,the title text on the poster matches the catalog entry,
1321789,Bakuro,us.amazon.nova-pro-v1:0,爆炉,match,the title text matches the catalog entry,
1325772,The Voices In FAO's Head,us.amazon.nova-pro-v1:0,,no_title_on_poster,the image is too dark to make out any text,
1331460,The Witch Mark (Short ),us.amazon.nova-pro-v1:0,,no_title_on_poster,there is no title text present on the poster,
1339508,Trilby,us.amazon.nova-pro-v1:0,,no_title_on_poster,there is no title text present on the poster,
1351825,Immediate Possession,us.amazon.nova-pro-v1:0,,no_title_on_poster,there is no title text present on the poster,
1356334,No Use Crying,us.amazon.nova-pro-v1:0,LA CAFETIERE,mismatch,the title on the poster does not match the cataloged film title,
1361007,The Cabal of Hell,us.amazon.nova-pro-v1:0,,no_title_on_poster,there is no title text on the poster,
1364407,Lego Killer Pigs,us.amazon.nova-pro-v1:0,,no_title_on_poster,there is no title text on the poster,
1368231,Traces of Snuff Mixtape Volume 2,us.amazon.nova-pro-v1:0,,no_title_on_poster,no title text present on the poster,
1372634,Every Halloween,us.amazon.nova-pro-v1:0,,no_title_on_poster,No title text is present on the poster.,
1373849,Toxic Mango,us.amazon.nova-pro-v1:0,,no_title_on_poster,No title text is visible on the poster.,
1377314,Radha and Maeve Become Vampires,us.amazon.nova-pro-v1:0,,no_title_on_poster,"the image is a close-up of a person's face, not a movie poster",
1379701,King Kong vs. Prometheus,us.amazon.nova-pro-v1:0,,no_title_on_poster,there is no title text present on the poster,
1381143,Asylum in The Garden,us.amazon.nova-pro-v1:0,,no_title_on_poster,there is no title text present on the poster,
1383404,O Gato Preto,us.amazon.nova-pro-v1:0,,no_title_on_poster,There is no visible title text on the poster.,
1389239,Dipolo Fase II,us.amazon.nova-pro-v1:0,,no_title_on_poster,The image does not contain a movie poster with visible title text.,
1393569,Zombies of Oz: No Place Like Home,us.amazon.nova-pro-v1:0,,no_title_on_poster,there is no title text present on the image,
1395083,Acid,us.amazon.nova-pro-v1:0,ACID,match,The title 'ACID' is clearly visible on the poster.,
1397589,Palindrome,us.amazon.nova-pro-v1:0,,no_title_on_poster,There is no visible title text on the poster.,
1408815,The Buffet is Open,us.amazon.nova-pro-v1:0,,no_title_on_poster,there is no title text present on the image,
1414506,IceBNB,us.amazon.nova-pro-v1:0,,no_title_on_poster,There is no visible title text on the image.,
1417270,M is for Magnetic Tape,us.amazon.nova-pro-v1:0,,no_title_on_poster,No title text is visible on the poster.,
1422975,I Hate School,us.amazon.nova-pro-v1:0,,no_title_on_poster,no title text present on the poster,
1431559,Melody's Parade,us.amazon.nova-pro-v1:0,,no_title_on_poster,There is no visible title text on the poster.,
1433882,"Mira tu juego, chica",us.amazon.nova-pro-v1:0,,no_title_on_poster,there is no title text present on the poster,
1436569,Corpo Vil,us.amazon.nova-pro-v1:0,CORPO VIL,match,the title text on the poster matches the catalog entry,
1443084,MORTIS,us.amazon.nova-pro-v1:0,MORTIS,match,The title text on the poster matches the catalog listing.,
1452081,Exorcism Pre-Event,us.amazon.nova-pro-v1:0,马前动,mismatch,the title text on the poster does not match the catalog title,
1457719,Winter of the Century,us.amazon.nova-pro-v1:0,,no_title_on_poster,There is no visible title text on the poster.,
1460145,"Building 7, Apartment 3",us.amazon.nova-pro-v1:0,,no_title_on_poster,There is no visible title text on the poster.,
1464606,Gage,us.amazon.nova-pro-v1:0,GAGE,match,the title text on the poster matches the catalog listing,
1468846,Species,us.amazon.nova-pro-v1:0,sanguine,mismatch,the title text on the poster does not match the cataloged film title,
1475837,Alnamnam,us.amazon.nova-pro-v1:0,,no_title_on_poster,No title text is visible on the poster.,
1482573,Raha's birthday,us.amazon.nova-pro-v1:0,تا راحها,mismatch,the title on the poster is different from the catalog entry,
1485846,Tether,us.amazon.nova-pro-v1:0,TETHER,match,The title text on the poster matches the catalog listing.,
1491211,The Saxophone,us.amazon.nova-pro-v1:0,,no_title_on_poster,there is no visible title text on the poster,
1495253,The Truth of Grimm Brothers' Fairy Tales,us.amazon.nova-pro-v1:0,,no_title_on_poster,no title text present on the poster,
1499144,Cultural-historical Manoeuvre At Night,us.amazon.nova-pro-v1:0,,no_title_on_poster,there is no title text present on the poster,
1504640,The Unusual Survivor !!,us.amazon.nova-pro-v1:0,,no_title_on_poster,No title text is present on the poster.,
1506031,Capgras,us.amazon.nova-pro-v1:0,CAPGRAS,match,the title text on the poster matches the catalog entry,
1510423,flower,us.amazon.nova-pro-v1:0,,no_title_on_poster,there is no title text on the poster,
1514422,The Bottle Imp,us.amazon.nova-pro-v1:0,,no_title_on_poster,there is no title text present on the image,
1519390,The Night of the Clown,us.amazon.nova-pro-v1:0,,no_title_on_poster,there is no title text on the image,
1526203,O Trajeto,us.amazon.nova-pro-v1:0,,no_title_on_poster,no title text present on the image,
1533128,OngLai,us.amazon.nova-pro-v1:0,,no_title_on_poster,There is no visible title text on the poster.,
1539159,A Ghost,us.amazon.nova-pro-v1:0,,no_title_on_poster,there is no visible title text on the poster,
1543002,Prowl,us.amazon.nova-pro-v1:0,PROWL,match,the title text on the poster matches the cataloged film title,
1545657,Sins of the Father,us.amazon.nova-pro-v1:0,,no_title_on_poster,there is no title text present on the poster,
1548135,Fake Documentary “Q”: Hidden Link,us.amazon.nova-pro-v1:0,Q,mismatch,"the title on the poster is just a stylized 'Q', not the full title",
1550505,Jetsonio,us.amazon.nova-pro-v1:0,,no_title_on_poster,the image does not show a movie poster,
1553451,Les Burgers sanglants,us.amazon.nova-pro-v1:0,,no_title_on_poster,There is no visible title text on the poster.,
1558326,Duke Boney's Bad Day,us.amazon.nova-pro-v1:0,,no_title_on_poster,there is no title text present on the image,
1562657,Alheio,us.amazon.nova-pro-v1:0,Alheio,match,The title text on the poster matches the catalog listing.,
1567813,The End of Machine Girl: The Band: The ARG: The Movie,us.amazon.nova-pro-v1:0,,no_title_on_poster,No visible title text on the image.,
1570993,My Own Rebellion,us.amazon.nova-pro-v1:0,,no_title_on_poster,There is no visible title text on the poster.,
1573818,Stoneborn,us.amazon.nova-pro-v1:0,石生,match,the title text matches the catalog listing,
1576074,Starshine,us.amazon.nova-pro-v1:0,,no_title_on_poster,there is no visible title text on the poster,
1580992,The Stone,us.amazon.nova-pro-v1:0,,no_title_on_poster,There is no visible title text on the poster.,
1586191,FRΛIN,us.amazon.nova-pro-v1:0,,no_title_on_poster,there is no visible title text on the poster,
1592560,In Place,us.amazon.nova-pro-v1:0,,no_title_on_poster,there is no title text present on the poster,
1595961,Scarecrow Alley,us.amazon.nova-pro-v1:0,,no_title_on_poster,there is no visible title text on the image,
1599367,"To My Funeral, Come Wearing Red",us.amazon.nova-pro-v1:0,,no_title_on_poster,no title text present on the poster,
1604011,Elf on the Shelf 3,us.amazon.nova-pro-v1:0,,no_title_on_poster,There is no visible title text on the poster.,
1605744,crow.mp4,us.amazon.nova-pro-v1:0,,no_title_on_poster,there is no legible title text on the poster,
1610597,Predators: The Chosen,us.amazon.nova-pro-v1:0,,no_title_on_poster,there is no title text present on the poster,
1615788,The Psycho,us.amazon.nova-pro-v1:0,,no_title_on_poster,there is no title text present on the image,
1620125,Shambler,us.amazon.nova-pro-v1:0,,no_title_on_poster,there is no title text present on the poster,
1623446,Ouroboros,us.amazon.nova-pro-v1:0,,no_title_on_poster,there is no title text present on the poster,
1630609,Michael and Jason: Best Buds,us.amazon.nova-pro-v1:0,,no_title_on_poster,there is no visible title text on the poster,
1633391,Visions of the Shadow Kingdom,us.amazon.nova-pro-v1:0,,no_title_on_poster,There is no visible title text on the poster.,
1638354,Recámaras,us.amazon.nova-pro-v1:0,,no_title_on_poster,There is no visible title text on the image.,
1641286,POX,us.amazon.nova-pro-v1:0,POX,match,The title 'POX' is clearly visible on the poster.,
1646461,Charlie's Ear,us.amazon.nova-pro-v1:0,,no_title_on_poster,there is no title text present on the poster,
1650210,Sundown,us.amazon.nova-pro-v1:0,,no_title_on_poster,there is no title text present on this poster,
1655050,Debt,us.amazon.nova-pro-v1:0,,no_title_on_poster,There is no visible title text on the poster.,
1659078,The Cucumber Killer,us.amazon.nova-pro-v1:0,,no_title_on_poster,There is no visible title text on the image.,
1662075,Dogfood Heaven,us.amazon.nova-pro-v1:0,,no_title_on_poster,there is no visible title text on the poster,
1665409,Vlog Cam,us.amazon.nova-pro-v1:0,,no_title_on_poster,no title text present on the poster,
1669469,Ticci Toby,us.amazon.nova-pro-v1:0,,no_title_on_poster,There is no visible title text on the poster.,
1676459,iMi,us.amazon.nova-pro-v1:0,,no_title_on_poster,there is no title text present on the poster,
1681429,BEAR TRAP,us.amazon.nova-pro-v1:0,BEAR TRAP,match,the title text on the poster matches the catalog listing,
1688273,Mourning the Bodies,us.amazon.nova-pro-v1:0,,no_title_on_poster,there is no title text present on the poster,
1692282,Krasny,us.amazon.nova-pro-v1:0,KRASNY,match,The title text on the poster matches the catalog listing.,
1696579,The Box,us.amazon.nova-pro-v1:0,,no_title_on_poster,No title text is present on the poster.,
1701295,Clarity,us.amazon.nova-pro-v1:0,,no_title_on_poster,There is no visible title text on the poster.,
1704508,Quand tu dors,us.amazon.nova-pro-v1:0,,no_title_on_poster,No title text is visible on the poster.,
1708241,Corpus,us.amazon.nova-pro-v1:0,,no_title_on_poster,There is no visible title text on the poster.,
1712546,Not My Responsibility,us.amazon.nova-pro-v1:0,,no_title_on_poster,there is no title text present on the poster,
1715882,The Rexburg Psycho 4,us.amazon.nova-pro-v1:0,,no_title_on_poster,There is no visible title text on the image.,
1720988,The House of Horrors,us.amazon.nova-pro-v1:0,,no_title_on_poster,There is no visible title text on the poster.,
1722489,When The Owling Has Come,us.amazon.nova-pro-v1:0,,no_title_on_poster,No title text is visible on the poster.,
1724072,Of Womb,us.amazon.nova-pro-v1:0,,no_title_on_poster,no title text present on the poster,
1731246,Bogbaby,us.amazon.nova-pro-v1:0,,no_title_on_poster,there is no title text present on the poster,
1736376,Mutant Muscles,us.amazon.nova-pro-v1:0,,no_title_on_poster,there is no title text present on the image,
1740101,In the Night,us.amazon.nova-pro-v1:0,,no_title_on_poster,There is no visible title text on the poster.,
