id,title,year,original_language,poster_path,human_verdict,has_text,human_note
3006,"Dr. Jekyll and Mr. Hyde",1908,en,/hYArtU4tx01bOBeBLrkH1lY4VGb.jpg,no_seguro,,""
9095,"Mary Reilly",1996,en,/cW5wTiv5fdtBOd22utmAIZBCMS3.jpg,es_poster,si,"El poster si tiene texto y dice Mary Reilly"
9669,"Ringu 2",1999,ja,/HREqYQWkGnH2viRQEXupCSX7ID.jpg,es_poster,si,"El poster si tiene texto y dice Ring 2"
13742,"Satan",2006,fr,/rYdoMFMBbG7tzurtHrYNc1zcqQz.jpg,es_poster,si,"El poster si tiene texto y dice SHEITAN"
14157,"Impulse",1984,en,/80SZWcSwdAAym8mHN71RTL3l3JI.jpg,es_poster,si,"La imagen si tiene texto y dice Impulse"
17212,"Patrick",1978,en,/qxydnHE4D5ArBRNtihlVs5rhhO2.jpg,es_poster,si,"La imagen si tiene texto y dice PATRICK"
17796,"Freaked",1993,en,/enQ9FBLo4bd7AHX78geP6qRSl9U.jpg,es_poster,si,"El poster si tiene texto y dice Freaked"
17874,"Laserblast",1978,en,/jxv1Z0URENuWADDRwvRINUWUsP.jpg,es_poster,si,"La imagen si tiene texto y dice Laserblast"
19205,"Cthulhu",2008,en,/rgf0vEc19nRmscRPu9y410GbhgM.jpg,es_poster,si,"El texto si tien texto y dice CTHULHU"
20015,"KM 31: Kilometer 31",2006,es,/hI1YBR4afo7zOrJfdaaO9GRKEvj.jpg,es_poster,si,"La imagen si tiene texto y dice KM 31"
20215,"Boo",2005,en,/9VyMAPsjUIeLf71J2OG5V8DO7Jj.jpg,es_poster,si,"La imagen tiene texto y dice BOO"
21797,"The Wig",2005,ko,/bkonX3gOXQ1KC7kr6ufITli4h3o.jpg,es_poster,si,""
22033,"Cry of the Banshee",1970,en,/urub0N7F8mZDEsMwORiN2T2vTXq.jpg,es_poster,si,""
26178,"Razorback",1984,en,/227exUUzUWkCYOVoPxap5RaVmTM.jpg,es_poster,si,""
26198,"The Keep",1983,en,/yd9wU3oajNxwaFHQ02rtTBuSFJD.jpg,es_poster,si,""
26587,"Dread",2009,en,/zJvKJ2SKATSRL7cdR2qW2LbaTaS.jpg,es_poster,si,""
27726,"Q",1982,en,/hm5mvCN7IMAFjtkQwL4U1qwoJ4c.jpg,no_seguro,si,""
28454,"Cthulhu Mansion",1992,en,/1BhPMge0n7gp1EDaI7d1OwrYkQe.jpg,es_poster,si,""
28780,"Deathmaster",1972,en,/h809Bz0ftjmDl07PdD6URYdAWH2.jpg,es_poster,si,""
30405,"Space Psychos 4",2003,en,/tuVTqvIoQp96cnm7LfbyRE1UcaT.jpg,no_es_poster,,""
31116,"Zaat",1971,en,/g0kYZe6feiXQowaNsV6GBW5R5q0.jpg,es_poster,si,""
31232,"It!",1967,en,/sBMFTviUDt6bm8LROkAWAvw1Ts5.jpg,es_poster,si,""
35040,"Croc",2007,en,/c3moWZrfZRp38FWystfNYTrGOh4.jpg,es_poster,si,""
36166,"Devilman",2004,ja,/qRvH8FsUUNd9buirqnHNk3CCF1f.jpg,es_poster,si,""
40351,"Sex Beyond the Grave",1984,en,/eYMPaQKfo5IBAnKfwsGkCiUIyNA.jpg,es_poster,si,""
40368,"Nightmare",1981,en,/OFysFt0EIXHW89iv38VURpKpKW.jpg,es_poster,si,""
47957,"Madman",1981,en,/2pZxY7b22LicdcvWNMCyX8VseVG.jpg,es_poster,si,""
48581,"The Sandman",1991,xx,/k27nu90cLVzyTltOtHjQoUdi5o7.jpg,es_poster,si,""
48636,"Nekromantik 2",1991,de,/q1CtldLFgg4kRP81o0mY9f42ubJ.jpg,es_poster,si,""
51248,"11-11-11",2011,en,/t6Wd9gY6e1yJVVXRtgICFqwieyu.jpg,es_poster,si,""
53122,"Chandramukhi",2005,ta,/r7lLdyiJ1e2FmDP6rvxsUDk7Uju.jpg,es_poster,si,""
53459,"F",2010,en,/pVIEx8sru5F6NErffwVxs815VYY.jpg,es_poster,si,""
55142,"Cadaver",2006,th,/dZNg6irU6tgL8n73UmjQGijv6y0.jpg,es_poster,si,""
56328,"2002",,cn,/3SJBGwJnpLI2yEyaVqByife4Xfi.jpg,es_poster,si,""
56915,"Blown",2005,en,/tesN5ykFKmaZms0VIZB9DMKZcDw.jpg,es_poster,si,""
57812,"51",2011,en,/p6NvaDusl8urJUlglYgPVSnJjFN.jpg,es_poster,si,""
57961,"Slashers",2001,en,/7NcCGeHLz0iRidiOo109Hww24YP.jpg,es_poster,si,""
65599,"The Woman",2011,en,/zOGqKcuApM1Js4C0n4luv9rctBH.jpg,es_poster,si,""
66315,"Aayiram Jenmangal",1978,ta,/83TUWbPMOCGuQPIFw3aO61nIMqa.jpg,es_poster,si,""
71480,"Unborn But Forgotten",2002,ko,/9R9qTTdkEs3uNPzITUuI4TsyiZc.jpg,es_poster,si,""
73179,"Haunted Gold",1932,en,/xAscwFtgLyzoxRghiospveh3WQm.jpg,es_poster,si,""
77483,"Dunderland",2012,no,/xrqMYN3SWR9hih1kthH9nosghp1.jpg,es_poster,si,"Este texto esta muy dificil de leer pero si hay una text"
79624,"Curse",1977,ja,/qBJfmLCtczkayFXduwhFvX9vsZm.jpg,es_poster,si,""
81990,"Cellular Girlfriends",2011,ja,/hCNoSI6vBIfVR4ndMnCLLiFxHjy.jpg,es_poster,si,""
83172,"Spawn of the Slithis",1978,en,/kk2yyfgTA9qtBhtu7016jdeOzJP.jpg,es_poster,si,""
83519,"Witchcraft",1964,en,/nXxxW0Gl66xqwJE9fpTLN0bPqBh.jpg,es_poster,si,""
85198,"Frightmare",1983,en,/joQ36TBtUfMlQilc44gcRiY5Nqv.jpg,es_poster,si,""
85646,"Entrance",2012,en,/bpsMVtUZ58bPpI9U34E1pOgin5v.jpg,es_poster,si,""
88780,"Devil Hunter Yohko 2",1992,ja,/8PIMzpG8vnBcmA0FmRc2gAtp7Eo.jpg,no_es_poster,,""
88784,"Devil Hunter Yohko 4-Ever",1993,ja,/4v9qSCcbsOMketpZDL07Y5VT1pj.jpg,no_es_poster,,""
90063,"Vampires in Havana",1985,es,/cihNBv06b3H2Ha91YTGBFUk2M48.jpg,es_poster,si,""
90338,"Fiend",1980,en,/nne4ZJsEX0pMV6YmUUuMI9BpJIg.jpg,es_poster,si,""
94545,"The Bushwhacker",1968,en,/fO6eXDta3pHMxm5iF8gjt56xVkZ.jpg,es_poster,si,""
98084,"Legion of Fire: Killer Ants",1998,en,/cNpK3zhp0z3ZKL6znVMPxbz7jME.jpg,es_poster,si,""
99263,"Schizophreniac: The Whore Mangler",1997,en,/xVvIFcx8Q1tqBeN3sUTsllj96oN.jpg,es_poster,si,""
100241,"I, Frankenstein",2014,en,/a53tIl4k20zCZCNyq73kiXkwWkl.jpg,es_poster,si,""
100480,"Kazuo Umezu's Horror Theater: Diet",2005,ja,/QkudYfCXTfUUfJJ4cP7gYQpYXG.jpg,es_poster,si,""
106569,"The Demon",1972,ja,/3OeXwL6EgZsOhmP1NUAoichX4qx.jpg,es_poster,si,""
123107,"Hellbenders",2013,en,/sWgCQPypdN9jFaUSjItPn9htW9p.jpg,es_poster,si,""
126830,"Li'l Spider Girl",2012,ja,/wafbftomue5BnIsSXN2ircyBMQh.jpg,es_poster,si,""
128519,"In the Name of the Devil",2002,es,/dnPnqkFThbB0FXn5KaVIClRZeEs.jpg,no_es_poster,,""
129096,"The Discarnates",,ja,/fQx2VEF2mVEtWmrSiwglKhuQKa2.jpg,es_poster,si,""
129465,"Hells",2008,ja,/wzakuhm5mMxZXt6oP6CbkJuA7rV.jpg,es_poster,si,""
134572,"Blood Relations",1988,en,/o2iVp7bFxaBqw9e1IkfEWBanZD1.jpg,es_poster,si,""
145996,"Ghost Meets You",2000,cn,/oVYISQE1IjT9U5Vf2TOdBCdG0gb.jpg,es_poster,si,""
151022,"Gerorisuto",1990,ja,/bHOdQQRjeSkrSBT0YQHFYUe8X7i.jpg,es_poster,si,""
152357,"Kana Kanmani",2009,ml,/94huaMTsf6dltbjCQ5CQRPq5VEf.jpg,es_poster,si,""
152810,"Moonnamathoral",2006,ml,/srMkWZnS0naqvxT9AmsGimW6Dwg.jpg,es_poster,si,""
161160,"When Twilight Draws Near",1969,ja,/78s81p7KAfzsnDeZAxE2SllnwPO.jpg,es_poster,si,""
163617,"Ghosts",2002,cn,/uJeW307HXACHMA5sHgVoCvmbTtY.jpg,es_poster,si,""
166201,"Bog",1979,en,/3ZLzEJl2S1ro0NJXVgd1E3bNHkv.jpg,es_poster,si,""
166271,"Haunter",2013,en,/gBsO7Sp3g1oOaxQ44pomsJLm7m7.jpg,es_poster,si,""
171367,"The Jar",1984,en,/1mhXTLL1xJGaXl7kPv3LY6a09m3.jpg,es_poster,si,""
174838,"Atman",1975,ja,/h70qCMirvroESUDhR1UyA3k6xdq.jpg,no_es_poster,,""
194759,"Reel Horror",1985,en,/5oFEDIs7hJHqOaINGNpZDdpUipH.jpg,es_poster,si,""
194809,"Anandabhadram",2005,ml,/d7f3ZFCobD9Em3dUMDP2Rk7NB40.jpg,es_poster,si,""
200402,"Prema Katha Chitram",2013,te,/7m8mNU3EyW7Mc2uS5fIkzjmA76R.jpg,es_poster,si,""
201343,"Satan Bouche un Coin",1968,fr,/nOOY0OMZFrN3a6feUNZAgGnjWFa.jpg,no_es_poster,,""
203009,"Blackwood Evil",2000,en,/duJ88UxyhpAyLtTDnQHtF9ficeO.jpg,es_poster,si,""
211258,"Wax",2014,en,/8T41L1DfsLgeczCV591KxGE5BMr.jpg,es_poster,si,""
212930,"The Ritual",1996,en,/4jiKgkDSmFa5odwphWn9uUqYABT.jpg,es_poster,si,""
227992,"Necronomica",2013,en,/hUQ9ZKjKhTJqqlMCsrGQNuOwBGP.jpg,es_poster,si,""
233203,"Hong Kong Criminal Archives - Female Butcher",1991,cn,/fgMf6zCP30AA0RROjr8d9uDuYVG.jpg,es_poster,si,""
235348,"100 Years of Torture: The History",1975,ja,/ddduWzcMsftCbYIf9eF0rhQMVxe.jpg,es_poster,si,""
237449,"Four",2011,th,/2iw8U9PmGhZgHM7tnSbDBNj67lb.jpg,es_poster,si,""
239815,"Ascension of the Demonoids",1985,en,/7vR0nf6oACGvmgoJTa21ZsnAIfj.jpg,no_es_poster,,""
240157,"Devadoothan",2000,ml,/po0F3uK2NeJ0ZQdmD6FnLGEtVah.jpg,es_poster,si,""
243837,"Hotel",1981,hi,/pPOyvWtGLtAji0uXz3GeMdrueFR.jpg,es_poster,si,""
245492,"Geethanjali",2013,ml,/5dMgvRdsmzf9jv1sizPQRsKsede.jpg,es_poster,si,""
246548,"The Rafters",2012,en,/4oy9LBvnzm7XgkxmILvMRDAEzc6.jpg,no_es_poster,,""
250417,"Clay",2007,en,/fvMoDYJ3AxHS20J21eSoqKyQQdx.jpg,es_poster,si,""
250574,"Creep",2014,en,/qn53D574tT0YRyLgirEFHQwGUXw.jpg,es_poster,si,""
250883,"Nak",2008,th,/cpcuzrsHQsh1J4VuStE7i84nC2R.jpg,es_poster,si,""
253477,"Torture Chamber",2013,en,/o7TKEdXtGi3f1t5wtxAbIAEy3Fm.jpg,es_poster,si,""
254250,"Till Death Do We Scare",1982,cn,/rKsCWB2E4oeQjC8si7kgyJQJJFQ.jpg,es_poster,si,""
255291,"Animosity",2013,en,/8eJItu11ks3JgK8zHCjxX59jFnF.jpg,es_poster,si,""
255537,"Ashes of Doom",1970,en,/eoBAkI7zOPaxWWoKEzYR9gnaxcI.jpg,es_poster,si,""
256030,"Muck",2015,en,/bPYH46Qtc85jeeicjAg4hyL8uC2.jpg,es_poster,si,""
257567,"Vanished: Age 7",2011,ja,/29Wt6DOMzl94JSpEOnEwx4QXeAY.jpg,es_poster,si,""
259512,"The Devil´s Weed",,es,/qZRuePlWCsTQAquan7iMPYIGEjM.jpg,es_poster,si,""
260704,"Birthright",2010,ja,/pzbtAsndUgnPOvLgFNSoQfisBbs.jpg,es_poster,si,""
262600,"Shock",2004,ta,/ksp4bEWP3UWoW5ZdRgFWpr8DNQD.jpg,es_poster,si,""
262872,"Coyote",2010,en,/xjI1mNkn5Quz5SDW6MHPBOkb1wU.jpg,es_poster,si,""
265067,"Vampire",1979,en,/ftpa0bibAwI0SJItIU2na8zLUow.jpg,es_poster,si,""
266501,"Nightmares",2004,ja,/vAxmsz6q3k2S4RPuRAwZEyO0xOh.jpg,no_es_poster,,""
266539,"Kamen Rider Amazon: The Movie",1975,ja,/3gTsjrb3CXubv1pZSEhubkbfBx.jpg,es_poster,si,""
269588,"Km 31-2",2016,es,/UhihZIu4krs3TVIqoQevAha0ij.jpg,es_poster,si,""
270294,"Erotic Witchcraft",1972,fr,/7qH0DZEg9NFVMpxmlmYQe0HOaCr.jpg,no_es_poster,,""
270478,"Konthayum Poonoolum",2014,ml,/2pB8NhjvbTADT2IKUIAe2nLIDdI.jpg,es_poster,si,""
276488,"Let Us Prey",2014,en,/7X5VhHwDaSLkrDoifRbfvGZJxFP.jpg,es_poster,si,""
276748,"Creature of Comfort",1968,en,/egKSs9tOZZfOGiU694R74K4wvyn.jpg,no_es_poster,,""
279237,"Bake Jizo",1898,ja,/auSqbagc1RRUUsMdIioCUFKpq8i.jpg,es_poster,si,""
282443,"Hands of Purple Distances",1962,sh,/91GxSj5JKqhWALPLJNAtsKjqQfc.jpg,no_es_poster,,""
283419,"Island of Hell",1977,ja,/yCRibr1sKfuSH2VXAwqPyHzncFz.jpg,es_poster,si,""
285981,"A Dead Man Visits the Living",1988,zh,/1mmwvJxDuvhxHfmveC6NrK6eUNQ.jpg,es_poster,si,""
287279,"The Missing Bride",1910,fr,/rgAd4zudWlbItkKNtLZF5XUgHj7.jpg,no_seguro,,""
287311,"Beloved Sister",2002,de,/5Xk9GDz7G3otO52VlV7qRqjsSY1.jpg,no_es_poster,,""
290795,"Maligno",1977,tl,/wvPUKdGhQ7dahONG3cwbpyWkkeB.jpg,es_poster,si,""
297160,"XX",2017,en,/drcIFTEIBnWI4G3OQt6rXOI8hf4.jpg,es_poster,si,""
300143,"The Rainbow Man",1949,ja,/22FFDLHqExTbuBNDc5ITIWexfW7.jpg,es_poster,si,""
300584,"Carranca",2014,pt,/3leakQkTaHQDqyag8BtHDbJadUS.jpg,no_es_poster,,""
301992,"Prison Pit: Book One",2014,en,/4Rox49oGHmFUMSfv1VTFD1NoAvH.jpg,es_poster,si,""
306951,"Haunted House",2011,en,/fnKfOeMBKCgBZ9OgxvQaIr60ooy.jpg,no_es_poster,,""
308037,"Vanadevatha",1976,ml,/atBm2T2EenGrpOdFfncmlccbaZc.jpg,es_poster,si,""
308259,"RE",2014,en,/jii5C9iGtY0a1YDHblnPFUzu0Vw.jpg,no_es_poster,,""
312831,"The Hallow",2015,en,/sOT4KqFPlvxTeEwyHOcn8agJnsI.jpg,es_poster,si,""
314364,"Sakthi",1980,en,/qVzs56c64BefTXP3B42hOdIdBJE.jpg,es_poster,si,""
315708,"Martins Feuer",2013,de,/pwamqGApVkgMMnHKSTkQ7ImtDV9.jpg,no_es_poster,,""
317578,"Haplos",1982,tl,/pY4tLA251A07IB7SvqCdw74euwQ.jpg,es_poster,si,""
317712,"The Legend of Sayo",1982,ja,/pDjqHUsqRkLF02G3duiwoDWC1vy.jpg,es_poster,si,""
317873,"Adam",1974,he,/6qV2WvZETYaikM5XK3O3hy89Mol.jpg,es_poster,si,""
318931,"The Witches",1927,xx,/dRMuNY7UNz60CiAzSjw4LRAyjJo.jpg,no_seguro,,""
319178,"Hatanosuke and the Haunted House",1935,ja,/ytQlx97f6JrnqENP2S649tV0gQU.jpg,es_poster,si,""
321738,"Cheondong",1973,en,/5phFtXBFUYeTxz2pAgVmvPJeTHy.jpg,es_poster,si,""
322055,"You Become a Star, Too",1975,ko,/sNZZfpANsNaC0o5fd883k4OipR0.jpg,no_es_poster,,""
322436,"Millennial Reincarnation",1998,ko,/7Rh2W5XfWoWM7cCrReTJESnnRq0.jpg,no_es_poster,,""
322530,"Fantastic Theater",2011,ko,/yZeNF1Ko3W0FT99czt3iC47EShk.jpg,es_poster,si,""
324021,"The Tale of Himeji Castle",1995,ja,/Aihtq7jeqLTR4Yyi8qAstjK1uXy.jpg,es_poster,si,""
327568,"We're in a Fight",2014,en,/whTFqF7yirYyhEMojLwtwCN21tW.jpg,no_es_poster,,""
328091,"The Eternal Present",2004,en,/6jEaZw4QD24zGVgVULGacjkfiAo.jpg,no_es_poster,,""
328141,"I Am Your Grandma",2011,en,/qcVudZ4HR3LSWgMWtNVzX0IqtBt.jpg,no_es_poster,,""
328963,"Shadow House",1973,en,/rF1HlIJOwe7HhAgaWjGOmE7VQzr.jpg,no_es_poster,,""
329134,"Massu Engira Maasilamani",2015,ta,/qXJTn2ZMhrbs4TawcZfoI2Ifwws.jpg,es_poster,si,""
329951,"The Adventures of Filfila",1966,ar,/A7gfsprcLW1Ik0qzmKo0eM4RAT3.jpg,no_seguro,si,""
330163,"Gorilla",1956,sv,/SFy5dcTFScwqeYm0blljzwk7lK.jpg,es_poster,si,""
330291,"T Is for Thread",2011,en,/jbwNrScECFhcOPXG7x57W08CCvR.jpg,no_es_poster,,""
330425,"Kanchana 2",2015,ta,/oBaVzegjQza23C1XCOMfnQRhplw.jpg,es_poster,si,""
333866,"The Man Who Became Coffee",2015,en,/pr909pMUZ0QiqWE0URPlu4WZH3z.jpg,no_es_poster,,""
335650,"Impurity",2015,en,/tP4VOxHYOxc3zrgrx4sx08rfTvr.jpg,es_poster,si,""
336048,"The Biggest Meatball in the World",2001,ru,/dCFrA7SDBVlHqHGdVRM9HbG9TUu.jpg,no_es_poster,,""
336766,"The Legend of the Scarecrow",2005,es,/1d2lWRqNpVBi2I3ITEVesbmwRSY.jpg,es_poster,si,""
336809,"Sangdil",1952,hi,/4GZWh21t0NZ0BfV7wqOUshmT6xY.jpg,es_poster,si,""
337029,"Frankenstein",2015,en,/kzTvgsGFd7zpGbwDsA4p8Nkdzj9.jpg,es_poster,si,""
337085,"Estranged",2015,en,/rxzm5G9XDs3OJzXk3gadLJlpdGw.jpg,es_poster,si,""
343041,"Lola",1914,en,/rymlclR44zMVlsQjlx1GF740Mc5.jpg,no_seguro,,""
343886,"Sweet Spirits of the Nighter",1941,en,/8ONqbdOlbkW2oZQtuy4FMU0xBct.jpg,no_es_poster,,""
344161,"Frankenstein",1940,en,/nSo9KplymuAAFjAFA9MBZui0wAZ.jpg,no_es_poster,,""
346364,"It",2017,en,/9E2y5Q7WlCVNEhP5GiVTjhEhx1o.jpg,es_poster,si,""
346986,"Feast Of Fools",2004,en,/7HpFcjuC1nr51k4hbAxPbFbqqRU.jpg,no_es_poster,,""
347206,"Vengeance of the Spirits",1911,fr,/3cEnFvsfHDAt1qShxh567qTP7w1.jpg,no_seguro,,""
348125,"Rodentia",2012,en,/Ag93GJJKdsTosBFMfV0I9KqAaHR.jpg,no_es_poster,,""
352675,"Pakalpooram",2002,ml,/1Mv9q2ZqHXxd7EuahuqTh323RBL.jpg,es_poster,si,""
353127,"Exit",1990,sv,/qLUuSOEtHpo2J4iPn8VjCfwalge.jpg,no_es_poster,,""
353484,"La chevelure",1961,fr,/6ndujddk7q7j1IVuQKJVEMfBBpo.jpg,no_es_poster,,""
354506,"Pulse",2010,en,/xtGQKAjMuXfFV3349b162PtXFqn.jpg,es_poster,si,""
355156,"Chiruri",2011,ja,/mGOIkgHfbeYk8l545R9l5M5jAOz.jpg,no_es_poster,,""
361554,"Don't Nag Me",1987,en,/sjFm06lKqZvGjbioIZYersoPql5.jpg,no_es_poster,,""
361945,"Sleepy Hollow",1911,en,/yvOClUlXpruMN3E4yzjStYA7Eh7.jpg,no_es_poster,,""
361988,"Bad Moon Rising",2011,en,/r9b4XFYCRiDPW2D0DJqFfnHTZvk.jpg,no_es_poster,,""
363164,"The Mummy",1911,en,/qb5bXnMDgdKT6rsEjhCFrxpyvzt.jpg,no_seguro,,""
369452,"Squid Festival",1993,ja,/twvFyU9Agi4FeSqNYZK6cIFDcpc.jpg,no_es_poster,,""
369819,"Sowkarpettai",2016,ta,/iRAaS9lwt521WBwlV7oXKr3L4gH.jpg,no_es_poster,,""
370067,"Vidayutham",2016,ta,/vtDCedGTgCwaTxdEJUeXKwXuCHe.jpg,es_poster,si,""
370311,"Fresh Acconci",1995,en,/psVzg6jWFJJn9AStVi9YlMZjgFh.jpg,no_es_poster,,""
370808,"Lesley the Pony Has an A+ Day!",2014,en,/pCjzO9BLbqQMbNLtyhtrr4jI5t3.jpg,no_es_poster,,""
370897,"Whistle Stop",2014,en,/up3Dca8ZiBr0FKbMv5r12nkCuvI.jpg,es_poster,,""
376094,"Doomed Disaster",2015,zh,/cZVIhol0xo1GbTb0OOhI2DXH46r.jpg,es_poster,si,""
377409,"Killer!",1989,en,/A9CeJkOff220TcWuUx4fqVNt17s.jpg,es_poster,si,""
377787,"The Present",2013,zh,/geYkFo1L3FnT3jYSiL89KOvykKZ.jpg,no_es_poster,,""
378020,"Recluse",2016,en,/7Of4oQqhgjeRGqsddVe2mXRPYqC.jpg,no_es_poster,,""
381283,"mother!",2017,en,/fjny9chXPx69ln1LMJxbwi5yHMt.jpg,es_poster,si,""
382290,"M・Y・F・A・C・E",2005,ja,/mZTQPrfjDBFiRCJOGAPSYRZdMjO.jpg,es_poster,si,""
383338,"Escape",2008,de,/5nPdp5LZMowrXqk2fQN2k3M4s8s.jpg,no_es_poster,,""
384197,"Mochibei",2005,ja,/c0DiiUF910vJKXBIohd9HRzLV2p.jpg,no_es_poster,,""
386396,"Mondomanila: Institusyon ng Makata",2004,tl,/3YAEns4nRHJcUJQJKa3ahZPDjKc.jpg,no_es_poster,,""
387063,"NDA",2015,en,/k5KxK5RSDW8cUIFwRYZoLqkXaZE.jpg,no_es_poster,,""
387737,"Maria's Stomach",1990,ja,/7ToJDpVAivomFZdO9J61ioFtf8g.jpg,es_poster,si,""
388994,"Ayla",2017,en,/9qJd7Fau4Ngw0XkyFjiAhFNDaeF.jpg,es_poster,si,""
390674,"Female Harakiri: Glorious Death",1989,ja,/fvwrnUvdek6YhtTqomxCfU6M5sS.jpg,es_poster,si,""
391529,"Jajo",1984,pl,/2yvBa6TmLW7UiwW8WJjE3Ajh4oy.jpg,es_poster,si,""
392193,"Soccer Moms in Peril!",2015,en,/sWAlGrKZ2yyH6zITuxKyoo6GZhK.jpg,no_es_poster,,""
392432,"Endless",2016,en,/t1lLx2HVnVrFsaPo490QXvYoQpa.jpg,es_poster,si,""
392569,"Aadupuliyattam",2016,ml,/tqu09JapP1T8Z5zzC1HgjfI1891.jpg,es_poster,si,""
392595,"Shadow Man",2004,en,/9ZqUzjeZC7o2d85GoffkbeKg3ga.jpg,no_es_poster,,""
394860,"Grimewave: Cockface III",2013,en,/aAaxkwfBC5igTgdDpsRmQPGNFUm.jpg,es_poster,si,""
396493,"Creep 2",2017,en,/a0m7WciFnBqpcyH1Yi8i4tdvk0k.jpg,es_poster,si,""
396550,"Sickhouse",2016,en,/p7L0A9rfnjNvpyA8mhGzAiTV1cl.jpg,es_poster,si,""
396818,"Visa to Hell",1991,zh,/5D35xFeHdHMboIpz5oU9FD1k9Pe.jpg,es_poster,si,""
398768,"White Clothing: Harakiri",1990,ja,/kFIO2l5cfvNj1xsJymmOCUE5caQ.jpg,es_poster,si,""
399118,"Night People",2015,en,/o7pscyTogn8Rob1mkF1FIHUgIz9.jpg,es_poster,si,""
399701,"Vampirisme",1967,fr,/zZtlVqIjKjW4QPQnKpoj3NBpJ9b.jpg,no_es_poster,,""
400342,"Judgement Tavern",2016,en,/kTIHerD1XTThNtxnSWZF8tsMiY1.jpg,no_es_poster,,""
401560,"View",2008,en,/uRQFpmeEnJucNBeYLHwgnFzdhVY.jpg,no_es_poster,,""
401714,"The Carnivore",2016,pt,/49jTLhanVYdarFOyeYOTHeiQo2H.jpg,no_es_poster,,""
402721,"Lollipop",2010,en,/nUKMjASrMD2MNtv679T04rZvigy.jpg,es_poster,si,""
403654,"Troublesome Night 13",2002,cn,/peifKhU3JkX81AgEm3QT6RpciOm.jpg,es_poster,si,""
406269,"Interrogation",1989,fr,/1xgFLH2biglCI4urZJPtIJ3Cinc.jpg,no_es_poster,,""
406275,"The Last Fly",1989,fr,/lJNFZWf6zlGxWVnwSTSvr6MRBGI.jpg,no_es_poster,,""
406591,"Hunters' Sense of Touch",1995,ja,/9oOLiXuzGRWgBjaZ8W6yia5NIZw.jpg,es_poster,si,""
409330,"Is It You?",2013,et,/jJyqSllv8MPwLvRb9ogNbVfCPhx.jpg,no_es_poster,,""
411279,"Pretham",2016,ml,/gzjXkR4nxfNz0AWCJgS7lZ49nlP.jpg,es_poster,si,""
412102,"Nenjam Marappathillai",2021,ta,/3hw8exDODhg55Gk046t4Igyr6dC.jpg,es_poster,si,""
412333,"Mohini",2018,ta,/fFTbwRo3vYvewwMDEalgDJcx5F8.jpg,es_poster,si,""
413951,"The Faceless Man",1977,ja,/43qo3fsxWYgP2iLQTRB0lPQ1CrX.jpg,es_poster,si,""
415175,"The Scavengers",1987,en,/6MzGKlFd9rH4rQ3aMz6PvMt5cOP.jpg,no_es_poster,,""
418939,"The Eye's Dream",2016,ja,/29jWQqbENRCfGeo3iM5HPyQwbw7.jpg,es_poster,si,""
419391,"Grýla",2016,is,/fShfedc778N32It4aywkZMC6oyk.jpg,no_es_poster,,""
420674,"BoF",2016,en,/1kYK4jsnrYNtevOFxPLMYX76wAV.jpg,no_es_poster,,""
421197,"Ghost of Nang Fa Thani",1967,th,/tIcNLsWnbUMto2QLGtuM39gKXyK.jpg,es_poster,si,""
422406,"Red Account: My Bloody Angel",1988,ja,/siDy5KCYEVOHvqp9V247LE8jWhC.jpg,es_poster,si,""
422947,"Snow Woman",2016,ja,/x91e6wIHRZ5vJqHHYrdZfPg2Gs5.jpg,es_poster,si,""
423344,"Eko Eko Azarak: R-Page",2006,ja,/ugUGssJKWkJJkuLBvFGqjL6kwWe.jpg,es_poster,si,""
423870,"Empire of Madness",1989,en,/7mP5cB6T1k62gLu1B0QSE0G5Sa4.jpg,es_poster,si,""
424222,"UFO: It Is Here",2016,de,/2GnEKeMaO4nwv9y5ijLgoHkCYIq.jpg,es_poster,si,""
424650,"Affection",2012,en,/4O1zYrteiJbGCHfj8O7rU3hT694.jpg,no_es_poster,,""
426063,"Nosferatu",2024,en,/5qGIxdEO841C0tdY8vOdLoRVrr0.jpg,es_poster,si,""
426293,"The Detail",2016,de,/ztJuVuDWBJq77vyUGb9zgnn1oFb.jpg,no_es_poster,,""
431109,"Inhumanwich!",2016,en,/6hyd50wCk9cOz642IBy6P0TTDeu.jpg,es_poster,si,""
432916,"The Ghost Photo Club",2015,ja,/hOiErt8dojhS06jhhvvtz951glb.jpg,es_poster,si,""
434325,"Claws",1996,el,/dICtyeMbiNdQnjDH3J6cd5wdI3S.jpg,no_es_poster,,""
437265,"The Gods Have a Nervous Breakdown",1990,ja,/gpdAIQROkA0kbkLl5oy9FDHbDqv.jpg,es_poster,si,""
438237,"Caracol, col, col",1995,es,/ma16rFqYse58Og3jrGYHCj6ZWEH.jpg,no_es_poster,,""
440255,"The Road",1964,en,/j4wQkPGAAPa1tWdeO83pEPmJJTx.jpg,no_es_poster,,""
440444,"Piercing",2019,en,/1iDIFMzYxY25X25KDeARA6VoDl3.jpg,es_poster,si,""
443151,"Crocodile Man 2",1969,km,/3NU4v1k9beeXV8SuUroEuWlZ95J.jpg,es_poster,si,""
443538,"A Strange Case",1914,de,/qsBBssvcpHKBrWzvL9iAagM1oxz.jpg,no_es_poster,,""
444483,"Vassalord.",2013,ja,/vyzS55N83jgDtgMeyYJOD7ppYMz.jpg,no_es_poster,,""
446904,"Gone",2013,en,/ccuUHc1Yyyr3q7S9K6NJftjTaNw.jpg,no_es_poster,,""
447385,"The Dream Woman",1914,en,/heEqX0kBiJvTyBkLSbdb9Nmxbfc.jpg,no_seguro,,""
447722,"Bloody Demon",1983,ja,/lDiprOb6421Ue9Dpk9LT0gaAfkp.jpg,no_es_poster,,""
447724,"HighWay",1987,ja,/3hFMhHXOsxnM1zY7jwK0xM0ueSl.jpg,no_es_poster,,""
447726,"Ripper",1989,ja,/uO4vOVyDaGTG4J5NITloYLUb2PS.jpg,no_es_poster,,""
447728,"Nightmare Scoop",1993,ja,/znbcV85jfi7alhIqbO49XITmmBN.jpg,no_es_poster,,""
448194,"Pyewacket",2017,en,/3ET9MWmIx2ny2KP5mqY9ceb0WxF.jpg,es_poster,si,""
450157,"Urban Spirit Legend: Psychic Factory",2010,ja,/13CAyvgZuB6RpQTOdGC0Vupg1af.jpg,es_poster,si,""
450512,"Strange Tale at Midnight",1955,cn,/c5B11wANq7klhibH868I7XCP0Do.jpg,es_poster,si,""
450515,"The Night the Spirit Returns",1962,cn,/5VneBc1G7TpeyM7NLlx8tA1tioe.jpg,es_poster,si,""
450523,"The Ghostly Murderer",1964,cn,/2s2wne5MwwtgqB1fuPvUl1kwxOV.jpg,es_poster,si,""
450934,"Mokdugi Video",2005,ko,/r5ZszrH0WDnclIr6NuvLieX3U3Y.jpg,es_poster,si,""
451331,"Dive into Doom",2013,en,/qFnkUs72zpXuDb8aJBLklJUvR3y.jpg,no_es_poster,,""
452250,"Sivalinga",2017,ta,/vUOTPPqEmvYDC2BZJEMJTMp2sMm.jpg,es_poster,si,""
452472,"Insomnia",1963,fr,/aarqNFQ0mYaU33W05cyhvtPu9Pb.jpg,es_poster,si,""
452900,"The Cave of the Silken Web II",1930,zh,/ml56Uji0eS4se0C3wm5fWf5yl3r.jpg,no_es_poster,,""
453638,"The Mad Monk",1940,es,/8uRNMi2iul3zhEXKf1en0m9g9PN.jpg,no_es_poster,,""
457781,"Blondie",2016,pt,/PQIf2vkcE6tcetdHdsxweJSPUC.jpg,no_es_poster,,""
458612,"Di Suatu Tempat",2017,id,/cOW6wjgpurygSW7XtMCXF91MGfe.jpg,no_es_poster,,""
458716,"Juego de niñas",2007,en,/ec0AVhjY7TfH77NkdQZt7CFp3yH.jpg,es_poster,si,""
458971,"Phantasmagoria of the Interior",2015,en,/j1IGFvDelNq4DwkLpF4V1NjUM2U.jpg,no_es_poster,,""
459856,"The Pink Egg",2017,en,/3gE4Z3GmFz4PTvj8XG9QXfe30aK.jpg,no_es_poster,,""
462652,"Alan",,en,/5pKTTX9Cdb9HILJO4DjjUN94K3N.jpg,no_es_poster,,""
463532,"Raktharakshassu",2014,ml,/cO6gQVEn4A1WVuk4GUrNocSVQqP.jpg,es_poster,si,""
464261,"Heaven and Hell",1999,ja,/dD0X5DMmZxqzsF8NsX8GWgiwaJJ.jpg,es_poster,si,""
464879,"Cabin 28",2017,en,/crvqys951H0yVoPR38oSg6YAxSj.jpg,es_poster,si,""
464890,"Vegetables",1989,en,/wspfoT9f1KfdEGnYU1jIgYlBvvM.jpg,no_es_poster,,""
465996,"Flow",2017,en,/lukWwr525X87CdNEWYiGC2RzljP.jpg,no_es_poster,,""
466088,"The Traveler's Longing to Pray",2017,ar,/q8LZDL4yhSF9GCPSGwqeY5xK5PL.jpg,no_es_poster,,""
466266,"In the Park",2017,es,/wB2gh9Nz4atA2yXcAl15cmJ0vt1.jpg,no_es_poster,,""
467882,"Rakthavira",1994,en,/kiHkH8ykvlY4rMqJdz3yG2R7ADZ.jpg,no_es_poster,,""
468014,"Mythily Veendum Varunnu...",2017,ml,/ki5BY9BM4NPzQrH0INkGauWvgna.jpg,es_poster,si,""
468496,"The Sabbat of the Black Cat",1973,en,/84HNjoArGL9FM6JBRG6AmUrVQrC.jpg,no_es_poster,,""
469867,"A Caverna",2015,pt,/xwQ9XAjHzRqjVtFI98XAsHwBNx3.jpg,no_es_poster,,""
469972,"Self Decapitation",2017,en,/af25UQDWVAjzyqnwASs0kctZwV3.jpg,no_es_poster,,""
470757,"Waxhouse Rock",2017,en,/opR3xPR8elH03dHusWAsyl9MRyW.jpg,no_es_poster,,""
473729,"The Other Gods: A Tale of the Dream Cycle",2006,en,/5Fo9k3pJgtS7y2eU6Xm28MKcwOg.jpg,no_es_poster,,""
473786,"D. Jaime or the Portuguese Night",1974,pt,/3CJl7S9aABZLsccwP4Cox4ctm5G.jpg,no_es_poster,,""
475899,"Winston",,en,/jBo99QeEx8JfVniBhf7e6OcL8C4.jpg,no_es_poster,,""
476524,"Mister Popular",2017,en,/31nfR4KrArbSlEn9wpphz3WTeol.jpg,no_es_poster,,""
476855,"Satan",1912,it,/l5VNeHOMVnYjKEnxX5xV2taWYjj.jpg,no_es_poster,,""
478149,"GARO: Fang of God",2018,ja,/ouhNC5r3YUrV6bXzEkhMwWq5xcs.jpg,es_poster,si,""
478819,"Zombie Lust",2002,en,/6ZaTOTNYM0oti8akPcJX7uDQdBf.jpg,no_es_poster,,""
479876,"Emma",2017,en,/aEYhZkU4vbAGUR5gk9tgbDAlLOM.jpg,es_poster,si,""
480002,"The Cornfield",2017,en,/dWadk0ANOddIA43bmAUyDpMoXMv.jpg,no_es_poster,,""
480406,"Açúcar",2017,pt,/n5RQldxwOHNVzLIMgSNa07hDILH.jpg,es_poster,si,""
480463,"V",2017,en,/zXSYh9yHOFrcE0nCmu6H8MjW4xQ.jpg,no_es_poster,,""
480529,"Popstars",2016,ko,/48PUh44vsWwkndURnrBSNvIhZJX.jpg,es_poster,si,""
481125,"The Giant",2017,en,/cTtdolQB8lET3QJmahds89wmktg.jpg,no_es_poster,,""
481726,"Jordan Descending",2017,en,/3Vx4deYe2HrRFUVPokUefzVWvmL.jpg,no_es_poster,,""
482192,"Damsels",2017,en,/lHHrYLhQUzFAMpRU0GG9nJ7j8Uf.jpg,es_poster,si,""
482435,"The Queen of Spades",1927,de,/xVsxXDAypQcibWdSMO7CRjl16xj.jpg,no_es_poster,,""
482531,"Spirit of the Ancient Grave",1939,cn,/j6XKN1Zdt10YNLJC69f3BtHzt2X.jpg,no_es_poster,,""
482919,"The Anonymous Phone Call",1987,zh,/k2QuYeeWwW3XGIiORdRsz3GGo9u.jpg,es_poster,si,""
483178,"Story of the Eye",2012,en,/pIbxOAmutnteyuQZLyXgBFl1239.jpg,no_es_poster,,""
483417,"Dark Side of the Light",2016,ja,/amTtwrbsWycKmrYMDa3Rkm18y7m.jpg,es_poster,si,""
483608,"I Should Have Run",2017,en,/4RXbu4JPAOUWxHNEJz0nTGWR9sy.jpg,no_es_poster,,""
483940,"Squareworld",1995,ja,/yU21hcAB5rxtMqHYIYZZFRvkT3m.jpg,no_es_poster,,""
484219,"A Visit to the Spiritualist",1899,en,/vfnLo133Mq8M4SXZOaWAhMVFgX7.jpg,no_es_poster,,""
484393,"Paleni Carodejnic",2017,en,/zzdLBaJFTPUOYHtROhfyYdRoVnX.jpg,no_es_poster,,""
484394,"Door Light",2017,en,/9cKFPU1QPrdPQngamZ98Hy3jHir.jpg,no_es_poster,,""
484396,"Gargoyle",2017,en,/773NLk2GVV9rS2RNQmYHEKft3Gm.jpg,no_es_poster,,""
484499,"Keep Out of Danger",1980,zh,/7dP4lOh1iJCvjbOLdOjtfgDgTeA.jpg,es_poster,si,""
484561,"Vore",2017,en,/82V2psTaHkfP2MraAS2jhq8SOAy.jpg,no_es_poster,,""
484563,"The Music Lesson",2017,en,/yvb5la0wZOgDXR5A2mKP0j6tvb7.jpg,no_es_poster,,""
484627,"He Will Call",2017,en,/l4RnjbHu3X6lTXtOaKMu2BRKK2Z.jpg,no_es_poster,,""
484644,"Three Shots, Nine Shots",1999,en,/oz2ZfW7QoXywKj20BSAlBtfwXng.jpg,no_es_poster,,""
485751,"Agony",2017,en,/gRs9xjisdmbsh68yYgXFoeHhbhL.jpg,es_poster,si,""
485789,"Bhaagamathie",2018,te,/quGwnd4DjXOX25aLwuuRJJ5YmlS.jpg,es_poster,si,""
486515,"The Gruesome Twosome",1989,en,/wOesaf7hG0DgPuAlSL7VXVxtcJY.jpg,no_es_poster,,""
487857,"Forest Murmurs",2006,en,/xtBaaoP3kj5SyaSdKLOxpoowQw5.jpg,no_es_poster,,""
488513,"House of Evil",1974,en,/7KAeGl8SDwziEHk5lXrHUvGK8pA.jpg,no_es_poster,,""
488930,"GETEBUTSU",2017,ja,/317iJtIifxE6lzDiCB3aUgTMiEF.jpg,no_es_poster,,""
490870,"The Idol",,en,/4sj3PZkPRkbKQJyEAqCESyeIB3y.jpg,no_es_poster,,""
491197,"Henry & Aaron's Perfectly Adequate Christmas Special",2010,en,/qAxFox8D6RE78yd96eUhgqhziQW.jpg,no_es_poster,,""
491564,"Deafman Glance",1981,en,/nm2pOTd2cq3XesjuuLMxCmgt13o.jpg,no_es_poster,,""
493198,"The Maggot Feeder",2012,et,/jJtmjKNRN2ytkEo20n97LSnxuq2.jpg,no_es_poster,,""
494445,"Bloodrape",2011,en,/lVe6ULe2WmWAjfpUMgYuDc7U5WK.jpg,es_poster,si,""
496292,"Umbilical Glue",2017,en,/5cjMxLXAqLerIBC8h3IkomRyJmf.jpg,es_poster,si,""
497908,"Submersion",2017,en,/9Id2mhCKXpsXK0Dn2jHWHF6XDT4.jpg,no_es_poster,,""
498062,"Luz",2019,de,/5xLen4n8FYYjW2HhBG2rtvFMUZw.jpg,es_poster,si,""
498580,"Kanchana 3",2019,ta,/r01e7wDHHFl2WaXBBzMhGoZg50t.jpg,es_poster,si,""
501753,"Spooky Kitaro: The All Seeing Eye",1980,ja,/a6B3Ybor6ERODsR4K3BHxrjCxik.jpg,no_es_poster,,""
502617,"M is for Make Believe",2014,en,/jysUPbW6AQkALHD4gucq0LwfaGB.jpg,no_es_poster,,""
502755,"Bimbo Bambino",2018,sv,/3TvnLx10e4dSCCpVD1HRiiWNvI6.jpg,no_es_poster,,""
505330,"The Mother's Island",2013,ko,/2q2DjSVGJ3q7K9n4N8Q9hynFCdR.jpg,es_poster,si,""
505695,"Splatter Movie",2011,en,/gxYc8ah4ZlSmLDLIJOmtjVN89vA.jpg,no_es_poster,,""
506952,"Raydon",2005,en,/aDDBehNiRIlv124ZVn2h7fQWbfv.jpg,es_poster,si,""
507040,"Raa Raa",2018,te,/9bQ6apY8pgzxdy6ZuWjWe6muyx6.jpg,no_es_poster,,""
507489,"Anti-Pervert Manual",2008,cn,/eKhem6ZLIEQH3nAlU2x2J10deba.jpg,no_es_poster,,""
507723,"Rings",1985,fa,/6dwXuTrRUW1X0OS8YbBEudTguV8.jpg,no_es_poster,,""
507961,"Monstro",2013,pt,/4726Cqrhsq1W9e3Y5bxxd9Ejevo.jpg,no_es_poster,,""
508385,"Wayfarers",2017,en,/j1pI16yAIeI2Rn9yLuwUXvUPzEQ.jpg,no_es_poster,,""
508388,"Rodentia",,en,/kH0opBmRLCdqMfyIjzYd4AxsVpv.jpg,no_es_poster,,""
508495,"Lovesick",2015,en,/f8iuFzilVkHwXAsquikHMSIKdbW.jpg,no_es_poster,,""
510552,"Soon You Will Be Gone",2016,en,/5QWSeeNaDHp85x3mxK8TjfUs2Ng.jpg,no_es_poster,,""
512270,"Shadow",2018,ml,/8dwiSVq9v7AQXGwQ1UFwzU161O0.jpg,es_poster,si,""
513372,"Hoax",2019,en,/hK7s0dsNLGyEFokHyvyyTj1KCYL.jpg,es_poster,si,""
513665,"Onaaigal Jakkiradhai",2018,ta,/t5OpwwYn5DiH94xhCjUTHu5iJKJ.jpg,es_poster,si,""
514101,"Ambassador of Hell",1945,ar,/zQlLbnPMRJHHzeBVdSm9q0CMk8l.jpg,es_poster,si,""
514233,"Mister Sticks",2018,en,/wtXb3SPgfe91AQZltJruB9M2IEz.jpg,no_es_poster,,""
514277,"Mara",2018,en,/gQDmXAef1Oc1SXci5mui2x5DJwt.jpg,es_poster,si,""
514591,"Autopsy",2000,en,/soEQtEX3eMsO60UQFmfeyyrQ3qQ.jpg,no_es_poster,,""
515376,"Odokuro",2011,en,/aWYre09L4kARJsuafU4HjXgNaUG.jpg,no_es_poster,,""
515531,"Circus of Dread",2012,en,/hEysKnn2Suk8XQHyCKLiygPiVWS.jpg,no_es_poster,,""
515627,"C.L.A.Y.",2012,ja,/rOhwTKMyA3GcIVD0DFuSNlhtSuW.jpg,no_es_poster,,""
515906,"Montauk",2011,en,/k1k1v5bhEx56fUShthilMBPuzl1.jpg,no_es_poster,,""
516182,"Broken Flesh Ecstasy",2005,fr,/hFDVDRwfwZmyh9R4t9ngXhsHdV5.jpg,no_es_poster,,""
516327,"MAID OF THE DEAD",,ja,/m0m036zlS1kpekRm98UDocZH7BV.jpg,no_es_poster,,""
517226,"Book of the Dead",2018,en,/eAIwAwHPCaOa6PXh0V5cirgtq8G.jpg,no_es_poster,,""
517419,"Salvatore",2017,nl,/hCUHBJxifJtHtO2FtoMHbChE0Xi.jpg,no_es_poster,,""
517425,"The Sad Man",2015,en,/cMck0qTHI4OR6WWVGlYgowfuuOO.jpg,no_es_poster,,""
521634,"Vargulf",2013,en,/2S2b6UiEf5PHGhr3Dsg47vqb3T7.jpg,no_es_poster,,""
522650,"Tokyo Halloween Night",2013,ja,/fGEa1e2djcciMpa6gAmeTbY2yZL.jpg,no_es_poster,,""
522987,"Inside Evil",2017,en,/tYK9uDtbVGcwbIhPshAN2jvLK0.jpg,es_poster,si,""
524086,"The Pig Walks",2002,en,/5brY3fRjWDuD1YuFbAVIbvdQWDl.jpg,no_es_poster,,""
524138,"Culinária Dumbo",2018,en,/uSbxnnZcz5HLu5wpaHZSWysBThG.jpg,no_es_poster,,""
524432,"Devil Boy",1989,ja,/icXpy0zTWyIfL7Riuaw21n0CjDC.jpg,es_poster,si,""
524537,"Cursed Part 3",2000,en,/duGdexQOYx41lpxuMJx4DJSwnTj.jpg,no_es_poster,,""
525490,"Shadowland",1988,en,/tWoW6B8ZfUjbt6iCUwQnB274uL1.jpg,es_poster,si,""
526677,"The Rope Maiden",2013,en,/hKph3O2MNvqeKyLLIvxtIc4KixR.jpg,es_poster,si,""
526783,"I Will Never Forgive",2018,ja,/pXzRSkDrJLql4CoY1fveT3XXi5E.jpg,es_poster,si,""
527132,"Chumbo",1998,pt,/sUzdqgPvQHKQ9J2nEDpph69EAh7.jpg,es_poster,si,""
527780,"Bag",2001,ja,/lcZKJH2O7OsjK4iaGgQLQeFP2Wn.jpg,no_es_poster,,""
528146,"Aathma Bandhana",1992,te,/18sQwFf25QLdzkzFrZ1FdpYq0yW.jpg,es_poster,si,""
528325,"Exhumiert und Beschnitten",,de,/zZOjVRqUgL48hqZEPu6pUBQex14.jpg,no_es_poster,,""
528470,"The Mystery of the Rabbit's Death",2011,ja,/5hFMp4RJ7MU6YNzF7BzGZxDDWMZ.jpg,no_es_poster,,""
529087,"Taoist from the Mountains",2015,zh,/fuTcGTFROFC5PRoSRR7i2plpXDq.jpg,es_poster,si,""
529122,"The Night of the Naporitan",2014,en,/n5h4qHczzWFE0g2MiaukWcTrKeq.jpg,no_es_poster,,""
529139,"Moodswing",2003,en,/l0jEsPsZ0gGdTHQpZWeJi1ve9ud.jpg,no_es_poster,,""
529409,"Empty Spaces",2018,pt,/eKDhk2Zb3Ghd46T0evybTuS7Jzr.jpg,no_es_poster,,""
529438,"Reflections",2018,en,/5Cmn4h3r0DXWb7JRsndNu86aXQm.jpg,no_es_poster,,""
529717,"A Kiss In The Darkness",2018,en,/jSJUkFjda3WhJ3faJHtMz9tCny.jpg,no_es_poster,,""
530253,"D Is for Deloused",2014,en,/5v9t5JgyCebHxcKGTE6oSiUJZFR.jpg,no_es_poster,,""
530571,"Asoko no seki",2005,ja,/wFFQhE7EtIMFicfjkyJa1hLW16M.jpg,es_poster,si,""
530670,"Barbeque",2017,en,/p2rYrp6Lvlv3RMuCMGSR9nmy19b.jpg,no_es_poster,,""
530943,"Bloody Flash",1986,es,/qSMrv861Y0y2b7RR8wJnhihMT7I.jpg,no_es_poster,,""
531502,"Funnel Web Family Refrigerated",2016,en,/cCCV91vyKgpuOOhXpxnsbKLUcA8.jpg,no_es_poster,,""
532225,"The Shed",2012,en,/wArv9HrcV8YYZTKRanX2Fx5PrRO.jpg,no_es_poster,,""
533565,"The Devil In Mary",2018,en,/mknCTCqeczuSWlWzphRSeSMRilD.jpg,no_es_poster,,""
534161,"Dan xiao bie kan",2017,zh,/djjFVjhpwG2KWWjzANroq3gij1M.jpg,es_poster,si,""
534478,"tHE bIRTh of bRAiNFly",2008,en,/k4YS4cSOSFHGHxhGUQ1d42hFY3X.jpg,no_es_poster,,""
535562,"The Perfect Fishplate",2005,ko,/3jWC7XmFZ3aJQPLJERz5b5xgX3h.jpg,no_es_poster,,""
536026,"Trunk",2018,kn,/ypro0cnNvbVuh16lcYd5fB6TaA2.jpg,es_poster,si,""
539714,"Thin Walls",2016,en,/8pV2yuR77EnvOcpBjpYagh1vCAP.jpg,no_es_poster,,""
540306,"The Hornet's Disciple and the Scars She Left",2018,en,/rUubcfIIAGbLMzqjuKYnufzrxnt.jpg,no_es_poster,,""
541727,"Strawberry Eaters",2018,et,/2YeYD8dL0npWFpcmvabQebsjrtU.jpg,no_es_poster,,""
542104,"Kinavalli",2018,ml,/2QitEJSOSs5W5d5H8MtbtLhd3My.jpg,es_poster,si,""
542274,"Abhisaarike",2018,kn,/p116V068oSYE8HeJUXxjzDrcWB4.jpg,es_poster,si,""
542580,"Investigation 13",2019,en,/ziYgvakhHQEaOV1w75hISCqQ4T8.jpg,es_poster,si,""
543802,"The Long Wash",2018,en,/2Z4gayIPZD5FIqZDVb9tRLVlRfD.jpg,no_es_poster,,""
544711,"Benito Tilmann: O Pior Cineasta do Mundo",2018,pt,/jtHLTnDUUgrKPAMliBu7W7WiGke.jpg,no_es_poster,,""
546711,"Unplugging Nightmare",2004,cn,/3dI8hzFCzwFkb8F0GMIaaIYjRFm.jpg,es_poster,si,""
547034,"Vellinakshatram",2004,ml,/gLKWDR5sd5GO6myJeGjGpsuUFFA.jpg,es_poster,si,""
547078,"Gwilliam's Tips For Turning Tricks Into Treats",2018,en,/uaNEd0kN4z8ZQwlCGhU1WYMSnFm.jpg,no_es_poster,,""
548027,"The Three Crow Boys",2018,en,/yhHjLGNoB56zV1n1FewKzWIaOrz.jpg,no_es_poster,,""
548784,"Hell Girl",2019,ja,/ejR46fMxskeUvAwvybmO5KwPQjq.jpg,es_poster,si,""
549707,"Time Cube",2017,en,/qvdG4RexYwRIweFvpB5Ha1X3LSL.jpg,no_es_poster,,""
550300,"Elfen Lied Special",,ja,/pHv4uCouLr5Sw2HtaG3vhJnIg6T.jpg,no_es_poster,,""
552344,"Emma",2015,de,/icvy4XduVRslXiZLrABaFfAuLit.jpg,no_es_poster,,""
552843,"Beware the Inside",2018,en,/bShcRzatomrAJTBkRE32QulVEmW.jpg,no_es_poster,,""
553054,"Full Moon Sonny",2005,en,/skUVznRn8fWZlzgQIZzfbEP9liA.jpg,no_es_poster,,""
553075,"The Catskill Chainsaw Redemption",2004,en,/vpbGJC6xKNKQc5XF2WjgodrmAu3.jpg,no_es_poster,,""
553530,"The Way",2018,en,/w2rFdQkoo3UwphZKH4PbgV7KfFM.jpg,no_es_poster,,""
553880,"Alone",2017,en,/cYC4J8KYcVn1jPLg9q87rNObVlp.jpg,no_es_poster,,""
555455,"Beautiful Eyes",2013,en,/f2KjguJk9qwW824uVu7sq51S1wh.jpg,no_es_poster,,""
555694,"Road Meat",1989,en,/m5tJc2I7RAPkUQh0oLjypqyprLE.jpg,es_poster,si,""
556463,"Anemia",2013,ja,/zQjBg98zzIZcbasSOhqjHLaMZ7W.jpg,no_es_poster,,""
557486,"Life’s a Wish and then You Die",2018,en,/sTaCcJWCj63OE5sFTefgwOeTV6v.jpg,no_es_poster,,""
557508,"5 Minutes to Midnight",2018,en,/cZXz95s1udtX3wnVHyCONbV39x6.jpg,no_es_poster,,""
557513,"Bus to Dublin",2018,en,/8hMeXDaXJ5T99Ab6IBlMk7fx5Fx.jpg,no_es_poster,,""
557932,"La ballade des amants maudits",1967,fr,/vxU2IWxQE8XT9jix6fig8nhejHM.jpg,no_es_poster,,""
558510,"FarmKill",2019,nl,/5SKx9zC2BQzgnaumpXAzB9AhFep.jpg,no_es_poster,,""
558899,"Refuge II: The Ice Path",2018,el,/4eAQLIKNvNa6SW6FQppFyEr412w.jpg,no_es_poster,,""
559934,"Svetimkunis",2010,lt,/coNSgp4D3Yw2WJiUWb6gxB6kWH3.jpg,no_es_poster,,""
563197,"Le livre muet",1962,en,/2Qiw03Axb6GbWWcka6BGMFZkn4.jpg,no_es_poster,,""
565440,"Frankenstein Meets Dracula",1957,en,/xpSG5GDC4HbF4afyY2kg8Ed3vKG.jpg,no_es_poster,,""
565441,"Return of the Wolf Man",1957,en,/mSu74pHKYtCG609GFsJBOkjlpDi.jpg,no_es_poster,,""
565481,"The Decayed",2017,en,/fhbWieHqggsLR0oX34vBopXBoqo.jpg,es_poster,si,""
565851,"Red Velvet Girls",2005,en,/axcR07kxOO0XpvdA09C02vd0g8O.jpg,no_es_poster,,""
566025,"Ghoul Log",2018,en,/jDAZUQ4XiHcIW1kocfBN3h9wVnx.jpg,no_es_poster,,""
566325,"Terrified Woman",,en,/6BRWFxvU3RSfQGK4X7wFaTGZkwI.jpg,no_es_poster,,""
566417,"Cavity",2018,en,/r2Mwdi5S7k5wVIg6XxBl6aaHowi.jpg,no_es_poster,,""
566627,"Venga Monjas: Malviviendo",2010,es,/eZcjEwilBy2H5aRzy8A5OOlR6yD.jpg,no_es_poster,,""
566804,"The Dolls with Attitude",2017,ja,/ojZ7MhwZP5VwYbPoLoM0fzEdTaN.jpg,no_es_poster,,""
567667,"Anachronic",2018,pt,/oD1vDUjxW1zWynqDJFrLWjTo0vo.jpg,no_es_poster,,""
568265,"A Little Late",2018,en,/pUrGkwsbws0dsNuWxLHIzQ2RseS.jpg,no_es_poster,,""
568649,"Wild Ride",2018,en,/nGZ0XKsSMGEEvQqmsVMCmjRCVA5.jpg,no_es_poster,,""
569329,"Coffins of Light",2009,en,/reSczrecSKq83JCtDXuraCpVuHy.jpg,no_es_poster,,""
570453,"The Picture of Dorian Gray",2018,en,/2RYRwBIApE0V8lotNNrof0H457H.jpg,no_es_poster,,""
571931,"Blood",1987,ja,/pvNIf64sE7EJxJONwU9z9KzypQV.jpg,no_es_poster,,""
572600,"Boys Night",2018,en,/1uUMpowa29BkZjpI4JcJO476aXx.jpg,no_es_poster,,""
574127,"Bildabläufe",1972,de,/tkhjaFTSY8JFp3OdfhQWlWDOxpq.jpg,no_es_poster,,""
574790,"Toby",2017,en,/52YkQvwCNymJmrklp2dykJkjE2q.jpg,no_es_poster,,""
577214,"De mes amours décomposées",1970,fr,/eYiiqggStHPQnOafTLQNuQMu23N.jpg,no_es_poster,,""
578443,"VCR GHOST",2016,en,/8S1sHUs66sN4UmX87TC6dejZqGp.jpg,no_es_poster,,""
578469,"Nightshade",2019,en,/eZVgA1P5CCc4yUbnhbjC6TB5kbG.jpg,no_es_poster,,""
578897,"Muffin",2000,en,/lHnovO7IFC2qg4rJkTLLyypRGRP.jpg,no_es_poster,,""
580806,"We're Still Here",2019,sv,/sdq2TQ34Jq2xdasMVvNkWcWvPb8.jpg,no_es_poster,,""
581235,"Spooktown II",2016,en,/wUvOTwBwtQCJnYLPoM5Gu27jjuZ.jpg,no_es_poster,,""
582600,"The Rite",,pt,/r8alSiIBUuxRM8JqBfbht6j5spB.jpg,no_es_poster,,""
582892,"Despondent Yearning",1973,en,/bRHZcZZDGqOvjkD2FU3OzhkUCON.jpg,no_es_poster,,""
582894,"Homicidal",1975,en,/2EAQsmxrqjoZTzlOkTWkGCJNS2V.jpg,no_es_poster,,""
583016,"A Creak in Time",,en,/9y9MJEf16PS9dSiQBsYjf5sTkEI.jpg,no_es_poster,,""
584466,"My Love",1994,ja,/jgbxotfmQrVzwFlKkNjGCxyaiW7.jpg,es_poster,si,""
584682,"Daydream",2009,ja,/yfAhpoqAgKaUCLktsC6KP8LT9ra.jpg,es_poster,si,""
586727,"Exorcist",2000,tr,/gswf7ZX5lCDaWxZgOuMTZxxX8GZ.jpg,no_es_poster,,""
588856,"Home Sweet Home",2004,ko,/itG9ZIBHKdqX23zeNkR6Bh1TaFa.jpg,no_es_poster,,""
588858,"Night Crawling",2017,fa,/tQlwN0bEU9Q1d7ivSj7rCGkFfmm.jpg,no_es_poster,,""
589635,"Cenizas",2015,es,/h0fYn9P7mx91OTpwpaMVmIWSdNJ.jpg,no_es_poster,,""
589637,"Tierra",2016,es,/iBLy3U4e7jghrskCBqfjbvXRPfb.jpg,no_es_poster,,""
591309,"Here After",2004,en,/1B8bKKTe0B2AK1veoNx4YXOfouB.jpg,no_es_poster,,""
592912,"A Live Broadcast",2018,en,/khoYGEqIJGMihri6wvBnylQtNsM.jpg,no_es_poster,,""
592989,"Memento Mori",2018,en,/kDlOSDQdm1gR4Tqa3i9zcePQOzV.jpg,no_es_poster,,""
593676,"The Legacy",2009,en,/yEQ5cXiV97RuYK8AizwAuJ5qUMS.jpg,no_es_poster,,""
594274,"Vampire",1964,en,/wt1m2gllYqTz01dZqlX5XtjtMvP.jpg,no_es_poster,,""
595379,"Blood Spook",2017,en,/jsw4eelses9bvjVWT0H1PP0lwn7.jpg,no_es_poster,,""
597502,"Night Pastor",1998,en,/57qQ3VDAkgEttlSfrYlAWv62YX8.jpg,no_es_poster,,""
600427,"Groping",1980,en,/hvxk2CHTONEk4YulkmciQYMlnCU.jpg,no_es_poster,,""
601683,"Ardin and Barray: A Found Footage Story",2018,en,/4qDXQgWGjo7aK3M860visxYxppW.jpg,no_es_poster,,""
603431,"Spooky Kitaro",1985,ja,/yg0o8na222dewYevbuksmHYJUb0.jpg,es_poster,si,""
603644,"In the Hours of Darkness",2015,en,/nfXZCZp7MHyDOkueRZPkRAcnCvL.jpg,no_es_poster,,""
603943,"The Well in the Woods",2013,en,/7nlgqIcuf6eBw13Ln9lea4ipoJ9.jpg,no_es_poster,,""
604350,"Life in Death",1914,ru,/oVOI2QpZGzI6m7ivsNFa2ZY8dtH.jpg,no_es_poster,,""
604519,"Carfucker",2019,en,/zydVgJINgOa4aL3E0eQhyTck9d8.jpg,no_es_poster,,""
605635,"Receptor",2019,pt,/dyGkbN1LDZK5ovJYgUIjBiJYjeR.jpg,no_es_poster,,""
605802,"8",2020,en,/mEot6Gg88yvIpLI9HTZNPvSkzTd.jpg,es_poster,si,""
606373,"House Among the Trees",2018,en,/gnkUexNgKUGwuJcavZJiXJyio5s.jpg,no_es_poster,,""
606519,"M Is for Migraine",2013,en,/sQNEjGmFL8INOOqMhHYDzN2CGVB.jpg,no_es_poster,,""
607137,"Momo",,en,/fSGtxNn4OMO9yfzfPr5urmeA76S.jpg,es_poster,si,""
607740,"Skin of Man",2021,en,/3KDbbiPgvV1GxaBYpJG8x1QKjE5.jpg,no_es_poster,,""
609080,"The Phantom Violin",1914,en,/6CQWpOU7fA1mpOUa9OmCdVXsobH.jpg,no_es_poster,,""
609245,"Luminous Void: Docudrama",2019,en,/i1OavztpX5escb01lF3U7nQqPDz.jpg,no_es_poster,,""
609302,"Adriela",2021,es,/5n8e1qTCR3lZ9HLdRXkKcQN4LH5.jpg,no_es_poster,,""
609323,"Kawarasaki Family",1996,ja,/o1sE22CVaFqJ0j2aXuAoK10E0XB.jpg,es_poster,si,""
609374,"Dreams Do Come True: A Nightmare",2008,en,/7niUFlGzwVGESASplC74lAL6xMv.jpg,no_es_poster,,""
611636,"Stucco",2019,en,/4rIihYUWOjbwfSVIg516IUyjlto.jpg,es_poster,si,""
612811,"Lingchi: Echoes of a Historical Photograph",2002,en,/oHSRHTo3Y4yOEqPQ2jmP8O5FxG9.jpg,es_poster,si,""
613506,"Festival of the Sacrifice",2008,tr,/6A9qwmiJedRDVdV8n3LBRMAelBY.jpg,no_es_poster,,""
613515,"The Pencil",2012,tr,/yuUsnqnAOpadS2qjgqgYpttqtxr.jpg,no_es_poster,,""
616185,"The Urban Legend of Sugisawa Village",2014,ja,/pFJ80d1FvDeZFD16E20JhGRPHpy.jpg,es_poster,si,""
616347,"Guest",1990,uk,/jGlIAOUsjzpHNJDv7Ee3R5bvO7v.jpg,no_es_poster,,""
616769,"Aurora",2009,tl,/2xmqadTNKDWTXF9eAkr1V4E7nuT.jpg,no_es_poster,,""
617761,"Runtime",2019,en,/fZmDizcrUv8LXEJuHPdUDPz1lmh.jpg,no_es_poster,,""
617935,"Stephanie",2019,en,/ffSnpFDwtXQudrOeTK6Zgq6DsLA.jpg,no_es_poster,,""
622488,"Gegege no Kitaro: The Great Yokai War",1986,ja,/A8J2m5C3j75GXojIQIyt856gEnb.jpg,es_poster,si,""
623520,"Z",2019,en,/5kFQrl8fCIrQEXqFUc6bBUylrFs.jpg,es_poster,si,""
625213,"The Faceless Man",2019,en,/dkRZRUSul0qHDGCWOPhs9GgHgfh.jpg,es_poster,si,""
626028,"Daz Watches Found Footage",2018,en,/gQamq2hlWonV7XXOOMbeKV3xDnn.jpg,no_es_poster,,""
626229,"Flesh on Glass",1981,en,/wlWOnZH8fUEqpVixWxrVEMYJ0FI.jpg,no_es_poster,,""
630560,"The Hunchback and the Dancer",1920,de,/hWJvGG6QU2ouIfaWtAggC0tW832.jpg,no_es_poster,,""
630979,"Wat te doen bij een calamiteit?",,en,/lFIjBNNGtBZon3dsWcXr8MTwFvC.jpg,no_es_poster,,""
632259,"RETCH",2018,en,/rl7bVu788yY7r1fsUGZVsXdb5Eg.jpg,es_poster,si,""
634171,"Mãe Querida",2017,pt,/uT1ONBhXf3RHfJmvBQbCOheCtpU.jpg,no_es_poster,,""
634341,"20.02.80",2017,pt,/89ogEQaLMra6taxhRgnaV0Ouq6r.jpg,no_es_poster,,""
635040,"Xenia: Priestess of Night",1976,en,/2Eu3vtdWnRqBVQpEkecohOnCXJT.jpg,no_es_poster,,""
637020,"Bubbles",2018,en,/1IvapmiIlsC5Beb2mnTFOjyfvBi.jpg,no_es_poster,,""
638210,"My Girlfriend is a Serial Killer",2019,ja,/jMTsnTweu2eDgXRMaTnXp3nr72h.jpg,es_poster,si,""
638988,"Cut",,ko,/2tp6jpkTZl2Zu0Nje9PVCyoKJDv.jpg,no_es_poster,,""
639283,"Propagation",2019,en,/9utyRjrGe26UeO1o3NPYpwb7yev.jpg,no_es_poster,,""
639495,"Chloroformed",1995,en,/75Pk75sYEUDd7QhbDd9iOTtHJCC.jpg,es_poster,si,""
639571,"Skin and Bones",,en,/v7A9rhtiw51t7zHwi6U6PS9UzTT.jpg,no_es_poster,,""
639730,"Cloud Shadows",2014,de,/1lNRYE7eabhBNBHMorgTNmBgDX3.jpg,no_es_poster,,""
640291,"Je suis de trop",2019,fr,/gHaWwydDnZj4S7NCUIKQTF6Vzqg.jpg,no_es_poster,,""
640605,"Memories of the Seaside",1982,ja,/neZppmSoWg0ycaiskBMBQzUO7O3.jpg,no_es_poster,,""
641588,"The Veldt",1979,en,/squ6ehimGNOjLZ4WUMayF1n3dSE.jpg,no_es_poster,,""
642649,"Level",2017,en,/wa8791fCkQRWJgBUAz9gtk8JdZs.jpg,no_es_poster,,""
643213,"Ten: The Sacrifice",2019,en,/srYHHAexZWNiMiC4RRrn7HegqM4.jpg,no_es_poster,,""
643375,"Chiller Theatre Fiend Club Show: Volume 1",1996,en,/tgkH6AzIn4H1H8kuOIIjKQJ8h6R.jpg,no_es_poster,,""
643377,"Epilepsy",2011,cn,/4eARDb02M8RNXTm4z7AuN4uDukr.jpg,no_es_poster,,""
643393,"3AM",2015,en,/so35ymQ5YzNmIjzPf4jBD9gzwJh.jpg,no_es_poster,,""
643395,"The Butcher Man",2015,en,/n22L403kaMILidsijZ4yd9qy2qP.jpg,no_es_poster,,""
643400,"What It Wants",2015,en,/18n6uMFdnFknEtscabIZXJpQQ63.jpg,no_es_poster,,""
643889,"Two Little Red Dolls",1996,en,/eWPlSWjvqeiyewqbrfTpHnvb6YI.jpg,no_es_poster,,""
644665,"Bramble On",2026,en,/vkcGRcPHf7OgaXoSPIPmMxP8yGh.jpg,no_es_poster,,""
644686,"Sleepwalker",2019,sv,/dOlk633TnsAo4CGPHkMLXibtmYL.jpg,no_es_poster,,""
647156,"An Absurd Thing",2019,ko,/nJYBzP6v63EcMUyjnTQs86yr87A.jpg,no_es_poster,,""
648473,"Desirella",2004,pt,/4DBIdlV5IuHQ3Gv4zJ5E8oJD1lo.jpg,no_es_poster,,""
648957,"Silhouette",2018,en,/4hTS8mIeI7kuhgBUtJtrEeu9Ia7.jpg,no_es_poster,,""
649219,"Sock 5: Three Skins Without Men",,en,/5UNtIpKuqXS2LRI7MHDSSGMGApU.jpg,no_es_poster,,""
649274,"The Blood Alligator",2019,zh,/eyqsHzWxY2HhnaxW6xMfQPkLusV.jpg,es_poster,si,""
650248,"Nycto",,en,/jL4M4Vj2bBGqYos6OEcw1p0CQvr.jpg,es_poster,si,""
652441,"Metod",2019,sl,/4X7EQicR9cyX1SJPgK98CTRnOXQ.jpg,no_es_poster,,""
652794,"Cursed Words",2019,en,/aAYbP4Oazn6NIO1GDUyUuqTqC12.jpg,no_es_poster,,""
652823,"Madball",1988,en,/RXiU25W7KJEvnfJ3s7fHQv5fQ6.jpg,no_es_poster,,""
653355,"Zombie Massacre",2002,en,/2GGWzRZ1oTviIt2XDdYwOOgn2d2.jpg,no_es_poster,,""
653537,"Whispers",2019,en,/bSWfmpan3VTy4jJeP4yu8NwDYuz.jpg,no_es_poster,,""
655046,"Hi or Coughing",2019,en,/n6ULquMwLteq89JOKKcPnharcgd.jpg,no_es_poster,,""
655435,"FEEL",2016,ja,/o67B6afCxY3EuuRMMAJUtww4M33.jpg,es_poster,si,""
656147,"(sorcière japonaise)",2013,en,/xX1k3is8mI1wjkAi3O7FNm27h38.jpg,no_es_poster,,""
657191,"Tomorrow I Will Be Dirt",2019,en,/7XkaGVOEyakm1HXNioHqFDosHVO.jpg,no_es_poster,,""
657625,"Hampton Court Palace",1926,en,/1TVJvx5Qc52d0PciIklDBF1KEVE.jpg,no_es_poster,,""
657877,"Awake",2019,fr,/paQFjXs3xCTYUV4ZRE9W3PuSXvH.jpg,no_es_poster,,""
657891,"Eve",2019,en,/1SOP3EWtveyGbvqKGpT3Iddmg4.jpg,no_es_poster,,""
659756,"Service",2019,en,/9DREzs2dcZXvXg28NHtZFhyxXbw.jpg,no_es_poster,,""
659822,"VI",2019,en,/8yTkltFGkcN6suab9mkODBqvfOS.jpg,es_poster,si,""
662065,"Mr. Yamauchi Ozawa",2015,ja,/fhrn4O8WXvQhvzFJfowD6gXcXAB.jpg,no_es_poster,,""
662109,"The Room",2014,ja,/sGj1fjyqN5gZqhaccSgEeMQpnL5.jpg,no_es_poster,,""
662509,"Experiment 17",2005,en,/k4HGyTR6Ti9SwU7o2TCdIGjjC1H.jpg,no_es_poster,,""
662521,"Experiment 18: Das Hexenhammer-Projekt",2007,de,/mntHVQUbXVawiPQb5n08TafXNWR.jpg,no_es_poster,,""
663016,"Paranóia",2019,pt,/y6VYLJDeD1TnK8NgHdTU5WixcZL.jpg,no_es_poster,,""
664049,"Jasu",1992,fi,/wZ1mZ37WTu75KuEl0UMDWVAj67c.jpg,es_poster,si,""
664483,"The Crow and The Raven",2010,en,/xiSrEegfwQGx9otLtL9Ds2E5eg4.jpg,no_es_poster,,""
664527,"Solar Deity",2019,en,/ijpKG7YJZmSMAKY5vtD6hARwkSG.jpg,no_es_poster,,""
664530,"(R)eliving the (E)xecution of (M)yself",2019,en,/sKpywyBGAtdERZfCWVqqGxuIoPe.jpg,no_es_poster,,""
664748,"Dr. Sadismo's Theatre of the Macabre",1986,en,/iUWe9bHT1E0wLrR3eIlw8SC2NdW.jpg,no_es_poster,,""
665835,"Die Tophar-Mumie",1920,de,/85c5gHorfpBhBaLko10iDaa3wrY.jpg,no_es_poster,,""
666771,"Him",2017,ja,/jlLbtVyRQ0UOdmgkzf83IDNfY8Q.jpg,es_poster,si,""
667098,"Organ House",1993,en,/ywZZiBR63V3mdAR5Xc91N2BiKaJ.jpg,no_es_poster,,""
667459,"Schizo (Redux)",2004,en,/m4BExRMYwGYEs4fwEjgkEpIDV5s.jpg,no_es_poster,,""
668184,"Luzern Viper",1988,de,/f51nL7ri6KCdXWLDI8Pz0zw2QFG.jpg,no_es_poster,,""
668385,"The Erl King",2020,en,/unG0Qn3hGUm2lNGjS73SHyOJPWp.jpg,no_es_poster,,""
668462,"Multiplex",,en,/ytI2s4suQbmYTIST98tCNckl8RS.jpg,no_es_poster,,""
669974,"Ashley",2020,en,/mbqJRdtJ0tUwsmRMnvAPbt8Z3oT.jpg,no_es_poster,,""
670171,"A World of Your Own",2020,en,/gjS1HwXHuXqv3MChXoFNFdbF89s.jpg,no_es_poster,,""
670638,"Mother's Gut",2020,en,/rdjjAj1vS8bvpbEuawNJ3cQWQvS.jpg,no_es_poster,,""
671078,"Safe Space",2019,en,/qWZYeWLsOmjfo15TYK3C10WUk82.jpg,no_es_poster,,""
672043,"Masque of the Red Death",1959,en,/pW49cYnHAgeTnXErIRU4CRMZ1Yl.jpg,no_es_poster,,""
673850,"The Clown Statue",2012,en,/6wCG1sF3B4vLctnDQpk4PcjzIk6.jpg,no_es_poster,,""
674382,"NONOMNIBUSDORMIO",2018,en,/n0TEg0rckbQUPnVcWafn1yZrcSh.jpg,no_es_poster,,""
674853,"Schizophrenic Building",2019,es,/vv1GNda2kYg1NNBEVwAxdgaeXb0.jpg,no_es_poster,,""
674943,"palyaço bobi",2018,tr,/nsiyyvi0kPCnQ36SBOW0PGy5xdB.jpg,no_es_poster,,""
675526,"The Quiet",2013,en,/cY7haM7UXPxtrFvc5vGHWPVBTXg.jpg,no_es_poster,,""
676285,"Smile Guide 1 - How To Effectively Apple",,pl,/mk6KLQmXOGqTZZVctSoac5iHQjw.jpg,no_es_poster,,""
676291,"Face Value",1981,en,/8TTj8rrHE0mhWc1KLwrjVvKpxhd.jpg,no_es_poster,,""
676292,"Smile Guide 2 - How To Make From  Paper",,en,/ddd6ZcRsSnNa43eC4NC72bDCS8i.jpg,no_es_poster,,""
676297,"Smile Guide 5 - How To Properly Phone",,pl,/i14yw79Kh3hWJTkEihyUR3Qa0HT.jpg,no_es_poster,,""
676299,"Smile Guide 6 - How Your Child",,pl,/sllrtxKP4xEvx61YgeoKFeb8dn3.jpg,no_es_poster,,""
677431,"El infierno tan temido",1975,es,/51gOWbFAOlPsBehCqWZUZ7IXeUq.jpg,no_es_poster,,""
678278,"Late Spring/Regrets For Our Youth",2009,en,/cuNijUzSlDcXjXK911kbzUqeTFS.jpg,no_es_poster,,""
679785,"The Machine",2020,en,/39WejHDhdbMx22FEfjCScvqTzL6.jpg,no_es_poster,,""
679985,"EMOJIHEAD",2019,en,/mGi3ilpWBETdzQE3rZgtVXIDEKz.jpg,no_es_poster,,""
680094,"Ninja Masters 4: The Possession",2015,en,/qDGLwyH7AtR7p3pECVT3aQLzRFB.jpg,no_es_poster,,""
680793,"Micromeo",,de,/3XRNyw0KrYeLB8SbtVJxSOxdCVw.jpg,no_es_poster,,""
681198,"The Great Muta: The Origin Of The Demon",1995,ja,/m5Uvb5C9bh2NIUVfVkCsEBP1SSp.jpg,no_es_poster,,""
684478,"Mushroom Melody - A Ballad In Rhythm Jeans",,pl,/8unCnoZ8mtklTSkaCRHUULIdhg7.jpg,no_es_poster,,""
685826,"Watched",2020,en,/fNEgSdlndOMDeLnRrEi3DCU7LpQ.jpg,no_es_poster,,""
686086,"Rood",2021,en,/6JXiGLsGRRHbhycuJk4rtpPAyM4.jpg,no_es_poster,,""
687281,"In Sickness and in Health",,en,/61u0ZEhKR7QsgbRVsMCahKICJVT.jpg,no_es_poster,,""
687766,"Journey Through the Night",2000,en,/kuLeLaNpzPJLvRR8JODvYczBwoK.jpg,no_es_poster,,""
687794,"The Innocent",2018,en,/lx6Jb4WhbzQFPFIo8NSM6z3o3j6.jpg,no_es_poster,,""
687859,"Limp",2019,en,/7ZRYZcj1q6lcAfkoc9kxFuTbwjh.jpg,no_es_poster,,""
689918,"Cursed One-Piece",1992,ja,/sl0q9bgHdjdv2roFB1nBHCJZpXQ.jpg,es_poster,si,""
690122,"Beauty Is in the Details",2018,en,/ddqtuPkTOeCjv8ojZSKs4bPDe53.jpg,no_es_poster,,""
690127,"Last Number Dialled",2018,en,/5ZlNnoZsKsoNr1twhQGZM7I7ugQ.jpg,no_es_poster,,""
690128,"Emoticon",2018,en,/pfe73clotG9t58zji1XDsgpWkDs.jpg,no_es_poster,,""
690129,"Aquaphobia",2018,en,/ubW5pnpi2p0KTLKFStDpFSS9o3A.jpg,no_es_poster,,""
690131,"The Deli-Very",2018,en,/kPP8oWlgyoGu8HNvbCnPH2i1KyD.jpg,no_es_poster,,""
690135,"The Crows of Culver",2018,en,/dCCHgI1AJB4FhPHF6fp7qGUK2XT.jpg,no_es_poster,,""
690136,"Psycho Messenger",2018,en,/gvse3kCFWmjUKzLqoDvFa9zzp79.jpg,no_es_poster,,""
690137,"CPR",2018,en,/3ds50Zcb3Jw0WSBuYt1NNydBICS.jpg,no_es_poster,,""
690138,"Broken Heart",2018,en,/uthxApwzAYYO9SQTDhN31tgWbvG.jpg,no_es_poster,,""
690583,"Armageddon",2019,de,/swxoaffYG9EjN7mVOZG5mQC5weA.jpg,no_es_poster,,""
690658,"Biocrisis",2002,en,/6gh18FN2dyf9iQFIU6Fcs1xWM7s.jpg,no_es_poster,,""
690732,"The Guest",2016,hi,/hL1h8oWahCMM8NMxvkZLPGxTvi3.jpg,no_es_poster,,""
690799,"Horrors from the ID!",1970,en,/pXBMrzBnrtQuds2I9XjgDltL6gy.jpg,no_es_poster,,""
691155,"Papierkram",2020,de,/33pLafYy0xsIPAw8RHZ0six5epI.jpg,no_es_poster,,""
691223,"Ruptured",2019,en,/pJBBz5RHIXWOqjq4O2CWNCxKSfb.jpg,no_es_poster,,""
693582,"Fate",2018,en,/bkYa0ABWJGW33q7RqApi6PHBM6a.jpg,no_es_poster,,""
693840,"Hell's Bells",2017,en,/y22FSe8FRPOgEm5S9wca1311wlD.jpg,no_es_poster,,""
694435,"The Dead of San Angelo",2001,en,/zdc9gMj68H4zGfoMWUdBAsWVm7I.jpg,no_es_poster,,""
694439,"Under Cemetery 2: Guanajuato",1999,en,/j1oKIVElKZftZuZxdkrRzpmRcww.jpg,no_es_poster,,""
694441,"Cadavericon",2002,en,/gIMlfhNabZsibrjrnfbfGPBAWS0.jpg,no_es_poster,,""
694556,"The Pit",2010,en,/lbwjK9Bg4z7bXLXiPq6ya7UPySH.jpg,no_es_poster,,""
694951,"And All Through the House",1971,en,/32Ljy80Xl883nn9SZMe1MYgdI8y.jpg,no_es_poster,,""
695256,"Obeah",1987,en,/8vsWq3hSlM6R8fARDAHHUesIo2g.jpg,no_es_poster,,""
696138,"The Philosophy of Horror (Part I): Etymology",2019,hu,/5lPiefwMbca330JUFDdTJBYpt4U.jpg,no_es_poster,,""
697402,"Zombie Attack",1990,de,/wHRkcCz2AqD6PWCy4eUw3Gb5bNp.jpg,es_poster,si,""
698649,"Trees: A Tale of Two Trees and a Swing",,en,/muwovGUjfFeuwTWkwBSmQngTyi2.jpg,no_es_poster,,""
698826,"Transfiguration Atelier",,fr,/x21AL3unhM8zpZ86HRDGJb4xqSD.jpg,no_es_poster,,""
699317,"Will The Summer Make Good For All Our Sins",,en,/aKtZGRf06y4Y8Q7n2ItrMt6ZtU.jpg,no_es_poster,,""
702649,"Box",,ja,/4TIGiH2zK22Lhd8lY3DPBnjCecI.jpg,no_es_poster,,""
705279,"The Bather",1995,en,/n0C5GocY2aL3Z0CiCyyn5alYNzx.jpg,no_es_poster,,""
706199,"Ice Breakers",2014,en,/ypZq4pMo7UJevHZydH0M1x3mJm1.jpg,no_es_poster,,""
707786,"O is for Orgasm",,fr,/A5UdWRGou3DsjStl1ekhU7kXyHl.jpg,no_es_poster,,""
708591,"8cho",2006,es,/fyPpgpcqzqUqsuSiY5RJL4nWznM.jpg,es_poster,si,""
712286,"War Hero",2020,en,/8EezLDAZtSc77If6vE4DweTtsrE.jpg,no_es_poster,,""
713504,"Blind Date",2020,en,/xbAP8ks4eA10SmbCjT5DeGH7fGL.jpg,es_poster,si,""
715951,"Not a Baby",2019,en,/7cY76jVZmi9lhivqVLQVKu4pRh8.jpg,no_es_poster,,""
717972,"Flick",2020,en,/1tAR93S6ie6bacxQREDvpF756V4.jpg,es_poster,si,""
718859,"Juken Zombie",2019,ja,/6YwbDY4G1tta3zPZ5lf3VylFKjC.jpg,no_es_poster,,""
719276,"Viy",1918,ru,/syQxdFal59W88Ml6GIpJJkpdUHw.jpg,no_es_poster,,""
719279,"The Afterlife Wanderer",1915,ru,/8Cbes7qAXMemYj3xGKD2jmzFm0c.jpg,no_es_poster,,""
719280,"Fanga",,en,/5Q9eqoBGYE82lnCI7kMurxRqMIv.jpg,no_es_poster,,""
719384,"Disillusioned",2020,ko,/u7GQRhpPGvz3BHUTWNqkRwzyl7K.jpg,no_es_poster,,""
719686,"Monstera Deliciosa",,fr,/wM6MZttjVFkKIwGVjCDlvgDN0Ef.jpg,no_es_poster,,""
719703,"Je t'aime",2010,fr,/h2a65tlhor2ilYj9ZmJfuKv8WwR.jpg,no_es_poster,,""
720667,"INFINITY minus Infinity",2019,en,/icRerj4LOJBG0a9UCiMDx5CmEhr.jpg,no_es_poster,,""
721139,"Kulit",2016,ms,/rEDDH9rSLpgIP2cA5K8b3rjxW6e.jpg,no_es_poster,,""
722635,"Firehead",2019,en,/jz1TRUVXkShYoCkO2Y44rJrtSbY.jpg,no_es_poster,,""
723531,"Adult Swim ID ‘Mr. Pickles’",2016,en,/lDHEGTt5a0F7PtzZJv74YkafxfX.jpg,no_es_poster,,""
724774,"Devil Eyes",2002,en,/fJS3Wdpir6JjQ2BH6kY7Rj3QeiA.jpg,no_es_poster,,""
724789,"Temple Time",2016,en,/lgo9TfGJajmaY0OMaC0DHkcJUy8.jpg,no_es_poster,,""
724919,"Pressure",2020,sl,/bFf9AG66oY9EjIz46j6TkKZflvv.jpg,no_es_poster,,""
725836,"Aubergine",2020,en,/424p6rfPE23pWLPCbsnIvNdMOni.jpg,no_es_poster,,""
726025,"The Island of the Dead",2012,de,/581CCn27GsIKaH9sZ9ISdsezZMb.jpg,no_es_poster,,""
726031,"The Gable Film",2007,en,/kuqdBXVFdFm9fTK3NFMQqXpdmmn.jpg,no_es_poster,,""
726062,"The Musical Chairs",2002,en,/AeQ0Fmvmtu5hKl0YAsQaQjwpsLP.jpg,no_es_poster,,""
726239,"Dead",2020,en,/eu40V59ULl92GIWfRGLAuzu5EYb.jpg,es_poster,si,""
726333,"The Bride of Frankenstein",2020,en,/zHNQfN6EiwjA2ezR1Jklu0leoxZ.jpg,no_es_poster,,""
727251,"Metachaos",2011,en,/eRHV2xisqYzwVGqMlnNfMVMMlPk.jpg,no_es_poster,,""
728218,"Mean Spirit",2020,en,/y6YYvrDjwGfapiqn8hYYcjl6QU0.jpg,no_es_poster,,""
728236,"Libido",,id,/hyK8uUx8mfXitGfFtQs8DyHe4VK.jpg,no_es_poster,,""
728295,"The Death Vendor",2019,ja,/xF3juC1qgZML7TSO8LEOXSoPwSi.jpg,no_es_poster,,""
728308,"Bowling Balls",2004,en,/5jlAre5oX9n8ocBSs1xDVbczY3p.jpg,no_es_poster,,""
728872,"U Is for Unearthed",,en,/Al0zhOkse8UHx1mc997dfJT4KJa.jpg,no_es_poster,,""
728876,"X is for XXL",,fr,/97WjMJ4YNQ2C2KMMHdmz8izfoVR.jpg,no_es_poster,,""
729565,"The Tiller",2020,ar,/sgjwvnn2QL4SvJaagy57pJXoqNP.jpg,es_poster,si,""
729630,"Mom's Heart",1909,it,/t3D1wTQ4g2C2MjprNhkDbKwWeEs.jpg,no_es_poster,,""
729631,"La ballata della strega",1910,it,/fuvaVTjlU7BZxcmMWHASRcYxGFX.jpg,no_es_poster,,""
729975,"Porkin' Across America",,en,/bFdzli97FrAnmVIZ5DAJMogs4aJ.jpg,no_es_poster,,""
730103,"The Human Vapor",2010,ja,/g26k75s76S4Ipr1Q10qoEEU098y.jpg,es_poster,si,""
730375,"Shizuka na ayashii gogo ni",1997,ja,/fLuE64TiXj5Dx9T7iNAlBW32OxE.jpg,es_poster,si,""
730627,"Abstract Horror",2019,en,/4XcNdEqYtW93PcQX7I4RrPx2zxx.jpg,no_es_poster,,""
731803,"The Murder Rabbit",2011,en,/7Tj9ESIQBwdhmdzODls59OwvKxP.jpg,no_es_poster,,""
732136,"Miporin",2019,ja,/14RSt0SY7uDQL1qCIx9EYLNmpCR.jpg,es_poster,si,""
732945,"Pesadelo",2018,en,/3u0Gv8qXtZ5faIMBqjwvOZjWOiv.jpg,no_es_poster,,""
733126,"Behind the Frame",,en,/lX80pZy6UWsWOC4i2KYZn7QOHii.jpg,no_es_poster,,""
733222,"Cravings",2019,en,/kqwJRnL8nJBwEm2azRnON91kqsT.jpg,no_es_poster,,""
734878,"Obito Doce Obito",2016,pt,/d3pKaDU2kwIjmsZ5u9MQyVOxmh6.jpg,no_es_poster,,""
735012,"Answering Machine",2001,en,/vYK5Xq21cTin1ljGaPgJcdxIN1I.jpg,no_es_poster,,""
735504,"Derailed",2016,en,/klJmuXzKSwLVJ1zAXPIUxDoXhW9.jpg,no_es_poster,,""
735514,"Actual Case History",2015,en,/yaz6qLdfXeWeA2AzZ12JwCPzHeP.jpg,no_es_poster,,""
735951,"Matroshka: Dolls of Doom",2009,ru,/86JRBI1f1e2nrulO8VgwY6SrnH3.jpg,no_es_poster,,""
736189,"Dorm",2016,en,/uw61qv4BKvPVRQ8pkc6S3z54Ada.jpg,no_es_poster,,""
736369,"Même pas Mal",2003,fr,/6EDiBOXG0zgQW32DNUg1rKcuiiG.jpg,no_es_poster,,""
738043,"As Long as the Stratified Animal Lights Up",1965,fr,/e70oJAInFuhzVnKACE1L4ahWRVG.jpg,no_es_poster,,""
738796,"Hamster Hell 2",,en,/5QTfG6Bz0fXp0KQuEuQcqmSTAp3.jpg,no_es_poster,,""
739591,"Adormecidos",2011,pt,/ooQJZrZABxc4cyayHKInwr3lv17.jpg,no_es_poster,,""
741592,"Cyst",2020,en,/5nJwS765eHzCb5M8BTT2sl0lxxv.jpg,es_poster,si,""
741808,"The Truth of Grimm Brother's Fairy Tales",,ja,/8isSyTQpiCRxpcz1IYSIVVCHQu4.jpg,es_poster,si,""
742327,"The Devil Had Other Plans (Act I)",2020,en,/sRqbDCQUnSMVu2BOqm1sIGwIAUO.jpg,no_es_poster,,""
742899,"The Teddy Bear's Picnic",2019,en,/8kAFina73DOHyzufbGxY9aC5ukJ.jpg,no_es_poster,,""
742948,"Pieces of Me",2020,en,/ruEzVW4ftPw7R0VNm9BRd5cOcGs.jpg,es_poster,si,""
743240,"Black Forest Sanatorium",2020,en,/9NRHiOzloJHbUttEqjnGlCvocqD.jpg,no_es_poster,,""
743964,"Teddy Has an Operation",,en,/lLxf3YxjgZ8anHgXX2VJvehUsW0.jpg,no_es_poster,,""
744447,"Soghoth",1986,es,/zF5IUd4EmkvrxVLmGd0rIPPQfzC.jpg,no_es_poster,,""
745047,"Static Tears",,en,/o23owAHelyRQEV1IfSRsL6bI7ac.jpg,no_es_poster,,""
745282,"Prey",,en,/q8O9wZ4BvwF1ui1BDXZN3a0Tfkq.jpg,es_poster,si,""
745328,"The urine crazed corpse catchers",1988,en,/qG9auFDA3xxPc4UPdcqAh79lAqh.jpg,no_es_poster,,""
746520,"The Storm",1962,en,/dVwqcWqwTujfdVeaSqZv9hJU7xc.jpg,no_es_poster,,""
746661,"Cleaning Day",2015,de,/qqrxfNGtqyKjqJQF6Lrpeu41GRV.jpg,no_es_poster,,""
746971,"The Painted",2020,en,/fkDpVFJ49KCqyyXYQ4dDDfjn0LN.jpg,no_es_poster,,""
747005,"The August Club",2020,en,/wJKVNrPbCjVpZ3Zxxwsqeq9oZW6.jpg,no_es_poster,,""
747521,"Red Light Green Light",2018,ko,/5ji6sgGBrxaK7mofl5Uug1izjJE.jpg,no_es_poster,,""
747923,"Torgo Kills / Torgo Lives",2019,en,/7MTkhZXWWXkahG8KIxu79Urxi41.jpg,no_es_poster,,""
748694,"Civilize",2019,ko,/1tnfqzwzLeXmqFr0hE84Bm7CL8Z.jpg,no_es_poster,,""
749380,"Grundy the Meat Man",2013,en,/yvtPfmdFhQckHMdGRfvAgNzm9S.jpg,no_es_poster,,""
749416,"Only the Lonely",2018,en,/KchNL9lskQxXRNbjmGswC4T3Ok.jpg,no_es_poster,,""
749992,"Junction",2020,xx,/3WVPadc7TPiAMmU8WN9OaV4t5aI.jpg,no_es_poster,,""
750415,"Seven",2016,en,/hj1s5RI58UDda1lbaXcSPRaabph.jpg,no_es_poster,,""
750923,"Murder at Makeout Point",2015,en,/irUcC4x7CrQE4Xk3e8wwJsviljq.jpg,no_es_poster,,""
751365,"Telos",2017,en,/qf3QPKEoFbv8e5WgRadqgCT7C7r.jpg,no_es_poster,,""
751401,"Pork Chop",2020,en,/jAXhRHidEvddHRLqP650I5iZawB.jpg,no_es_poster,,""
751418,"Cabal",2020,en,/axvt8bzek9RziQh3imJanA1umDB.jpg,no_es_poster,,""
752819,"Blood Bath",1969,en,/nfXhiwdE6gpijULLgTR4u6dSxQD.jpg,es_poster,si,""
753147,"Gregory",,en,/jYJwGvP9G5ADG15QKixrZk6tktq.jpg,no_es_poster,,""
753158,"Old Maid",,en,/xlcl4fP21Jx7fb0TsOANWsJtxBw.jpg,no_es_poster,,""
753248,"The Living Corpse",1958,zh,/tR3SwbTblusn1GLV8XVrEUs3anL.jpg,es_poster,si,""
753328,"Spout",2009,en,/1WXajyutGGPlmsIpr5dxJVyj4l7.jpg,no_es_poster,,""
753337,"Gremlins: A Christmas Nightmare",2018,en,/zXqUOeBZ9efGkahKBEcf12nx9Qg.jpg,no_es_poster,,""
753726,"Halloween Party",,en,/5aQ7rJScNkpm1wsPd8e5ZlkxyvC.jpg,no_es_poster,,""
754758,"The Mystic",2012,en,/oiZeax2xzTYGOVAeuAu7LCGBxA6.jpg,no_es_poster,,""
754777,"The Devil and Tom Walker and Me",,en,/eUN8gfRru13637smyo6XlUqmeX9.jpg,no_es_poster,,""
755804,"Sweet Tooth",2018,en,/sYbHo2Y3jZQMSUwKIPwpbxC8k3o.jpg,no_es_poster,,""
756158,"Kurt Cobain Horror Movies",,en,/y4Ogeqem9kHGyDXrE50WTOWMhCs.jpg,no_es_poster,,""
756673,"Slender Man",2014,en,/upnq3REL8fPcn0gzRcgQiNxdzqe.jpg,no_es_poster,,""
757173,"Clownz R Us",2020,en,/5M9BBVk0CL5E1V5snpYxlVIfHjH.jpg,no_es_poster,,""
757854,"Necrophiliac",2020,es,/k5P8OJFFdkePU4x2nXXjPCtQtnA.jpg,no_es_poster,,""
758547,"Surreptitious",2006,tl,/Hr5UuQI1S9y9MEFQliSNausNPz.jpg,no_es_poster,,""
759753,"I Ride My Bike When the Air is Crispy",2020,en,/ht1uVM9lYucSD0FVvDIPAyEjI8h.jpg,no_es_poster,,""
761055,"Embedded",2020,en,/ilEaCXUcTAxOfrsXqpzjHYklEcb.jpg,no_es_poster,,""
761837,"Guests",2020,en,/uT7nQQEfeJhcbjI1z7gOa4yGrr4.jpg,no_es_poster,,""
761953,"Komaneko, Home Alone",2013,ja,/w4OJb7PPVoCxKc7qWp6kZfJjW02.jpg,no_es_poster,,""
762305,"Rhapsody in Blood",2019,en,/86DajkLvQ2ZLtuAKNDTx7mTzygL.jpg,no_es_poster,,""
762655,"Dr Turner's Mental Home",1929,en,/cSEmFbgnqyFA9O36NIrEAms1Wx5.jpg,no_es_poster,,""
762660,"Transcending Mirror Boundaries",1981,en,/rdZyFOGpQY08EDchg3ebi3RIc3x.jpg,no_es_poster,,""
762741,"Mouthless (Gusła)",2020,en,/2m2UOVdxb5CkGxx6TZLZ9WwKib0.jpg,no_es_poster,,""
762826,"TRIANGLE",2012,en,/mqnIMzwOMfCvt1RHaBN12pnoHlC.jpg,no_es_poster,,""
762838,"UNICORN",2012,en,/33i5IDVGm09lbVkY8HwxBRqgPZX.jpg,no_es_poster,,""
763278,"Llega la noche",2020,es,/unnyX81r1E4MeteeCrdS5kCIUmY.jpg,no_es_poster,,""
763302,"Haunted House",2000,ja,/8E95W3CqzYPtN27GSX99vPFEW3N.jpg,no_es_poster,,""
763320,"SCARE PACKAGE",2019,en,/zB78bFjOAfG3iWlz2b74h2aQR9u.jpg,no_es_poster,,""
764309,"I Am He Who Created Himself",2019,en,/wclvI1MjVrSYJds6ZAjJTA25B2F.jpg,no_es_poster,,""
764794,"The Phone Call",1982,en,/zH3N6LIIuHFRHKx6niBDrmj96bv.jpg,no_es_poster,,""
764923,"Honto ni Atta Gakkou Kaidan",1996,ja,/4qGmAKVud62zZ7v2Qe0ZuRccEVB.jpg,es_poster,si,""
765190,"The Starey Bampire",2019,en,/m0mr6S1cfkLrBt2apaujMWqdu01.jpg,no_es_poster,,""
765193,"Booklovers",2020,en,/hWWzf2wCaZZir6Cko3yzYW7S03t.jpg,no_es_poster,,""
765707,"The Blaylock House",2012,en,/utfVKs2nS5vI7KSyR2qlWjHCrzW.jpg,no_es_poster,,""
765878,"Alla ricerca dell'impossibile",1962,it,/4Hu5HMg9M0vnvRAsYsz7GnpdUzj.jpg,no_es_poster,,""
766162,"Life of the Artist",1981,it,/pIByvyICw0oUGVD7XfIblwM3V8v.jpg,no_es_poster,,""
766309,"Páginas Da Loucura",2019,pt,/96dWkZmjXgqKhvLQxEC7AJoZ1sz.jpg,no_es_poster,,""
767152,"Stiff",2007,en,/pSZ1anpuI5CHT2yh5JKv9eiHJrL.jpg,es_poster,si,""
767243,"Optica",2013,en,/rdaikpwGlaLkRiwc2WyOUpX4f7B.jpg,no_es_poster,,""
769303,"A Vida de Um Homem Só",,pt,/r7mgUJes6MrfkkBvZF4qWHQj5Q4.jpg,no_es_poster,,""
769804,"The Color From Beyond 【GEMSTONE Horror Entry】",2020,ja,/8kZPdMdmFPRBcngFrszKYHzZu81.jpg,no_es_poster,,""
770010,"Mekakure",2019,ja,/w9OxQjHK4goy5XWSfMG9QFD4ruq.jpg,no_es_poster,,""
770382,"3 AM",2003,en,/4p3WKA3jl3ri95AJFm4p4C3aERv.jpg,es_poster,si,""
770491,"Operator: Episode 2",2017,en,/o655BMdDPCJMXouUuAE8s6yAsVy.jpg,no_es_poster,,""
770632,"Alone",2020,en,/hn4nBIg6buks187oNjAd8HsuxDK.jpg,no_es_poster,,""
770973,"Krampus is Here",2015,en,/gn53LJ8sZoZtkEiJ9pdihKNPRK9.jpg,no_es_poster,,""
771266,"The Wesley Verbank Octagon",2020,en,/2xK2ZorDkzXZ2fHf0GDnZuogWuf.jpg,no_es_poster,,""
771390,"Macabre Night",2020,pt,/jJMZjnP26Ih8eeC4oP4RgmY2IFF.jpg,es_poster,si,""
771550,"Pandemonium",2020,es,/rLKAwSiHeGxhj9O7wEjZIH2RIG8.jpg,no_es_poster,,""
772139,"Keep Forgetting",2019,ja,/dXBWdh5rIJVG4KUsVHeYhkXCkDU.jpg,es_poster,si,""
772312,"There's Something Wrong With My Freezer",2020,en,/mPRrhuzyHWquxTlxhBcU47Ft432.jpg,no_es_poster,,""
773620,"The Bride of Frankenstein",1968,es,/9dmJA89lxa5cr2HyzPzJl8qyhQo.jpg,no_es_poster,,""
774559,"Rex the Runt: Dreams",1991,en,/fZ61lwTcLqdBqN58rYZTnklxjhX.jpg,no_es_poster,,""
774629,"Ansias",2018,en,/oMLxwtog6zCJc8aeGR4CXOZ9htU.jpg,no_es_poster,,""
775381,"Goodbye",2020,en,/gjszYeaREI5O7P3JDtgNsXp1yKA.jpg,no_es_poster,,""
775857,"Decent Work",2015,ja,/fSFraCRIH0l2tSI6wcx75TWaE5.jpg,no_es_poster,,""
777177,"Thursday: A Day in Quarantine",2020,en,/uBGNoVN3H3jc2wvHcCqey9HIcvu.jpg,no_es_poster,,""
778190,"It Gets Worse",2016,en,/j5nuXhoePagIAcfGf5wBjqetaGe.jpg,no_es_poster,,""
778521,"Devil Boy: Welcome to Devil Land!!",1990,ja,/9nu8vUk76KqdUpjvvulxkIwyw5F.jpg,es_poster,si,""
780535,"Flying Images",1989,ja,/gfpLwttyPfbk3vZ5I7D4siIvkR8.jpg,no_es_poster,,""
781004,"A Halloween Carol",2014,en,/q4hwwHl8w1tac7IFiojndC7Hf78.jpg,no_es_poster,,""
782214,"Carnival of Sl*ts",2019,en,/gDF1l2z7HDHGbHnrvckYgJqABZP.jpg,no_es_poster,,""
782575,"Que votre empire s'étende",2019,fr,/sIORdxaqAcsQ1afvE1wZbLDnqtH.jpg,no_es_poster,,""
782676,"Plane Jane",2020,en,/qmTmlPWudM65yEw3SyEmIbeihwo.jpg,no_es_poster,,""
783963,"Der verlorene Schatten",1921,de,/u1994QwGZj66VKeMCewLZRVvajZ.jpg,no_es_poster,,""
784115,"The Curious Adventure of Doctor Works",1921,xx,/5AKXTQUhBo5nqld4zzEZnQJMwzy.jpg,no_es_poster,,""
785097,"The Cask",2014,en,/i55u27ZD1NDuzJHbal2Y2rXygdO.jpg,no_es_poster,,""
786018,"Peanut",2021,en,/hIh7VMp7TVD4h7sFkHUNYwEtClx.jpg,no_es_poster,,""
787046,"Suicide",1979,en,/zDRX4yDcJPyJyjCsYXCLHKy5PSW.jpg,no_es_poster,,""
787760,"The Devil's Signature",1914,en,/33BBckwmLJOixzoqL1771RJMMTt.jpg,no_es_poster,,""
788376,"Complex Bereavement",2021,en,/oTR5N7rlMfMNzjlJFU2CA4NZ408.jpg,no_es_poster,,""
789581,"BUNKER",2019,en,/bXRP5T2CqVWT2ErcWw8ZJshZJkS.jpg,no_es_poster,,""
789859,"HER",2021,de,/6a7mmtOzM2jugEZuWtRXywjXB2D.jpg,es_poster,si,""
790252,"Eko Eko Azarak",2007,ja,/mMCDLhVL6H3STwboUP8QpdQokEs.jpg,es_poster,si,""
790257,"Horror News",1996,ja,/eZz7MlJcrDPeaN13dMKacJzSllc.jpg,es_poster,si,""
791038,"The Island of Dr. Moreau",,en,/H1vNIr2gFoKi5AhgFjrLsMHUeO.jpg,no_es_poster,,""
791907,"Memories",2002,ko,/yTojLGOaeQ9ApHheVpHBJ5dQrlX.jpg,no_es_poster,,""
791908,"The Wheel",2002,th,/7fxa7U9q6iOiVs8XEzlaFm0nRuh.jpg,no_es_poster,,""
792505,"The Alien Autopsy",1995,en,/k5PdPa0YUsTaLpvpAcJPJ0S8EZh.jpg,no_es_poster,,""
792672,"Disappearance",2014,ko,/sDoPNImoipqcSBbPhv3wBVhOtWz.jpg,no_es_poster,,""
794325,"Monkey Man",2020,en,/sDHSjsaTguRcm8pLLYAW0bQCqhE.jpg,no_es_poster,,""
794424,"Unwanted Visit",2021,es,/dlsnPmJMtoCDyOl0rvYxLpjYX1I.jpg,no_es_poster,,""
794630,"The Terror of the Disgusting Worms from Outer Space",1984,de,/zHPakxHqoH0Z31KS62TRl4K0oTK.jpg,no_es_poster,,""
795939,"Kowasugimasu.",2018,ja,/bUbTfGoUz6XH8JdJpXBYPgPaa2w.jpg,no_es_poster,,""
795952,"Television",2004,ja,/qLDm2Akt9dEpUquPZa2REJGn2cA.jpg,no_es_poster,,""
795962,"Zonmi-chan: Meat Pie of the Dead",2016,ja,/moYsAYvvo8wKS0Csxz7mV2MKG3P.jpg,es_poster,si,""
795987,"Love Bites",,ja,/cw1IichqHrccEylEuKUFhrO4uQ.jpg,no_es_poster,,""
796010,"Birds Dream",2014,zh,/nioVb3jWW5svc3UvPy5wr5TjCtZ.jpg,no_es_poster,,""
796057,"Nanja Monja Obake",1994,ja,/xf7JO3h5KEB9sw6ZJneZQALjO5Y.jpg,no_es_poster,,""
796284,"Yuki Onna",2013,ja,/44kcOgDfWbGO0dmGTw3FlOe9CTS.jpg,no_es_poster,,""
796400,"Look Around",2008,ko,/zsxOBlC5WrkiVl4NkTDo2sd5w2J.jpg,no_es_poster,,""
796401,"A Hollywood Blockbuster",2010,ko,/r0LqEVPAqlNtyJMsxkKMUirEFcE.jpg,no_es_poster,,""
796571,"The Dig",2020,en,/qZPm81QwEBvx0bObh22QFZc6AaR.jpg,no_es_poster,,""
797006,"Dark Night's Historical Drama",1995,ja,/cYhFJCDoXPwBmcRKUsid26yjnRN.jpg,no_es_poster,,""
797047,"BORN BY MYSELF",2005,ja,/4agulqO5vaxqTyJcVRCWpUr2gbM.jpg,no_es_poster,,""
797425,"Beowulf",,en,/eieEES87wWUyCLsfjUpQHs6s4vM.jpg,no_es_poster,,""
797582,"Norman and the Killer",1991,en,/qnD1qNflv1R7M8WNwh3kxy7SHQe.jpg,no_es_poster,,""
797659,"Space Yokai War",2010,ja,/crUvI0cMBpFEG5bEpDnOCIvN6Mj.jpg,no_es_poster,,""
797924,"A WOMAN IN A FASHION BUILDING",2015,ja,/3feIhjOakywxdhI08eAfMVQig36.jpg,no_es_poster,,""
797928,"Faceless ~ Faceless Neighbour ~",2017,ja,/A4DApITiZOAk2BDCm1ZeyFBzpck.jpg,no_es_poster,,""
797932,"Nosferatu Maiden",2017,ja,/q4iIwibNTGTvDwjda4XbrsmKqNX.jpg,no_es_poster,,""
797937,"Children of the Shadows",2006,ja,/jtMipWEe9QOgB6AqReKVa8gBPQz.jpg,no_es_poster,,""
798823,"The Retneprac 2",2009,ja,/7KDiBLXlnVeESXZr9QGAnwXHGn9.jpg,no_es_poster,,""
799177,"Bhediya",2022,hi,/A2qPWAJmnq3wVk3zBIupTdyJfxR.jpg,es_poster,si,""
799364,"Burn the Witch",2021,en,/3nNuzJM7sVfJgec0qD0XjgRBisD.jpg,no_es_poster,,""
799600,"Peter and the Wolf",2013,xx,/kCJDjEtOExh7TiiGkJxrfqFRgt0.jpg,no_es_poster,,""
799943,"The Ouija Board Project",2014,en,/tYDT9qh5nsEunHxskPTqYmYhY9G.jpg,no_es_poster,,""
800137,"The Devil Had Other Plans (Act III)",2020,en,/3ZzDLfwlgNhT7galRdaE88tnnZY.jpg,no_es_poster,,""
800474,"The Garden",2020,en,/s0PYWQzHMRhOD4Ua7L8l8CIk8kV.jpg,no_es_poster,,""
800984,"BUSSY",,en,/fNBAfKi0RWyehmfxsY85SpvJB2q.jpg,es_poster,si,""
801527,"Checkmate",2020,en,/sXzWjKaMCrCQcMENivz4fxGOLXb.jpg,no_es_poster,,""
802870,"Finger Food",2019,en,/uYekbsd6pjycSM3P8qaX6pJGfhJ.jpg,no_es_poster,,""
802969,"Branchville",2021,en,/t2bBjzMf6T8qtMB5dDMuAtDYo9v.jpg,no_es_poster,,""
804330,"In My Room",2021,ja,/rsue1WwqRK1RhfGYe1UGe67uWbD.jpg,no_es_poster,,""
805201,"Industry to cash ghosts",2017,ja,/8GNiAwCkji2MPEoNEmiTIVe9a8h.jpg,no_es_poster,,""
806715,"Milk & Cookies: Christmas in July",2019,en,/qOtW2xiFX2dLZ3FPmhpLtlFySky.jpg,no_es_poster,,""
806892,"Image of Perception",2021,en,/dG46eflfdvsjEh0IPpH91Pyzjp8.jpg,no_es_poster,,""
809570,"Trypophobia",2018,en,/7cs5ncND0emwpvs1Qmu3KEy28Uz.jpg,no_es_poster,,""
809703,"Dining Room or There is Nothing",,en,/3nfCxHeX82sMIK7fwcrBArpZ32Z.jpg,no_es_poster,,""
809962,"The Binding Box",2017,en,/lr6MdgiM0FLCgNyoYwsmR4lcuET.jpg,no_es_poster,,""
810470,"Shiro Yasha",2004,ja,/f29UgESn0JWiNLEtORtYNUEHZvX.jpg,no_es_poster,,""
810760,"Blackout",2019,el,/qhsBDNz8ZbsW75GpicfjRgga4Fn.jpg,no_es_poster,,""
810896,"Waiting Room",1981,en,/4UACu3sBcrmQ9Yv9oT1mrAZuaBt.jpg,no_es_poster,,""
811825,"Below",2020,en,/5B4n47ZcoFTZc3XFsfQc2jI7D1x.jpg,no_es_poster,,""
812657,"Miles Fisher: This Must Be The Place",2009,en,/m7SAGakNZDL2ENTjI4nbkcIYqbm.jpg,no_es_poster,,""
812694,"Slasher",1998,en,/7ryjNup6FWILFegd9IaFNPvJgqb.jpg,no_es_poster,,""
812822,"Feast of Burden",2012,en,/hO4y485NjZZnek2qmX8dZaU5PHC.jpg,es_poster,si,""
812983,"The Fly Papers: The Buzz on Hollywood's Scariest Insect",2000,en,/b0HKEaQ6p69TVNBNyBb60TuAl49.jpg,no_es_poster,,""
813313,"Big Octopus",2020,zh,/zB8uoMjSHjDvHTt5VLK8ju8xsuH.jpg,es_poster,si,""
814951,"Petrus et Lupa",1995,en,/3MctNEZRKss3g9WfZ6SH2ruFkeB.jpg,no_es_poster,,""
815279,"Atrophy",2021,en,/2vlyzopNwXx5WqS4sZUXab4UlAB.jpg,no_es_poster,,""
816311,"Dead Air",2020,en,/ifNTCYKwLCjUXRu5eWfizYPyWAG.jpg,no_es_poster,,""
816519,"Handy Man",1999,en,/moXXfzXHcXNMrFhYUlRRgM6q4N6.jpg,no_es_poster,,""
817170,"Lucky Feet 2000",2021,en,/u2W8OMmHBYVkadV3Ze2JCwNZ90K.jpg,no_es_poster,,""
817514,"Lesson 9",1999,en,/x45Yy6HSjb89lqVLmcJGGBP19gz.jpg,no_es_poster,,""
817814,"A good Day Fan Film",,es,/1OjOoERFzFgdaWvWsXTY697BXik.jpg,no_es_poster,,""
818442,"The Immigrant",1986,en,/5AsHRJYGptM4Vpy6tY7wNZAM5rP.jpg,no_es_poster,,""
818793,"The Deacon of Dark River",1988,is,/2WIauFWF3RG2Nyej81Aa5MOV4gn.jpg,no_es_poster,,""
819401,"Sonnet of Delirium",2012,en,/smSW8JPoxkcZepHnAAHxV2iM7ZD.jpg,no_es_poster,,""
821418,"Anzu-chan",2017,ja,/1PpqEsJiM5m0MyPyzDm8PBqLSA5.jpg,no_es_poster,,""
821501,"Shapeless",2021,en,/kVqYcicseNaQC74cb299eDoaEH3.jpg,es_poster,si,""
822821,"Naaye Paeye",2021,ta,/t4dRdRIOv5LKwJpyZZK7rNaUrvZ.jpg,es_poster,si,""
823491,"Out of Darkness",2024,en,/9tG77VE7bP8ve79X86ABwHzDqbb.jpg,es_poster,si,""
825344,"Rats in the Walls",2021,en,/jaPk9R3pajceCWeFfieqTviupxh.jpg,no_es_poster,,""
825351,"Trouble",2021,en,/qLoFxKmf1QCguSqWFEwCLhVKgRM.jpg,no_es_poster,,""
825691,"Come to Me Softly",1988,en,/pOfydl9wXGxVPZGBdkmqRkR3GQI.jpg,no_es_poster,,""
825893,"Chain Reaction",2000,zh,/aupqsMWA4s0XlALuFYayHvaKejL.jpg,no_es_poster,,""
826092,"Nervous",2004,en,/hcGssiJYxMK0g5gHTnvJSRkeFNR.jpg,no_es_poster,,""
826099,"dream journal 1",,en,/A9zKZWCjMadjQJiZ4OLoF2Mti3A.jpg,no_es_poster,,""
826863,"The Bird Game",2019,en,/anw4yO74b44zvy3nXbUxa9xPabQ.jpg,no_es_poster,,""
827797,"Lady of the Lake",1974,en,/7ARaB2Fwle1VVQzFeuPtJZGxb3c.jpg,no_es_poster,,""
828143,"El diablo",1963,es,/4M9IyduutQlCshGC8VNQKQsG0ye.jpg,no_es_poster,,""
828651,"I Stopped by Your House Last Night and The Porch Lights Swallowed Me Up",2020,en,/aS83iJHCNCxUfthMvk0RXzVNWJc.jpg,no_es_poster,,""
829361,"M",2023,mk,/rESIobLEipch59C8Qr0tRXufHYX.jpg,no_es_poster,,""
829674,"Who Was It: The Beginning(Part 1)",2020,en,/m7oNkjm003k8FhWXKb1FqKyOss6.jpg,no_es_poster,,""
829882,"Helpless void",2017,ja,/cBo4Q48SWyQpraergAf8aTZzLNE.jpg,no_es_poster,,""
830358,"Dindon Sauvage (La dinde noire)",2016,fr,/oc0NGnt5oqcrvqA07f7m2ELtFY4.jpg,no_es_poster,,""
831012,"The On-hold Music of Terror",2019,ja,/zrrxMIdp0XLjodIQAonkrcag6XI.jpg,no_es_poster,,""
831186,"Repugnant Mutilation",,en,/jInR1h1eCKEsB9yL0CjLHTRz79.jpg,no_es_poster,,""
832543,"VideoDome Rent-O-Rama",2010,en,/2cT0BCdu40067s8QapYxbJV8Qy4.jpg,no_es_poster,,""
833454,"Vampires Drink Blood... I Drink Sorrow",2021,en,/uUezUCkxiKQoVlYYhsHDCBzOhc4.jpg,no_es_poster,,""
833677,"tricotMOVIE7月号",,ja,/ohANwJAkZTuLbeE3SsSmoMqHzWd.jpg,no_es_poster,,""
835786,"Giant Spider",2021,zh,/5ApvzOzDQHMvrp59tOiCF2yLh7d.jpg,es_poster,si,""
836294,"Play With Me",2002,en,/mgcqZ1QxY2swlwvAuPd0aWriXg9.jpg,no_es_poster,,""
836519,"Horror News",1991,ja,/hOd2QbH9eD41VxOml9w0YvWJ0cy.jpg,es_poster,si,""
836525,"tricotMOVIE'13 8月号",,ja,/pkUGz182YVqJZLCTSE3PPHazMTI.jpg,no_es_poster,,""
836795,"Solitudo",2014,en,/gXcFzXXnTeFZD60NPDLRdRVeyC.jpg,no_es_poster,,""
838353,"Detektive Thumb and The Infinity House",2021,en,/42LGIEIb4nPoVjgP8yGYguIjNbc.jpg,no_es_poster,,""
838474,"Hitam",,id,/wewJ3Sn8TlkUYYKxdGUtTZPFGK6.jpg,es_poster,si,""
839347,"Alone",2020,en,/axJRwKrU1aW9oBQnh8y5Wxz0RB1.jpg,no_es_poster,,""
840603,"El Inmortal",1968,es,/zf61yvjDCrpWTQTAfLOTS51e9U7.jpg,no_es_poster,,""
840805,"Little Pigs",2016,en,/xm4gyyP7LMX4D0HF8WeTqZUaANt.jpg,no_es_poster,,""
842120,"The Rotting Woman",1997,ja,/mth032cQuE9QWWWUwJP3owBPCOe.jpg,es_poster,si,""
843290,"The Freaking Family",2005,ko,/yn4IacpWGFTKX8CMgu3BsYWJ4yz.jpg,no_es_poster,,""
843784,"Observa la silla de terror",2008,en,/hFvzmXcRngr4etbnbiKYNxnt7S1.jpg,no_es_poster,,""
843898,"She Came from the Woods",2023,en,/89uBJh6y1AQ7KE7bDO2u2mTU6N.jpg,es_poster,si,""
844386,"Ghost Station",2023,ko,/6nNI6DBaxI31oOzKSayxU4hTcFY.jpg,no_es_poster,,""
845831,"He Rang",2020,en,/yqVOmdUMtMP5NRIFan3zi11OMdu.jpg,es_poster,si,""
846867,"Mad God",2021,en,/sEULzxEZvrJvhz91wKxpbih25Sk.jpg,es_poster,si,""
848239,"Arthur Parker",2013,en,/hebCvVmQPMuMnW0WU9WqlQ7HGQ2.jpg,no_es_poster,,""
848483,"Flowing",2022,it,/iOq4m9fF2EIGxPiybRMJnBdqpYT.jpg,es_poster,si,""
849046,"La maison dans la neige",2007,en,/37YCgHqvCM11Va92ySbAmQ8Sfsy.jpg,no_es_poster,,""
849268,"Dreaming to Accept Reality",2020,ja,/fOw17w0T8BKvwi0uO9DSwbJGi0f.jpg,no_es_poster,,""
849273,"You Are Not Alone",2008,zh,/nFtzKGNVsENrtaeqPUM1ssG0EJk.jpg,no_es_poster,,""
849585,"Anna's Love",2021,ja,/yH69cIDE3sOAv1dlHKBFfjO4Yjs.jpg,no_es_poster,,""
849736,"Godzilla the Ride: Giant Monsters Ultimate Battle",,ja,/u3AiPpIZusBMBvQKGsazs57Np6O.jpg,no_es_poster,,""
849774,"Carmilla",2021,pt,/7ZF58ADKU0f0t65jUQ93pVnRjAO.jpg,no_es_poster,,""
849903,"The Daughter",2021,ko,/sGPXhT264sDKHxIDcHG9dJPiixx.jpg,no_es_poster,,""
850127,"GH5",2017,en,/pXdHMArcXBc4HVLZUikDXc87jJ4.jpg,es_poster,si,""
850236,"Chuzhal",2021,ml,/bopwKa1OSwpcFO3VzbEBRyPA0bU.jpg,es_poster,si,""
850372,"Ş",,tr,/eFZk0Ig4QT2bE4vyILXktQNscOg.jpg,es_poster,si,""
850539,"Nihon Meisaku Kaidan Gekijō: Kōya Hijiri",1979,ja,/os7aYaq68EyO7FX7vAk6rHYXum9.jpg,no_es_poster,,""
851731,"Kumari",2022,ml,/9nRd2JAPOngLX5PTyf8Bv4SCN70.jpg,es_poster,si,""
852593,"The Curious Tales of Alfred Wilberwale: A Case For Patience",2012,en,/6el0abJYkYC6hUvKR4IxPZ6E9UI.jpg,no_es_poster,,""
852783,"Protege Moi",2023,en,/3CzQv2ydjj1tumk7nj8ElVVAEVb.jpg,no_es_poster,,""
852830,"Torn Hearts",2022,en,/w8dSAuMHUgx0lYSB6wAAURStcGM.jpg,es_poster,si,""
853034,"Mephisto's House of Ill Repute",2021,en,/w6ZfRKgV2GDfc3Smi7I6d7BpIDQ.jpg,no_es_poster,,""
853688,"The White Faced Man",2014,en,/xZj0cd0VTJNbStNpdHeyj2ZgV16.jpg,no_es_poster,,""
853979,"Permanentes Diarrhö und Hämorrhoiden",,de,/gapAyd1MhU89uC5D8WDI4MhqhIw.jpg,no_es_poster,,""
854113,"DIODEs",2021,en,/5argw8updUnGCKcPSExGcIWl70E.jpg,no_es_poster,,""
854169,"The Calls Are Coming from Inside",2021,en,/uJHN0KrMgDv7C3ypRmSZz409q24.jpg,no_es_poster,,""
854268,"Hand",1966,ko,/oPgKfsSCQTmoT5nRLAJy44IA2Dx.jpg,no_es_poster,,""
854328,"Psychic Voyeur Video Cursed Appreciation Party",2010,en,/7Ex0BaPJUyF70plvCCblJyeXyxQ.jpg,es_poster,si,""
854400,"Tako-San",2021,ja,/i6bitJRaR2PLUHpTZnXN51nyz7P.jpg,no_es_poster,,""
855302,"Erotic Ghost Enamoured",1986,zh,/tD9IlXDcZ1YRTJwaSkwBR0eHIKa.jpg,es_poster,si,""
855472,"The Aftermath: A 2012 Story",,en,/29NPFBXZZKv4w6Jcv0onLRUQM4o.jpg,no_es_poster,,""
856091,"Ghost Puncher",2019,en,/ryo24z5d6ZS7xpi5WHPYAVtF27U.jpg,no_es_poster,,""
856613,"Pillywag's Mansion",2014,en,/orMT2PTK2HKUh1PrCkww3C1vmh4.jpg,no_es_poster,,""
857006,"Sisters",2021,fr,/ouskQslK0y1247yireBHA1rAuFe.jpg,no_es_poster,,""
857250,"How to make apple pie",,sr,/8z8RSyoQlQlCdl3cEpdnZWgIhXT.jpg,no_es_poster,,""
857504,"a song in b minor",2017,en,/qifhpom9smjTUEl98SVk1JcwCco.jpg,no_es_poster,,""
857721,"Three Bloody Photographs",2020,fi,/eAsLDcOUC0N4WpyplPPFRw9WvWn.jpg,no_es_poster,,""
858270,"Occupier",2021,en,/4Ma4z4Q28zvclpPetiXl4CTjiDU.jpg,no_es_poster,,""
859659,"Julia’s Coffee",2013,ms,/18lb24ZCxi3s60zKzSaDti07ZZ.jpg,no_es_poster,,""
860458,"Overnight. Friday",1991,ru,/8RnZYYKFnzY9VQzffnEP2tQj4cU.jpg,es_poster,si,""
861418,"Dr Sander´s Hour of Horror",2021,en,/21qCiURsBHWA3bRQ8eQVHUV5LTM.jpg,no_es_poster,,""
861886,"Reunion Dinner",2021,zh,/hrYuYhIvXf0Wh602WZbkHA9KUtX.jpg,no_es_poster,,""
862531,"The Miser's Doom",1899,en,/4HtSSjADqKKrwW6oIXQmgKxg5G9.jpg,no_es_poster,,""
863171,"Tixie",2020,en,/1Nr54X0DsH6ANofnQq7H9u0oPzd.jpg,es_poster,si,""
864201,"The demon in the mirror",1981,ja,/de0ExmHrSV2dWVWZP7g92n8IkpR.jpg,no_es_poster,,""
864237,"Minh Tu Le Scissorhands",,en,/yOs2FXJtoUkPzYt2mML45oURABp.jpg,no_es_poster,,""
865949,"Valentine's Die",2016,en,/6vc2Goc97cH0ahLeqj3l8DMBZuh.jpg,no_es_poster,,""
868551,"The Pocong Shroud Ghost",2022,en,/1N7Y8c3Rl1VWaoX7ZKqlyBnUra0.jpg,no_es_poster,,""
870531,"Scopaesthesia",2021,en,/2S01pAFaHqbkfH94bQ4p94ZakJf.jpg,no_es_poster,,""
871132,"Evil Blood",2020,nl,/anPzLoqBeMZhRmVsq7mCf2SrBcY.jpg,no_es_poster,,""
871836,"The Slit-Mouthed Woman: Chapter 2",2021,en,/oXk1m5vnxaMn98sRGzfM8beZ30M.jpg,no_es_poster,,""
872980,"Runnin' Away Gelée",2016,ja,/zMXAj2ig4y1WDvOFfam8cw8OhT.jpg,no_es_poster,,""
873668,"Are You Ready?",,en,/botnLMa4J9VR5GGHPm3MjdK70wl.jpg,no_es_poster,,""
874051,"Mora",2021,el,/gfxomnaE6v7qlyuhzzBYahnWXGc.jpg,no_es_poster,,""
874995,"Bleu - Everything Is Fine",2018,en,/vYTnyWHKEkXLINod61Ie2pbkGnt.jpg,no_es_poster,,""
875137,"Opsomania",2018,en,/ije2KYXC3zNQV0RyjqilzsGc3n4.jpg,no_es_poster,,""
875522,"Journey Beyond the Night",2022,ja,/rLqTzkFnkN1BtzRNUA9BfEUV2qL.jpg,es_poster,si,""
876158,"Zogugu, Strange Tales of Curses",2021,ja,/3vWN1v3yT7AJF3uyqnND6XXSDFa.jpg,no_es_poster,,""
877255,"Big Shark",2021,zh,/wdWT2afyMus9NGG1ac342Tj4ilT.jpg,es_poster,si,""
877600,"Cinderella",2021,ta,/x3MyvE3aU1sRe5x1bXaXbsRpEr7.jpg,es_poster,si,""
877621,"The Linear of Nitemare",2012,en,/crh6sfdC1W1AH1BdmSyo0RAn5P8.jpg,no_es_poster,,""
877832,"Pei Mama",2021,ta,/eKNMCvfctokzqYhjIS9TBVJi3dp.jpg,es_poster,si,""
878720,"A Life Hereafter",2017,en,/sJ52MRyvIamemKTOt2f1yPl1Xvu.jpg,no_es_poster,,""
878844,"The Plumber",2021,en,/4ToJZbQl9J2GJw8Mujh5upB7UMY.jpg,no_es_poster,,""
878853,"There Can Only Be One",2019,en,/3mcLVLzDMcVaDSigzValBJZ7017.jpg,no_es_poster,,""
878900,"FLATWOODS",2022,en,/oizWNM2ouCsayY6m5jiEDhfHfQR.jpg,no_es_poster,,""
879165,"God Lady",2021,en,/iTdH6hI0XtAFrzWNgZuzyVIiq0i.jpg,no_es_poster,,""
879339,"In the Bathroom..",,en,/2onA8pGtwairol6wrvsEgVyrXAv.jpg,no_es_poster,,""
881308,"Dreams",,en,/cSHhPLGbR2RB6V2MpmxFQBgWf8j.jpg,no_es_poster,,""
881906,"Portrait",2000,id,/i5nk0SQSdDytAgCLNPCFoQZplWA.jpg,no_es_poster,,""
882186,"Sleep",2021,en,/wx1u7oXRaeFOccA4vvtozz57NEZ.jpg,no_es_poster,,""
882218,"Wolf Pup",2019,en,/gamGFEJc3vMT4aUod1H6mf5NyOg.jpg,es_poster,si,""
882502,"Three Hos One Street",2021,en,/gIBLRodcchpmwRll3W7zqR9nMKF.jpg,no_es_poster,,""
882530,"Pygmalion",2021,en,/bO8zvvKemuHzEvfaTStFXJyXU9q.jpg,no_es_poster,,""
882791,"Kimi no haguki",1998,ja,/qIlqUTQmUcoMVfotM8vyglcIQ2e.jpg,no_es_poster,,""
882965,"Prison Festival",2007,ja,/fn0clViXI3n5HOnXORBbCloyXvD.jpg,no_es_poster,,""
885754,"Enter the Bottom of DOM",2010,ja,/A16LhYDA57uoavGXJ45qA9145Ml.jpg,no_es_poster,,""
886218,"Polydipsia",2004,de,/25IxisH1qX1Ezeja2ztdyczRyGn.jpg,no_es_poster,,""
886638,"i don't know how, but i don't think i'm alone",2021,en,/kW5JlzVatfgg4TE3pj79EQt2IFH.jpg,no_es_poster,,""
887924,"UNINVITED",2021,en,/gedP8Lm7WCnugiaAvrt7e7MOI5p.jpg,no_es_poster,,""
888827,"Boutique Fantasque",2021,en,/8pifzj2wmZ4Hcs3c2A73x4z9SVY.jpg,no_es_poster,,""
889676,"Dorset",2018,en,/yEbKCX17ASOIBHp1BCS7r04GWWJ.jpg,no_es_poster,,""
889839,"Ragtime",2021,en,/3EeLsD8HVMOxKaFkSQF1ZIjZW16.jpg,es_poster,si,""
889850,"Home Alone",1969,xx,/bZnR6hqhJJZReMt6Pw5aF8IEq2t.jpg,no_es_poster,,""
890513,"Hontoni atta kowai hanashi 2020 Special Edition",2020,ja,/bMauSAKbja6Kl56Oi9FiRuT8MtT.jpg,no_es_poster,,""
893028,"Damn, We Went Back to The Convent",2011,pt,/dzDJzw3IkHlHHIft85wxEWeDYFM.jpg,no_es_poster,,""
893335,"Andy",1999,pt,/nZty2Wk5RonbLz8GBQeJqplhpIy.jpg,no_es_poster,,""
893439,"Perdigotos da Discórdia",2012,pt,/caZWT8AjRBjU7aqxcEKN9aXLJxM.jpg,no_es_poster,,""
893955,"Vanam",2021,ta,/3Ez3alwvA3iEvIAMC9yr47jJaTc.jpg,es_poster,si,""
895218,"Turbo-Granny",2017,ja,/qVtktb4WRtzDAw4q8hGMk7KAw60.jpg,no_es_poster,,""
895499,"I see are seeing me",2021,en,/lhzr1ie21n4HwAKafuX0PcAuUEB.jpg,no_es_poster,,""
896161,"Hiya Janice",2021,en,/47axUhLHuCIDykQQtzrlhW8urBi.jpg,no_es_poster,,""
897791,"Kevin Wright",,pt,/iNsLH1cWOMq2htWgJa5V92MCv2z.jpg,no_es_poster,,""
897874,"Footsteps",2021,en,/oJIfkRaZ22XDvfm7uN24cmeWG1p.jpg,no_es_poster,,""
898348,"Lone Signal",2021,en,/x15rgssAJqBWp1YPMQbHDiQR3aw.jpg,no_es_poster,,""
899123,"Kaibyo Saga Sodo",1981,ja,/rE1PgqvYZkXoGndAOnJH7EAynL8.jpg,no_es_poster,,""
899298,"Undying",2024,en,/wFm6cJJ9mhGj1NAnoPpt1Xu8mE9.jpg,es_poster,si,""
899675,"Self-Portrait",,en,/lR6H4leFpQW4GDXocRFZFZBNKh8.jpg,no_es_poster,,""
900274,"Monastery",2021,es,/wT3d1MBVt70APb3UF1xeyIYnm2g.jpg,no_es_poster,,""
901553,"O Beijo na Morte",2012,pt,/5OopaS9QVN4eoomeyA1YG7MPZM0.jpg,no_es_poster,,""
904356,"Japanese Archipelago: Horror Ghost Zone",1990,ja,/32pEt4ukyMtC6Z1byWgDvQxIIrH.jpg,es_poster,si,""
904633,"Our Enemy",,en,/dJifQC3XgVs2L3FYKMlQ1dDHF5D.jpg,no_es_poster,,""
906200,"Slasher House 3",2024,en,/dHvtlVEf2XEmnX94UugDgAs5S6L.jpg,no_es_poster,,""
910807,"Fukt",2021,en,/kmFFU1nUtBSYwwc9q3IBmMSiobg.jpg,no_es_poster,,""
911354,"Scarlet Demon",1989,ja,/6Qpslxb7USrDNJfzmzXLVCSBFDJ.jpg,es_poster,si,""
911361,"Baku Yumemakura's Twilight Theatre",1991,ja,/rj89f6IsB7v4KrJJqID8psrjcUU.jpg,no_es_poster,,""
911700,"Shin Gakkou no Yuurei",1999,ja,/rTvhwf86QzeAeHexlFZ9OBZews3.jpg,es_poster,si,""
911708,"Star of David",,ja,/xu3kj2gec0jA7VNjv627dgUMVkw.jpg,es_poster,si,""
911731,"Youkai Ningen Bem: Part II",1992,ja,/tUEYRxqhrprjoIgvC0HRrN1WrY8.jpg,es_poster,si,""
912163,"The Terror of Terrace Street!",,en,/tqhgIBr89VjFP7mecFjyNZVWuNh.jpg,no_es_poster,,""
912650,"Vardøger",2012,no,/6oIUCOOC3ha9py6LB5AuvGtYX0Y.jpg,es_poster,si,""
917791,"GeishaCop: Fearsome Geisha Corps - Go to Hell",2010,ja,/h9xZb8eEjJ4N9S07pVaMnbIRquR.jpg,no_es_poster,,""
918045,"El Sexto",2021,es,/dZCkOuP1duj40SUt7Tz9gijqbFu.jpg,es_poster,si,""
918489,"Lux Æterna",,xx,/sIS9N1Fg7Q045bLioK5NNnNdck6.jpg,no_es_poster,,""
918621,"Let's Stop at the Morgue",2021,en,/kLvcgzRHgz52aiomvEOgP7XcA3g.jpg,no_es_poster,,""
921935,"Ballabhpurer Roopkotha",2022,bn,/84yy5xjv3sM8G2HbxUnKejKJgYz.jpg,es_poster,si,""
922754,"Lost Tales from Camp Blood - Part 3",2009,en,/rjzPU8Ge09U1S8GOvuQXwbvT4kc.jpg,no_es_poster,,""
923635,"Shin Hedorah",2021,ja,/hIa2ZDN8qXU3o02t2L9mzLISUhu.jpg,es_poster,si,""
926070,"Mimicry",2021,en,/cdaPzoFCGxjpIlU8JKqysJromhW.jpg,no_es_poster,,""
926074,"Magic Man",2021,en,/pvxVyHCiuCv1h0f29r6OyV8gkv7.jpg,no_es_poster,,""
926370,"5+Camera",2017,ja,/2NewlqKf6gpXj0sYEluxjSPSwOF.jpg,no_es_poster,,""
927409,"The strange world of Gumball",2021,es,/uEqYimFhzy9w9ZN7aBkJqR29NZW.jpg,no_es_poster,,""
928397,"We Are The Enemy",,en,/uEJ71ePX1hzSfBFMdr7ak5wY9YS.jpg,no_es_poster,,""
928782,"Speedball Nosferatu",2022,xx,/s0VcJwerCjWgAkjczKJuUcfIMRb.jpg,no_es_poster,,""
930187,"Orochi",1978,ja,/t6WQpHVbnR2DPYjHREFkZOyvqP9.jpg,no_es_poster,,""
931099,"Monkey Tester",,en,/uNqNaQhsPKEUNu1EZbz4vrMvJ0y.jpg,no_es_poster,,""
931317,"Zombie Park",2022,en,/hQunXUcHwPh34rZmbbVSGh6a59E.jpg,no_es_poster,,""
931325,"The Howl of Winterland",,en,/t6GbgkFgTkNOVz3jYQzDKZbiZaH.jpg,no_es_poster,,""
931341,"Ring Around the Rosie",2022,en,/LOvD6JcJw78i22viOeXS2uQ1a3.jpg,no_es_poster,,""
931652,"Darkness",1969,fr,/1Ps8cHAPPu8UZGHWhJFb7uPxGMf.jpg,no_es_poster,,""
932481,"Summoned",2016,en,/5k9uZTj71K9bCW7STPVejzD6Cje.jpg,no_es_poster,,""
932598,"Peachrings",,en,/qnBw9ikIs300XGdCN8eNWPIpAOQ.jpg,no_es_poster,,""
932914,"Cafard",2020,en,/ao7bYxPI0EAU89mgubyN1M2v5H2.jpg,no_es_poster,,""
933224,"Cold",2018,en,/31EJsmELgEEKlj2PyxiVPSlGs4G.jpg,no_es_poster,,""
933246,"Minsk 2020",2021,ru,/2qjBW15eD2T5Bt0xmUaTxOsvzGA.jpg,no_es_poster,,""
934630,"A Midnight Episode",1899,en,/zMBVYJ0Ecl9DqA3P4haHaIBmfuo.jpg,no_es_poster,,""
934698,"And They Saw a Great Sign In Heaven",2020,en,/ecPyOOdGNQfyLTGcV4st9SyBbDi.jpg,no_es_poster,,""
934812,"Amulet",1991,ru,/8O6A4iUm8oxWIEpZLwjbX0tfuLT.jpg,no_es_poster,,""
935076,"Super Girl Maria",1991,ja,/g85InKgyGc39seJhKqhmvJDH1TA.jpg,es_poster,si,""
935097,"Banette's Curse",,en,/9GoMp0GIao0QDsCnW3HT8q8n27T.jpg,no_es_poster,,""
935983,"Head Start",,en,/5sz7pN22kpVtlQxDeR2D7mM7fL9.jpg,no_es_poster,,""
937747,"Closure",2017,en,/q9rJWVbINnYg9ytNjuSNkeIFpM5.jpg,no_es_poster,,""
938133,"Bldg. N",2022,ja,/v738oSE6A8n8oGbYAVReIfG1klA.jpg,es_poster,si,""
938251,"A Fool's Wit",2021,en,/teIGbdttIDkbLS42i37KPtAJMDV.jpg,no_es_poster,,""
938671,"Who are we?",,en,/rhEJ0logvigQlPww0hcZ4uOmaLD.jpg,no_es_poster,,""
939231,"WRETCHED HANDS",,en,/zN8E9ivq001ogqvdmQRXIoRsq1d.jpg,no_es_poster,,""
939823,"Robo Macabro",1982,es,/3HM13mmdNbSiKIuyBpH1vZwz9H1.jpg,no_es_poster,,""
939839,"La Silla Satánica",2014,es,/5BoDsHSsXvfQJageHYoSGl5UAVa.jpg,no_es_poster,,""
940382,"Epokalipsa",2019,en,/5P3WQzBzX1tA66v9DsLMXEF9Ij6.jpg,no_es_poster,,""
940754,"Crutchnap",,en,/inRMhoEZvLVCWw7lXcYnhh6JagN.jpg,no_es_poster,,""
940972,"OH! MY GOD",1988,ja,/iQvy9Ltjl5pb4XhIW3XIJirN0uL.jpg,no_es_poster,,""
941189,"Nav",2019,uk,/a5HoOjgh1RX2Q7QLv6FVHfeVdD7.jpg,es_poster,si,""
942236,"A Walk Through the Woods (Remake)",,en,/sjlD2rFaakyUFU5tONPAoNJra7d.jpg,no_es_poster,,""
942364,"The Haunting Fear",1915,en,/d88neYGE9iQsjJsTPD1KWw4ZqSk.jpg,no_es_poster,,""
942596,"Molar",2016,en,/63Pl1SGYAXsd8tR6QnHHLTZcXiD.jpg,es_poster,si,""
942888,"Incarnation",2023,en,/ddw2VguOfUlYAVPvTPXDgZEiWk5.jpg,no_es_poster,,""
942936,"Hard Front",2021,en,/zbCnw3J4HWrLUHnqsNVUMVHbZ7T.jpg,no_es_poster,,""
943003,"Horror Diary",1993,ja,/um5ObL7Fa2IkpTFpyNjBffVZ7Am.jpg,no_es_poster,,""
943034,"Two Fools capture a Ghost",1959,cn,/jylhb37kBtL27LKs5Iumk4iw37C.jpg,no_es_poster,,""
943600,"Flesh and blood",2022,en,/lYzpQdy9awpjylagwbgFjbDAPyy.jpg,no_es_poster,,""
945423,"Induvadana",2022,te,/eyYNrfyMQZcp8s49QE34gfVTztc.jpg,es_poster,si,""
945920,"Six",2022,en,/sBpdOqydGdnMKZ22vi4UBRchWX8.jpg,es_poster,si,""
946563,"Alanngut Killinganni",2022,kl,/hUMu20YKOaG6WJiEH6CMiaXVA6Z.jpg,no_es_poster,,""
947043,"撞·死人",2020,cn,/ezbVD7SYwb6pqpneaODOkHW3T8W.jpg,no_es_poster,,""
947532,"Necktie",2020,en,/8wnEj8HfAqEL3A158BbGH1smTN6.jpg,no_es_poster,,""
948124,"Work in Progress",,en,/xXEPjmVtDLg1NBevX5i0H8UTNTo.jpg,no_es_poster,,""
949909,"Kuntilanak 3",2022,id,/s0MJ12Lf412G3KD3VkNGplHtK48.jpg,es_poster,si,""
950778,"AI",,en,/4s3hnjldqwrnuqMKepuf3l8Q7aG.jpg,no_es_poster,,""
950823,"Chase",1983,mk,/lYusTbS5QbKF9btodsB3Egvgqqv.jpg,no_es_poster,,""
950950,"Shennong Savage",2022,zh,/cELpKa5rVRCFC2CXsqlaGag5bMx.jpg,es_poster,si,""
951269,"In the Bathroom 2",,en,/1T5Qxx2ebUNV2Ex6iq1l7t8rg9N.jpg,no_es_poster,,""
951980,"Glyphs II",1977,en,/1nTWDznQm44jJYVzYOGjb7HmKy2.jpg,no_es_poster,,""
952280,"Kalo Chhaya",1948,bn,/dNaShBAlBbvdgSvjdJLoRWNH2im.jpg,es_poster,si,""
953160,"Genshi-san",1974,ja,/oXIfsoh1xQJtBguuwjhtH5BxAHo.jpg,es_poster,si,""
953714,"The Specialist",1971,en,/9qiPp8vYmVkKvu7eaQ26MOvHwpZ.jpg,no_es_poster,,""
954439,"Fat Fleshy Fingers",2023,en,/3nYI98hSjAO9BmDdBlsrxcZYSnb.jpg,no_es_poster,,""
955066,"Babajanja",2022,hr,/t6A896XAqP5oAQB4n0aenFDeTtU.jpg,no_es_poster,,""
955204,"Nikuianata",1997,ja,/rCcCbcizNA9M89HOWdagU0Zb3tR.jpg,no_es_poster,,""
955242,"O Lasanha",2021,xx,/gmnSIhQW4ZMNKOQZZu2GpgaOmsU.jpg,no_es_poster,,""
955293,"Mittel Würffel",2022,de,/sHIxxKAciMkvxNKWtmM0RS8WcV1.jpg,no_es_poster,,""
955366,"The Butcher Surgeon",2021,en,/bL1sCQjVT6mv8P6o9KmrjvMRWtF.jpg,no_es_poster,,""
955672,"Uomini con piedi con patate",2005,it,/oho7a6BdzH9wGYLYZ54ZufYd0or.jpg,no_es_poster,,""
955715,"Best Seller",2022,en,/8u2kgk96BrCsFtwsNIZePV48ln6.jpg,no_es_poster,,""
958590,"An Alien Claymation",,en,/wXIJCGmHI9Yhne61eb1F5FV23CV.jpg,no_es_poster,,""
959233,"The Honeymoon",2016,en,/cwqoYqJZpDSDdnkW64NRqXQFyzj.jpg,no_es_poster,,""
959595,"Pigman",,en,/uIdMExshfgkkfwHMkXgV4CKr1OL.jpg,no_es_poster,,""
959993,"Kaibutsu-kun: Suna Majin wo Yattsukero no Maki / Kaibutsu-kun to Haniwa Kaishin no Maki",1969,ja,/2grWxFFEiS8WrlIDjgffXqXtcuG.jpg,no_es_poster,,""
960424,"Where I Buried Him",2022,en,/xbPWKwtDjCqbFogCcwzxFsa2onv.jpg,no_es_poster,,""
960498,"Tokaido Yotsuya Kaidan: Northern Stage",2022,ja,/k37P4BhHg2DziEDoxCC0xRTp3yG.jpg,es_poster,si,""
960678,"Chainsaw Bunny: Deleted Scene",,ja,/pOTdMAjmikqSOkpOZ99UdmWmnAK.jpg,no_es_poster,,""
961652,"Shokuzai",2021,ja,/beiSphYqZV8GZM1nnbaqBeXCEBq.jpg,no_es_poster,,""
963824,"Eyes on You",2022,et,/6deAdIfsYrpqAXxRmi8X6Ha3Dy9.jpg,no_es_poster,,""
964181,"The Family and the Zombie",2022,en,/2uzaTD2X0fRfqYpWXAXs86ZilLj.jpg,no_es_poster,,""
965847,"Screaming Videotape #2",1996,ja,/kESIeXImcy8NjVOwyHTRJNfMX0X.jpg,no_es_poster,,""
965982,"Normal Porn for Normal People",2020,en,/fInotL9UO1AZaup34p5RxzEh4SJ.jpg,no_es_poster,,""
966560,"Possessed",,en,/cTL4SSLdxpvrXAFPjC3pBZVYJ7m.jpg,no_es_poster,,""
966661,"Ghost Woman of the Old Mansion",1949,cn,/m3z9IQEbVLr3pYDR3z0KIn4GQo7.jpg,no_es_poster,,""
967588,"The Shadow over Arkham",1978,ja,/sQ8RjQMloJ9lfuUt9rNjE5yGCgR.jpg,no_es_poster,,""
967810,"DAISUKE ICHIBA Anime",2008,ja,/de2MFuMP3cFBrOVmlcPOr6W0BJv.jpg,no_es_poster,,""
967814,"DAISUKE ICHIBA Anime 2",2019,ja,/lU9VVttloInvcfNRGc50qHfcEzP.jpg,no_es_poster,,""
967816,"オピオイドリガンド",2010,ja,/qjoJ4AcGcd3CtNxdkYilHyXFb9n.jpg,no_es_poster,,""
967823,"心タンポナーデ",2014,ja,/fcWSPsOiKqD1b5NbUDE6NZrhGTJ.jpg,no_es_poster,,""
968127,"Neighbors",2022,en,/uvbgHUHqf4j2wQZhZkzmcHTmVNw.jpg,no_es_poster,,""
968202,"古いビデオに入っていた謎の映像",2007,ja,/qeTF7w7KUXxTvXSsZmfENmxHcT4.jpg,no_es_poster,,""
970106,"Story of Jang-hwa and Hong-ryeon",1936,ko,/b2Ao5uTrU9gS71I7NOOzz94T7ct.jpg,es_poster,si,""
970324,"The Tell-Tale Heart",2022,en,/kxBPVSWJP4ruaKStD6lSUvL20b7.jpg,no_es_poster,,""
972988,"Violence Men",1997,en,/1DzjKs8rJgIxnyGCVH49qodrnTS.jpg,no_es_poster,,""
973120,"H.P. Lovecraft's The Terrible Old Man",2007,en,/940ZXd2vdIJcutNOHejgqhuEGa6.jpg,no_es_poster,,""
973970,"Deathday",1971,en,/1ZzsH6KLOkKW9hxNM5B1PQEb31u.jpg,no_es_poster,,""
973978,"To Lay a Ghost",1971,en,/zNKCRP7FiK5ZWcMNNrG7iUx3ftd.jpg,no_es_poster,,""
974720,"Anna Ishibashi: The Missing Actress",2012,en,/6efIyWpqj4tEQOknq26IB01nN7q.jpg,no_es_poster,,""
974733,"Last Message Unread",2021,en,/bDT9IeFWONYv8VXdeiHwIlvN7hd.jpg,no_es_poster,,""
975026,"Welcome Home",1971,en,/qlgRQyYTSx0KIxVmVImjGAUeKny.jpg,no_es_poster,,""
975078,"The Noise",2018,en,/vNeaPriuhw9RUfVlMbkGKxfdDi7.jpg,no_es_poster,,""
976532,"STARE",2022,en,/wbVSmorN206kAWyDHxivB33uUTz.jpg,no_es_poster,,""
977500,"library",,en,/rYn0l0OrfQceJ6UZ8Zc8XfheEyr.jpg,no_es_poster,,""
977630,"Gott ist gut zu dir",2020,en,/kt9AfWlqwK8wRcBXRKQjKNmsXPS.jpg,no_es_poster,,""
977633,"Pig Caller",2016,en,/lCzXlanPwidwsO1HgIEIrQhJxNv.jpg,no_es_poster,,""
977634,"Tuesday Sun",2016,en,/5cwkSdDRtYyArjPQ78DsaP7Fgbi.jpg,no_es_poster,,""
977635,"Kiss Me Whore",2010,en,/yKeYh89GQ75iskWGQOLAdPFjUII.jpg,no_es_poster,,""
977645,"Spoiled fish ate my finger",2022,en,/mRwPV2DesP323TNSkhbFsjbWcVF.jpg,no_es_poster,,""
977647,"Landscapes",2022,en,/bvb462QS42c1aYbuzjesWIRkKvy.jpg,no_es_poster,,""
977648,"The Body Pit",2022,en,/78NzBzAPgIU8OvamoaxUpaMM6nI.jpg,no_es_poster,,""
977649,"Trapped Under a House",2022,en,/zELMTzwyIrKG3tt4VXfSYbtcPx1.jpg,no_es_poster,,""
977650,"Deep Glass",2022,en,/29SonQ2VZPu3FofMb0RE0PI8nfL.jpg,no_es_poster,,""
977651,"Ghost in the Closet",2022,en,/yiFofEvcxW4lyBplIMncM57LMvi.jpg,no_es_poster,,""
977653,"The Birthday Suicide",2022,en,/vZ5FBffLyf6GBttgJLWUHgug3Ci.jpg,no_es_poster,,""
977654,"Down with the Creeps",2022,en,/xRemSKFW6iK2t0DVW7SYBiymVDS.jpg,no_es_poster,,""
979203,"Hiraeth",2019,en,/1J7fPsdxgpwiXixD4xbo9aJxb7t.jpg,es_poster,si,""
979737,"Stray Dog",,en,/r12HsG7xLh1NqJQBhsaupV20106.jpg,no_es_poster,,""
980677,"Bloody Dreams",2021,de,/oyqZOT31taEqUnX4m399Ee3BgDn.jpg,no_es_poster,,""
980702,"Ouroboros",2019,ko,/8FH0BSxdlVGMfIthKKyGYvRLBpm.jpg,no_es_poster,,""
982305,"The Hands",,en,/hRx7DFPuDtyoQe73YR9K4FPPzMt.jpg,no_es_poster,,""
982462,"Felonious Bolus",,en,/q5x8EBspaDvPXavXMLmVEukaeKo.jpg,no_es_poster,,""
983280,"Operation Camerahead",1992,en,/rJm6xnBzMSYw8juAbmZ2ngqAkhR.jpg,no_es_poster,,""
983471,"Liminal Park",2022,ja,/g7wyMjJdC1O2lL1SK3zJDo7g7AL.jpg,no_es_poster,,""
983531,"Mass",2014,en,/p9AsgAFdlozxxMlO6JXJMTh4j5b.jpg,no_es_poster,,""
983565,"Tokyo Videos of Horror 16",2017,en,/yrfD33OH5vkHm9nwSVAqrXlyfIO.jpg,es_poster,si,""
983581,"Tokyo Videos of Horror 17",2017,en,/7swmJM42ewbIniz4zkb66Uf9i5k.jpg,es_poster,si,""
985615,"Shine: Puppet Horror Short",,en,/anVgYc5TsJVsqrRPx9gC7JjTGgv.jpg,no_es_poster,,""
985814,"Falling Asleep",,en,/zJm6R7j6ywd8WMnTJovZauEy3Ug.jpg,no_es_poster,,""
986398,"El Sueño",2020,fr,/7E0fQZ4p21jhXI6LDMIVKzJ3Wfy.jpg,no_es_poster,,""
986615,"Fiancée",,xx,/sldmai4yIMGRjhtXwQBhwE3GoWB.jpg,no_es_poster,,""
987324,"Cordelia",2022,el,/hK8XmcNoyeki6K8ei2kQ25EDh38.jpg,no_es_poster,,""
988054,"Admiral Flipside",1996,en,/czGDFxOwZ0aLkIaGqIs2lG3ut3V.jpg,no_es_poster,,""
989253,"Sacrificial Lambs",,en,/wvOWpJV6VHlxpDo7X3XfYpqVgt4.jpg,no_es_poster,,""
991544,"Mermaids",2020,xx,/5hKYuyH07zFlvRyv0bdklREdBnh.jpg,no_es_poster,,""
991825,"Thursday Night Special",,en,/7TzVQhkqeq7hy9LZe2l9H4DKvZ8.jpg,no_es_poster,,""
992286,"The Angst",2022,en,/jLtSr7c3NIXusxOjmEpG9wTEQrj.jpg,no_es_poster,,""
993299,"BRUSH",2020,en,/vRN6rmkJz5FeaafHnyLEF8xtzlH.jpg,no_es_poster,,""
993921,"Let Me Go",,en,/jhhvUcmrsvnnf0T00U0qm1hmkWv.jpg,no_es_poster,,""
994082,"Blackout",2015,en,/pkQuGv05eGqdA8XBamJ0L8Mz5Cs.jpg,no_es_poster,,""
994084,"FLICKER",2021,en,/1PIbiCKK9vriV8oujUHtJUO0B0p.jpg,no_es_poster,,""
994138,"Dark Nature",2023,en,/n77eq3pzs8sVzWUFgcreggohNZ5.jpg,es_poster,si,""
994633,"El ataque del vampiro espacial",1995,es,/dOG3REOHRGGRth4rM9mTxPJaP3V.jpg,no_es_poster,,""
994640,"Sustained Nightmare",2022,en,/5P659h5z2O1uGg0FWul1rKxHTGv.jpg,no_es_poster,,""
995593,"Transmission 23: The Return",2008,en,/oSIHqoOOBl9akFS8oD6RJJOp06y.jpg,no_es_poster,,""
996425,"Le Dernier Scoop",2022,fr,/ePRvVeQL6LQaQRsrDfTsLGhaC1f.jpg,no_es_poster,,""
996587,"Cleanup",,en,/4VMaAEwProWSpuZebXcfAXF5m38.jpg,no_es_poster,,""
996747,"Anniversary",,en,/fyTKxYv9eY7QHEKlHJnI9wXAjcN.jpg,no_es_poster,,""
997660,"Nightsiren",2022,sk,/pu632OPOiSAbMrBhAXh2gXuYcFF.jpg,es_poster,si,""
997833,"Her Last Photo",2020,en,/vFL8vJgb5MwxHxT3NPTaqToUgog.jpg,no_es_poster,,""
999287,"In the Expectation of Memory",2021,pt,/16BtdVfcaP12YYCwkN6kQ9Z8sM5.jpg,no_es_poster,,""
999981,"Death Cabin",2000,en,/xQWOBZgqgoCrsF6HZhZPfmjB6Np.jpg,no_es_poster,,""
1001297,"Underlife",2011,xx,/f1OBUvAiun5AKnXBGgbQrRxPFs7.jpg,no_es_poster,,""
1003471,"Muchuu Tousou",2015,ja,/3PPLQeDkbHE7JgZhsTS27MTsvvD.jpg,no_es_poster,,""
1003992,"悪霊の棲む館",1980,ja,/ln6Gt5aajnnQDMSQVLsyCJL1kQM.jpg,no_es_poster,,""
1004662,"Bell Witch of Leith",2009,en,/iFwB8oL4uXhmCvBWRyZ8RjLcKpz.jpg,no_es_poster,,""
1004785,"OUT RUN",2021,en,/uDXqJgev4eoq6ryr6VNucNffOrG.jpg,no_es_poster,,""
1005014,"Keiko Is",2007,ja,/xvsrK3r8cs0mCcjeS4JRTmGGfKB.jpg,no_es_poster,,""
1005559,"Heavy Metal vs. Dominator",2005,en,/5JxTmW775OmZMFaKwoB7qYlWXzc.jpg,no_es_poster,,""
1006930,"Las Manos Que Ríen",,es,/2jIMzheEWOMPIibYSS0wpZSDKtu.jpg,no_es_poster,,""
1008870,"Sole Of A Salesman",2022,en,/vuxyRa712f1wRmYcKjmBnOM7diM.jpg,no_es_poster,,""
1011999,"Asleep at the Switch",1910,en,/qwAZNC05fonTWNyOcLMQqlJ9ve4.jpg,no_es_poster,,""
1012220,"Three Kings",2022,en,/XVMC9IvsIvTsLSb1kYYEbaMUYP.jpg,es_poster,si,""
1012410,"Teenage Ghost Girl",1984,th,/7xHibGAwI6981h0nujVlV1p5STU.jpg,es_poster,si,""
1013132,"KINEMORTOPHOBIA!",2022,en,/cX2LHd5gB1xc2ixnuNeYBWZJWEd.jpg,es_poster,si,""
1013699,"The Shining Pyramid",1979,en,/g8IlNYICgmLNZvb2Bl6FnZT3lpa.jpg,no_es_poster,,""
1013854,"Alana",2023,pt,/1bvuorqv4Xet4ppFH0aWmxifBXY.jpg,es_poster,si,""
1013870,"Kids vs. Aliens",2023,en,/f87UCQzVwMlzGFePtCtZS4TgAFp.jpg,es_poster,si,""
1015327,"PHANTOM DIALECT: A Road to Acceptance",,en,/u7uf3uWzfxjjsjBrXtdd1c2gDcu.jpg,no_es_poster,,""
1015370,"Transfer",2022,nl,/jc85vvbdCVkZ0KHIlncQmbzyBs4.jpg,no_es_poster,,""
1015416,"Go on, laugh",2022,en,/4ftpz9Xnl9b2hlLF90BU3AeKuh1.jpg,no_es_poster,,""
1015505,"Flesh",2022,en,/uGl8jwZ9LSLsqe5Nox72BroyVvJ.jpg,no_es_poster,,""
1015706,"Gasumasuku no Itō-san",,ja,/rhytrIqfQBjEAmcziTnK62Ow8hj.jpg,no_es_poster,,""
1016385,"Flowers",2022,en,/dO1jo2CMyWlEZDYCbtADGGKRU5E.jpg,no_es_poster,,""
1017030,"Unmasked",1929,en,/4iYfl5uo0w95l3LZjnjjzekRpgq.jpg,no_es_poster,,""
1017612,"The World You Don't Know: A Mysterious Love Story",1990,ja,/q09eJnMu52vTapuLeBOicV8yide.jpg,es_poster,si,""
1017732,"Debris",2022,en,/j0Mj5Ss9bfVyCSC26PSRPDeGV8d.jpg,es_poster,si,""
1018190,"Spooked: Banshee",2014,en,/zQaUQpWaWpFdORkheiP0MUxSlO6.jpg,no_es_poster,,""
1019996,"The Terror of the Goonie Monster",1982,en,/asj8Blf5WyUuQhXY473Gu1FoGn9.jpg,no_es_poster,,""
1019999,"Halloween 4: Dawn of the Dreary",1982,en,/6uc5qJuPPylmvrtwJnR2ovfnJpf.jpg,no_es_poster,,""
1020266,"III",2021,en,/wO1dHtGiLbl0ZusCKt0iftFJbC5.jpg,es_poster,si,""
1021742,"I'm Here",2022,ko,/twDIqKW9XJzWbUfyabEkFr01Eay.jpg,no_es_poster,,""
1021798,"The Youth Who Wanted to Shiver",1978,en,/2Fa1YaKsnv5qEboZ8w515gunpFS.jpg,no_es_poster,,""
1022680,"Sticky Sock",2022,en,/hkiI1UPSaAVPOg7vf8xCw3H6ScU.jpg,no_es_poster,,""
1023184,"Deluge",2010,en,/tHed92rkiUvgPgnTFyKoQyRBPQU.jpg,no_es_poster,,""
1023253,"Tales of Horror Reaching from the Darkness",2018,ja,/fkEkIJAR6NCWid0hBP6YuO7ki0u.jpg,es_poster,si,""
1023262,"3 guys 1 red bed",,fr,/gwm6HSiiqGRaX3rmfM9kkpldtt6.jpg,no_es_poster,,""
1023716,"Sweet",,fr,/8nnAHXCJkSf5rXajw5px8YazPQn.jpg,no_es_poster,,""
1023724,"Bite",,fr,/gkXiXsEi7Pk0tXPigi8bXYpCbnd.jpg,no_es_poster,,""
1023947,"Tape20",,en,/fOEogKQTaTeXYK9cXTP9ejiQRVn.jpg,no_es_poster,,""
1024207,"this is my world",,en,/4LvGHGfXSgsoZJb4rPhbW2hTiTK.jpg,no_es_poster,,""
1027409,"Panorama horror",,el,/wR48BG3L7z404AZOQUBdEZkcCoR.jpg,no_es_poster,,""
1027629,"The Elevator",2015,en,/d5eqqUVlzjYEtQhVWKAMc9OdSfZ.jpg,no_es_poster,,""
1028617,"The Tomb of Frankenstein",1964,en,/4OZXh5RNeEjq95S6VLCAckpMSrH.jpg,no_es_poster,,""
1028623,"Piñata",2017,en,/fLDM6AVSpkeyfFg5BHeh75alsg5.jpg,no_es_poster,,""
1028653,"Shortest Horror Movie Ever",2017,en,/56XePfXaSga6q0l8GgW09ffPwIE.jpg,no_es_poster,,""
1028909,"Two-faced Killer: A Modern Thriller",1951,xx,/qaIVDbB5r5YyFQuZuYDGIKAAQDG.jpg,no_es_poster,,""
1028999,"Do Not Watch Me",2017,en,/jumhzgt2DCl2uhcwWwdGXUXNiZK.jpg,no_es_poster,,""
1029683,"Houe of Dolls",2017,en,/vcDPrjrN2bnwTnTjzecMXB0Con9.jpg,no_es_poster,,""
1029686,"Drowners",2017,en,/ugHD5jgnkvk9TRg8Sc1SuNsNzm3.jpg,no_es_poster,,""
1031828,"The Sadistic Tragedy of Blue Rose Mansion",2006,ja,/xwi50xAyHiKFnaRW7UI0PRHzdj5.jpg,es_poster,si,""
1031898,"The Apartment",2021,ko,/8M9rZ2AtXYEYuYq8sB8dJ2Z6BdP.jpg,no_es_poster,,""
1032152,"Last Train",2022,en,/qCPtrrd4FULmDrICO6ZMufqE9ZB.jpg,no_es_poster,,""
1033095,"Secret Formula",,en,/5GTTNqHwXfqqnBPrZAv0DVoWfjr.jpg,no_es_poster,,""
1033710,"¿Por qué se esconde Drácula?",1980,es,/hOYy8pWdunyYVZj0LfkdeJDx2IS.jpg,no_es_poster,,""
1034590,"Virupaksha",2023,te,/fqMn4h9ctOyumII2nXDnm5mRTxQ.jpg,es_poster,si,""
1034771,"Bloody Shadows",2018,en,/nqmKyoROAMjfFOwWhICLttdEDzp.jpg,no_es_poster,,""
1035936,"There Is No Such Thing As Home",2022,tr,/pANT5TBPTqc914RRLhORM2FyWXB.jpg,es_poster,si,""
1038711,"Red Flooded You",2022,en,/laOuN7IfonxAe6iav6vtbmdmyCi.jpg,no_es_poster,,""
1039200,"Voice Over",2007,it,/pkdsPXzUIuBao2cfNJoLpXGq9M3.jpg,no_es_poster,,""
1039801,"Fester",2022,en,/8qZaB5JiltGiAxw6EUgof23CHmj.jpg,no_es_poster,,""
1039898,"Burying",2022,en,/3s69sDczxEs4TaRPKIqUqFWvmAQ.jpg,no_es_poster,,""
1040551,"Home-Killer",1967,en,/etFxbGdIRVtrmQwCfZ96TdWEQ3v.jpg,no_es_poster,,""
1041478,"Hora do Cálculo (Calculation Time)",2021,pt,/kUkj5lVkl656uQ2WjSI0WH0YrmI.jpg,no_es_poster,,""
1041554,"Carneirinhos",2022,pt,/s7IzXFXElKSjpYirqNw2GwScamz.jpg,no_es_poster,,""
1042720,"Sympathy for the Devil",2021,en,/tJeXqn69fhoVuoGnp6J8I8sWm0Z.jpg,es_poster,si,""
1042835,"Slains",2020,en,/fVH3DZBVJEE0XFvHE9yj1nVLswo.jpg,no_es_poster,,""
1043814,"Het geheim van het slot Arco",1914,xx,/tZQUUM1OiIw6dDaVliWaV2qiFaF.jpg,no_es_poster,,""
1043848,"Short Lease",2010,en,/dOPRLNwBFee2MROCYzXAB2wFy4F.jpg,no_es_poster,,""
1044115,"Exorcist 2: Human Exorcism",2002,ja,/3BybUfrFgo2NRRHkNXbyrf0uUNU.jpg,es_poster,si,""
1045536,"1911",2018,en,/jN0qRCl9GsLOBDbehAo7joV4Pfq.jpg,no_es_poster,,""
1047810,"Tap Man",2022,en,/3Xz032JUA4SZyKyiFWOn165QKQ.jpg,no_es_poster,,""
1048107,"Night Crew",1979,en,/cIqyhM2XLOyvsXUOTzBwdBCCzwY.jpg,no_es_poster,,""
1048140,"Don Cheadle is Captain Planet - Part 2",2012,en,/h2KsFCeDTuqCetZXd5aRLgsxOcW.jpg,no_es_poster,,""
1048149,"Don Cheadle is Captain Planet - Part 3",2012,en,/s5hxQE5qarRQt6uavOT7CcG6aW8.jpg,no_es_poster,,""
1048156,"Don Cheadle is Captain Planet - Part 4",2012,en,/7KTQt8Av89TwvTrBXPpBgQ9sofW.jpg,no_es_poster,,""
1048232,"Our Lady of Sorrows",2022,en,/cI7IuYvrLQoq9LyteLEeDU1N7oK.jpg,no_es_poster,,""
1048512,"人間レコード - Live Action",1994,ja,/sPMMOqiF86brkkUc7lpTdmGnzH7.jpg,no_es_poster,,""
1049134,"The Horror of Dracula",2010,en,/nZRPX0VlMfpNFQS7dzTQnV2m8TO.jpg,no_es_poster,,""
1049324,"Bloody Films (Excerpts 1982-85)",1985,ja,/doYN2i1rYPTc254YSfOwljLa2oW.jpg,no_es_poster,,""
1049608,"Tokyo Videos of Horror 21",2019,ja,/qe9JZGPErxPe72RPOzd4jpl1rJx.jpg,es_poster,si,""
1049935,"Tokyo Videos of Horror 23",2019,ja,/jsRW6Qgx9rEhVAiCQC0nUoqadOk.jpg,es_poster,si,""
1049946,"Tokyo Videos of Horror 25",2020,ja,/5wCsAkboQkXW7byra6O9G0RpGlc.jpg,es_poster,si,""
1051809,"Saint-Belmont",2011,fr,/6fNjBEC7MlN9p4Kpeajt7aub76N.jpg,no_es_poster,,""
1052849,"The Watcher's Woods",2017,en,/neRxwMfSt1q29v4wtshme49bSgN.jpg,no_es_poster,,""
1052857,"Bigfoot",2017,en,/6x8mlQpU6Dl3MVu8YYYc3FQzlFJ.jpg,no_es_poster,,""
1053050,"Xibalbá",2021,es,/jwBhTXnb94G1nCIDpURN4uSqUOm.jpg,no_es_poster,,""
1054022,"Japan's Map of Grudges!! Investigation: The Curse of Sugisawa Village",2001,ja,/mPWMRJXCeMXkYrnUB2RA26gLWaH.jpg,es_poster,si,""
1054285,"Shura Land",2017,ja,/uK5vlvSktDLRux25l5GomVsNfKJ.jpg,es_poster,si,""
1054626,"The Bhootnii",2025,hi,/7hY958sJ5xfXSBS3hiBtMxpOqRK.jpg,es_poster,si,""
1054958,"Last Known Interview With Zachary Weinstein (100 Years Old)",2022,en,/szSFh444LdSbCtkTRqH5NrvfYMJ.jpg,no_es_poster,,""
1056607,"Spirit Box 4",2015,ja,/20nX7d8SR8H9WfUKLKeXRFucu5V.jpg,es_poster,si,""
1056861,"The God's Eye",2018,en,/bFmxf4TkqmHzZiN9L3hqfBv3qY0.jpg,no_es_poster,,""
1057228,"The Y",2023,hi,/6YjyVezHvoFbuFPvxSRMFBLV1hX.jpg,no_es_poster,,""
1058860,"The Girl in the Gramophone",2022,en,/lMJcqS7D31IcCWaWEPP85xV8E6C.jpg,no_es_poster,,""
1059537,"Kill Time",2022,en,/1Ror4u1rWg1VFbVthVtZAdTYXVJ.jpg,es_poster,si,""
1060195,"O muzi a zene",,ru,/m2dqoBxgisfnWeeWeoAN738CDlh.jpg,no_es_poster,,""
1061032,"Ophelia",,es,/1kqsDgmCewDq6tMqSIY3vVFqUpP.jpg,no_es_poster,,""
1063055,"T Is for Twig",2012,en,/jo9tDcDRLSf6aAM0wUy71vQng9P.jpg,no_es_poster,,""
1065374,"Path of a Demoniac",2021,en,/Ap7xVKZWlYD6K2Y90nTxt0jTsco.jpg,no_es_poster,,""
1065769,"Reflection of a Tormented Butterfly",2019,en,/pQtWTO3Fr5Vz3ZTQd1Y3U1Ba7Kp.jpg,no_es_poster,,""
1065934,"Bug Complex",2012,en,/tI44xiixBUHQaiGuD83wcAHbmhB.jpg,no_es_poster,,""
1065938,"Tequila",2013,en,/6alMEHKWh2xzC3JRrUDioKRRglt.jpg,no_es_poster,,""
1067138,"Dancing Mistress",1957,ja,/5Ri0m5m5ftXJ0V7seUbXpS6PghC.jpg,es_poster,si,""
1067509,"Untitled 001",1999,en,/dhQ1ACoI24go6HEHqSuX9ed7W60.jpg,no_es_poster,,""
1068425,"Wild Duck",,fi,/eW0z5JagsdM0HSwtNLijwTeBsHi.jpg,no_es_poster,,""
1068449,"Kôzuki Yaya: CLONEz",1997,ja,/z3ZBv8Q232bLuf43BXm8l5cR2b5.jpg,es_poster,si,""
1071644,"Nightmare",2020,en,/gI6XmE5iT3uIVuUqeQUsbToM8RH.jpg,no_es_poster,,""
1073917,"Massaker vom Obersee",2023,de,/8d3DWgbWYFA1cqQ7hklGfZqjv0r.jpg,no_es_poster,,""
1074141,"Flowers in the Mirror, Wind and Moon: The Ghost Appears",1982,zh,/8NBypSSTcv75PgygdIMMYmw0UcU.jpg,es_poster,si,""
1074216,"The Spectre",2017,sl,/hq7ddrdWHJgu4A5AknpHaCylWxB.jpg,no_es_poster,,""
1074246,"Slow Burn",2023,en,/inhK0k78eRYDdCHZ0bzhj8gv70t.jpg,no_es_poster,,""
1074249,"Fungi",2022,en,/sCt4B1j7CHgYRAmbTRe9S7q81Cl.jpg,no_es_poster,,""
1074648,"One Winter's Night",2011,en,/o806riaoUC2bUTGpiggigxuQCoB.jpg,no_es_poster,,""
1076001,"Inc.",2023,en,/sxeEwvYyg2pUSVOkHxlq9IK2F9i.jpg,no_es_poster,,""
1076352,"The Puppet",2023,en,/1HpMRpLolccOVl1cNbPxyp8YQlZ.jpg,no_es_poster,,""
1076692,"Poundcake",2023,en,/aKJlUSUxt8PXsOZF6yD0cBjJpFP.jpg,no_es_poster,,""
1077097,"Faust and Mephistopheles",1898,en,/8ZQZdHEqT92JjyjiEgFpn13FOnj.jpg,no_es_poster,,""
1077817,"Corpses",1982,it,/81KxNcNz2yKcb6jU6OG2CkFfXNr.jpg,es_poster,si,""
1078307,"Won't be a thing to become",2023,en,/lPtKIrLWVf7wy8jkSieGyb0tZo8.jpg,no_es_poster,,""
1078317,"Gothic Hastings Experiment",2022,en,/61ZHBYqp9SUqL608Tov1Xwfdhqr.jpg,no_es_poster,,""
1078318,"Blood Daughter",2022,en,/z8tFB6ssRPLMqvNRREYng03DJGE.jpg,no_es_poster,,""
1078453,"Sacrificial Birth",1990,en,/6OAWT7Pdw5DaqVsTjjM1Hqw7O0A.jpg,no_es_poster,,""
1078470,"The Shifters",1991,en,/2KSIn2YJOkLIuTZVsW7dalUsD9b.jpg,no_es_poster,,""
1078474,"Dementia",1991,en,/wcCOPG7eOnRwUUGKwHcNFLudndr.jpg,no_es_poster,,""
1078479,"The Harvester",1992,en,/ci81bLlDlp5kaPQHCvDHBqwMzjW.jpg,no_es_poster,,""
1078492,"One for the Road",1995,en,/m0W72RRoHiE84M5D4X3tEwBSH6y.jpg,no_es_poster,,""
1078664,"Regeneration",2022,en,/7hGuwFLc6zzGkG0qE7sP1rUPKRH.jpg,no_es_poster,,""
1079740,"Modified Apocalypse",2022,en,/gL0UBFHuzODtqQZzdYRBIIem85o.jpg,no_es_poster,,""
1079928,"Subliminal",2022,en,/z9M6tK2e4Zcs70u4E0X2HZg8XoM.jpg,no_es_poster,,""
1080732,"Honto ni Atta Noroi no Eizo: Urami",2014,ja,/7s4neaDs7mSzkKso360WEEUwOEE.jpg,es_poster,si,""
1080942,"Salem's Flames",2022,en,/kuStAQu2s9zvIj0aVfKKzgs8ER2.jpg,no_es_poster,,""
1081790,"El Muñeco Diabólico",2012,es,/HqJrTkSGvtrTF36dLZ4J4AiSUb.jpg,no_es_poster,,""
1082344,"Frutabomba",,es,/jcwAT0kWAuZ8qVgxHTyYP1b1k4v.jpg,no_es_poster,,""
1082614,"Bug",,de,/lrcw7VKmvq5HSvXl6PwYHnMzLbQ.jpg,es_poster,si,""
1082779,"Metzger",2022,ru,/tfOHthVxvBiKcJNzpJdTQEeppqt.jpg,no_es_poster,,""
1083022,"I Saw My Death",2022,en,/hfaL436BpxjFOpF4haYHZzx7EbB.jpg,no_es_poster,,""
1083771,"Women's Crime Records: Edo Torture Punishment Chronicles",1994,ja,/jSJtzXrA2thKiwhCVtQZvvznYni.jpg,es_poster,si,""
1083816,"Haunted",1998,en,/Av169CmH6c5BzTto9aZrK96NEPk.jpg,es_poster,si,""
1084089,"My Inner Circle",2022,en,/g98Daw3NApjy06wlMKREXbb5J8b.jpg,no_es_poster,,""
1085079,"Trapped: Concrete Cell",2008,is,/bUuoZv81JBAgXiVVe22o8pFUuPi.jpg,no_es_poster,,""
1085386,"Killing Time with Lizzie Boredom",2019,en,/kwJNq4dcZT7vexGNXafuL2I2FC7.jpg,no_es_poster,,""
1085581,"Obsession",1983,sh,/wshjoni1h6fEanRosf7c4xvElF4.jpg,no_es_poster,,""
1085694,"The Bowling Alley Screen When You Get a Strike",2019,en,/qixH5NoBTlVR74b7dNjSBvazlVq.jpg,no_es_poster,,""
1086046,"Rotten Dark Image",2016,ja,/fuJfB1ZWlniOrjBMr36K5kKFE3k.jpg,es_poster,si,""
1086851,"Aradia",2019,es,/pXxglaA1b0ssr5HfRKIrfNGhH6A.jpg,no_es_poster,,""
1087767,"When the Lights Go Out",2023,en,/jc7aqwUVasBeHZOOioB12DGoc8y.jpg,no_es_poster,,""
1088798,"Evil Night",2022,en,/mNMjhro2hni5vlZXZ08qTZZ0nnv.jpg,es_poster,si,""
1089838,"23:60",2007,ja,/eZnyXjBDQTOd1bqZYPdFSGPev5R.jpg,no_es_poster,,""
1089959,"Phantasmagoria",2022,en,/cEKs7fY6k4UT8swfjZvEj5vA3JC.jpg,no_es_poster,,""
1090427,"Posted Grudge Spirit Footage Vol.4: Demon Edition",2011,ja,/rgji2yVa0lJmGa4KiZss9SklNe0.jpg,es_poster,si,""
1090518,"Karungaapiyam",2023,ta,/6ssa2D45PoAdp9lqb5r9reOsREr.jpg,es_poster,si,""
1091407,"Blood Lust",1979,en,/qYVqgTvzUXtu2LghwqWsQu0NbPz.jpg,es_poster,si,""
1091669,"ATAMA",1994,ja,/b5eZyXy8XLPnqORRRN9GTTV9Xqg.jpg,no_es_poster,,""
1091671,"Flying Daddy",1997,ja,/6bPT2dTOf8SbWbTgjFZJ45rMIVK.jpg,no_es_poster,,""
1092006,"Sangre Dulce",2018,en,/xuBmLfo9kBMNmEh7mTGSgiXnjG0.jpg,no_es_poster,,""
1092348,"L'Angelo",,it,/4ZXR0Dr08O75HDRgT0eiQXX42a0.jpg,no_es_poster,,""
1092519,"Oh Dear Lord What is Wrong With Your Face?",2023,en,/1oqPDbF256SRJvNXqRQJKC0mz5B.jpg,no_es_poster,,""
1092549,"Nostalgia",2023,en,/aR9MCxeeLmZJw5btHrjaF3Lr54N.jpg,no_es_poster,,""
1093850,"Leather",2022,en,/qB3rz9fI1NVEg9pnHvBEjfByrIt.jpg,no_es_poster,,""
1094113,"Sally's Escape from Hell",2016,en,/zCGvIFyVJKSok8Zl7I8APSacFG4.jpg,no_es_poster,,""
1094206,"Social Butterfly",2023,en,/oZe6ygE1378VsU8HrxaEHbukCKt.jpg,no_es_poster,,""
1094329,"RAW",2022,en,/OcsPHU6HfsCkWdYlIJZcsGJvsS.jpg,no_es_poster,,""
1095001,"Disco 3000",2011,en,/sLTo9p4xB0J7RtW8B0dDC0hFju6.jpg,no_es_poster,,""
1095565,"Maataraani Mounamidhi",2023,te,/wq62QUSBhd5Ym9eiMjxmUPDQUXi.jpg,es_poster,si,""
1096076,"Fish Piss",2023,en,/1M1UtoVp6CqSqBbdFuBoEkwV7u9.jpg,es_poster,si,""
1096879,"RUN",2023,en,/svP7rynkZMTcq3TORxSTNLQebuv.jpg,es_poster,si,""
1097135,"Sacrifice",1959,ja,/2DIlnGB5N3pMk6rZ7QLc6DgbgIF.jpg,no_es_poster,,""
1097612,"New Pen Fairy",2016,zh,/bq07QVrV6zxb9q7zJS9rT7bW73I.jpg,es_poster,si,""
1098173,"Animal Me",2024,en,/uQUZ8Nqw2JpTXvRzkl8BiAXlgLS.jpg,no_es_poster,,""
1099116,"Kandhei Akhire Luha",1997,or,/A1CTwq92sV7DdiVnSuBAdhEqEs9.jpg,es_poster,si,""
1099206,"Chrysalis Red",2023,en,/fi0403xhU1IpCrZJo4kHQjLgI2W.jpg,no_es_poster,,""
1099694,"Shanti Shanti Sayonara",2023,en,/xaf1sMrtIOG3tRfnvAljUggydLG.jpg,no_es_poster,,""
1099767,"Head-Hunter",2015,en,/AvBYRFnEPJVI5JQNlCv5zTGVoNY.jpg,no_es_poster,,""
1100849,"Sailor Fight!",2014,en,/o1qPz6el9pAf3vmhKNMdJX5eY6O.jpg,no_es_poster,,""
1101683,"BiPolaris",2022,fr,/ayzQtlvAeiSaaAUnrp57YMuzzJA.jpg,es_poster,si,""
1101703,"新开心鬼",2015,zh,/jHiFM1aFkJYxx643h2s8MUXi6YW.jpg,es_poster,si,""
1102006,"Angels of Death - Final Cut",2022,en,/ejHK6PNecTsw4WSSxS3TB7bxfQ0.jpg,no_es_poster,,""
1103383,"Fever Dream",2008,en,/qU7WrW81YHO0RDJ19DgZWHlkM2R.jpg,no_es_poster,,""
1103509,"Resident Evil Masterpiece Theater",2023,ja,/vOmIEeiBSlAzgEvvBulLZM803G8.jpg,es_poster,si,""
1103830,"Color, Split Screen and Rear Projection Tests",2006,en,/eZMLr8kPiHZWJ1CLjX1LD464ke.jpg,no_es_poster,,""
1103867,"Her Beginnings",2023,en,/3T5BIpeA4frdf4qIuMx7pTTxDsS.jpg,no_es_poster,,""
1103892,"Mia",2023,en,/4iDe5tdqXGWiQOjOt3occWxEZZd.jpg,es_poster,si,""
1103985,"Insulted Woman Revenge Pachinker Another",2015,ja,/jr42n4tXH9LqtJscs4Y4J79l4JD.jpg,es_poster,si,""
1105435,"Meat",,fr,/vvf5oWK4z70tp21dJ182yG2Q6mH.jpg,es_poster,si,""
1106982,"15/05/11 - ABANDONED GRAIN ELEVATOR",2011,en,/4iskGjM4JG8ljSEgdGbUT8C69So.jpg,no_es_poster,,""
1108429,"Innocence",2003,en,/sGp8RsZKX9SGP0JjGCVujKUjI1k.jpg,no_es_poster,,""
1108447,"Seed",2004,en,/vNs2c54pja8PBWssKWjBCnSoIK9.jpg,no_es_poster,,""
1108784,"A Quarter to 4",2022,es,/9gA7KJ6JpPoAYfAk3hl4UfeXTCW.jpg,no_es_poster,,""
1108895,"undercurrent",2001,ja,/jzZoP6ArcvXRF8BHm6qjZAx55t4.jpg,no_es_poster,,""
1108898,"Hold My Scissors",2004,en,/cw2gYLhjEFl0yWrueef5cFcCItD.jpg,no_es_poster,,""
1110645,"Elves on the Shelves",2022,en,/z6BDZQAKUIKadsZaGMwzbLAIiua.jpg,no_es_poster,,""
1110649,"Elf on the Shelf",2021,en,/dxvIR2faEi39oGOlUJEGRJRC4dj.jpg,no_es_poster,,""
1111255,"Prying Eyes",2023,cn,/34AWLLLWqGzyG051QyD3kBlwyru.jpg,no_es_poster,,""
1112558,"Dream Therapy",2022,en,/wyNTpzmKuvzNXjkH5vNwicdYJqT.jpg,no_es_poster,,""
1112723,"Honto ni Atta Kowai Hanashi - Special 1",1999,ja,/w57U5sq8Um0xyIsnmHZf5RQzjPl.jpg,es_poster,si,""
1113072,"My Home Is Burning",2017,en,/9anccY7heQ4YXIVbygNdh7rHLq2.jpg,no_es_poster,,""
1113573,"Judy’s Turn to Cry",2022,en,/eGa8ccIQvvAATmak2tT9HJZjBcs.jpg,no_es_poster,,""
1113900,"Aswang 1933",2017,es,/jD8TFfa9AntkRCWigE8AAdg6MQt.jpg,no_es_poster,,""
1114142,"Queens Gold",2022,en,/ff5U98wvMq5qTTvbeAfrFZ9v7LU.jpg,no_es_poster,,""
1114750,"Niemand",2019,fr,/aJeRb737Sb43GtI2Lx2ltgh6PLu.jpg,es_poster,si,""
1115700,"The Angel of Forms",2023,xx,/34nrLql1BRVeqzgPFo4NZz5QNPS.jpg,no_es_poster,,""
1116457,"Parlour",2023,en,/fxz6lYXSJ6MWc6Mqrg46jytUHYz.jpg,no_es_poster,,""
1116481,"There is Something in My Drain",2023,en,/xGIeMyvHIGcyYwcZmflcjf8aMkI.jpg,no_es_poster,,""
1117099,"End of the Parade",2017,en,/5BqSs2hVfBPixOiMrQaP4RagkuX.jpg,no_es_poster,,""
1117424,"Street of Gravestones",2000,en,/hwJwAYfFGKh8byb9fQsSG0LvFB6.jpg,no_es_poster,,""
1118185,"Pyre",2023,en,/rjdv1sOgyPKKWa3syu6ZsHUdHwf.jpg,es_poster,si,""
1118367,"Ida",2023,fr,/eiJfvxFlbTKzbJSiFrDl5PvUpqM.jpg,es_poster,si,""
1118857,"Christinas World",2023,en,/jgdupeOCyHzCRqiWVrfabgM6Bam.jpg,no_es_poster,,""
1118899,"Liminal II",2023,en,/aNNt3oonTl4E9ir0HYTphyQvvp2.jpg,es_poster,si,""
1119244,"The Earthbound",2015,ja,/45XtB7pqMajeiwqTTXupf99Xns3.jpg,es_poster,si,""
1119249,"The Yellow Wallpaper",2011,en,/mdzYgLN5vOq4AIRUDNxqYPxFe10.jpg,no_es_poster,,""
1120011,"Namo Bhootatma",2014,kn,/4f5Ur15GptYmkdprphmK5hMEPSP.jpg,es_poster,si,""
1120062,"Pułapki",2011,pl,/loJD7jvyd2QAR7E9hJJ9xfyKREx.jpg,no_es_poster,,""
1121020,"Let's Be Friends",2023,en,/o6su0ub4Y0GV6N78Da0BbuCHlTY.jpg,no_es_poster,,""
1121405,"Alone",2022,en,/hD8PjJB5rOkuzjNpkwfYotl0lDk.jpg,no_es_poster,,""
1121432,"Phoenix",2023,ml,/jcmxwDdWYYXTlejkeTTabeZ4k82.jpg,es_poster,si,""
1121583,"Vesania",2023,en,/mwbgyJ8fAJNi0JttN4XOBO8zhwn.jpg,no_es_poster,,""
1121697,"Neverending Night: The Making of Blair Witch",2017,en,/90EyLlEj60tsnQkLooWjYfFFF1Q.jpg,no_es_poster,,""
1122140,"ESPERA",2022,es,/3L0K72BLIBKwDYM0Aq1djvYoZId.jpg,no_es_poster,,""
1122220,"Untitled Blair Witch Film",2027,en,/1mi6QRfUaSoe9pTvSY4L9AHdazh.jpg,no_es_poster,,""
1123503,"Big Milk",2023,en,/qq2EbNjFJStI3EucH3HspmNiqHy.jpg,es_poster,si,""
1125365,"Mr. Withers' Apartment",1995,en,/jo6HrZhSWVsgFmpaV7T0NVcSWAI.jpg,no_es_poster,,""
1125585,"Urban Spirit Legend: Reishi Gakuen",2008,ja,/t19SfKKFmViiWfnvSUl3jRd3Ci1.jpg,es_poster,si,""
1125649,"Folklore Strange Smell of The Strange Troupe",2023,zh,/6Z3D0jLsqsMMOMtn6lITC3BEZ8u.jpg,no_es_poster,,""
1126010,"Plot Front",2019,en,/oeCYoLgxn6TlH23CQF2Utybvxxu.jpg,no_es_poster,,""
1126310,"child vini's archive",2012,pt,/9C4pho3bXkjRimeK7tLb3FShmf4.jpg,no_es_poster,,""
1126316,"Every 90s Commercial Ever",2015,en,/hLo2AXfCZ9i46g37T7MYLh3qBzG.jpg,no_es_poster,,""
1127143,"Mama",2025,id,/o6K500W5qIZzVDiBcfQ1mCMMnay.jpg,es_poster,si,""
1127560,"Yatsuhakamura",2019,ja,/snRK4JgUzCcglfNehmXniI8nz6T.jpg,es_poster,si,""
1131282,"Dumb Dumbs",2012,en,/p9Mt9XQQbVwOvvpGqcnjgm7Yqbv.jpg,no_es_poster,,""
1131806,"Rèd",2023,fr,/uW2rdmhpC1NiSj7OjuWl4Fewg4J.jpg,no_es_poster,,""
1133248,"Removers",2023,en,/7IBye9cvSgfO0riLjEgfK0JJc38.jpg,no_es_poster,,""
1134427,"Profondo",2023,en,/2I5bRzJe7zH0020iqQ8EqcYV9Qe.jpg,no_es_poster,,""
1135482,"The Adventures of Dracula, the Literal Moron",2022,en,/xLt7qLWAogIbBWnVmmUA3qKIfdk.jpg,no_es_poster,,""
1136043,"O",2023,en,/5ox1AcblK1zYCWBxcHE4YBBMOt8.jpg,no_es_poster,,""
1136508,"Strange Tangents",1983,en,/cP0pc8BsfTuAwZ4hMCUUZEB9LPg.jpg,no_es_poster,,""
1137251,"GORE",,pl,/4dL79T1cvIwQdS0HaouHLx0K5pH.jpg,es_poster,si,""
1137654,"Last Order",2023,ko,/vDRYHz2lwBth5KgaS7G8RyeupWM.jpg,no_es_poster,,""
1139141,"Sleepaway Camp 2: What Happened to Molly?",2015,en,/ld13mURh75KUFYKtR3JCrs4y3lE.jpg,no_es_poster,,""
1140480,"Ultra Violent People",2011,ja,/yNI3GC99UFT1omToWGixMZD585h.jpg,no_es_poster,,""
1140766,"The Carpal Tunnel of Love",2007,en,/yo220OQ5hQzOyWms7LPn8tWJkCK.jpg,no_es_poster,,""
1141302,"Election 2020: A Horror Story",2020,en,/cn9nApJSDkULofb13885fxf1TGh.jpg,no_es_poster,,""
1141754,"Hunting A Pigman: Part One",2020,en,/4IaRC896NTYMWGwpJEp2S82tDFO.jpg,no_es_poster,,""
1141891,"The Blood",2022,ja,/sdg3xiSpzjC5lLpKBvv2GZY2N26.jpg,es_poster,si,""
1141993,"Reprieve",2025,en,/wzaJh4k8KiNRW92YBBgV6CIsHuP.jpg,es_poster,si,""
1142325,"Shadow",2020,en,/80eX4Tee4op1Bweqk5oXDJuwYGb.jpg,no_es_poster,,""
1143007,"Blood on Each Step",1989,zh,/8lUl7KUs8DLp8ION3fYQRG1YPSL.jpg,es_poster,si,""
1143697,"Man dying in basement",2023,en,/3DC2KIhzia8WGRW2QQO4iPLtJhN.jpg,no_es_poster,,""
1144719,"Okamuro-san",2022,ja,/xeMOAIjUBuhIyTkVxYj3KMpZ1qT.jpg,es_poster,si,""
1145277,"Document Super Scary Stories: Okinawa",2005,ja,/mXmtTsW24NN6DBkrcyOauINzrDn.jpg,es_poster,si,""
1145501,"A Gift for Toby",1987,en,/2SOsUUoMQhi5ITjGfxzPZFdq0Ix.jpg,no_es_poster,,""
1145846,"Water, Water, Everywhere ...",1971,en,/37IYLa4bZxkyVoKRk4FCmzSVyuL.jpg,no_es_poster,,""
1145880,"A Better Man",2023,en,/Ab2KEBgJtWCJtDeqsX3uXmz9bM8.jpg,no_es_poster,,""
1146209,"Shudder Girls",2017,ja,/pnj561p1g9pGHMKaKaYhTEe3gse.jpg,es_poster,si,""
1146542,"Het Oog",1989,nl,/s1EzXg6H3jWOy416IoWnsayhDeY.jpg,no_es_poster,,""
1146575,"Paku Tanah Jawa",2024,id,/waVn3InmSNQHjqcBKQzvumjrrGt.jpg,es_poster,si,""
1146740,"WRAAK",1983,nl,/bZ1rCl1gWUGf0zshhlVCMB9ZTXR.jpg,no_es_poster,,""
1147023,"Snuff Film",2015,ja,/ye425u5M6COY96MXM0xrHrM8wCE.jpg,no_es_poster,,""
1147348,"Boredom",1976,en,/7Lb83ejNkLk2TqzAQIVA9ywuBbH.jpg,no_es_poster,,""
1147586,"Deep End",2023,en,/hEkee7oHLcyTmZ5QtI4ly2YxNfX.jpg,no_es_poster,,""
1148524,"Paranoid Instamatic",1996,en,/pFTDuCt6eRRaeCaOh87cOyybQZk.jpg,no_es_poster,,""
1149514,"Janha Ratira Sathi",2023,or,/bLWnuQktcpvaLzkY8rfhZHjOnpV.jpg,es_poster,si,""
1149695,"Dodenspel",1988,en,/iV0sZ6V3YyZDpRZZLc5UdRWboje.jpg,no_es_poster,,""
1149701,"Young Faustus",2005,en,/zYTe6uGurwur4dAfz44LQ3Jt9r3.jpg,no_es_poster,,""
1150649,"Visitor",2022,ja,/wZeuvNCFo4c6Dc9lq4P55LytK9d.jpg,es_poster,si,""
1150696,"Gendai Kaiki Hyaku Monogatari: Kaidan Tanhenshu",2021,ja,/hezllpLreL2Dc46qjRJIVvFupbg.jpg,es_poster,si,""
1151479,"The Love Spirit of Nang Nak",1951,th,/2sa8C8I3yPmnnyw0RVZgQazWMe1.jpg,no_es_poster,,""
1151565,"Mae Nak",1992,th,/nkvrlCFdvncXkZrFOJiIZm2yug9.jpg,no_es_poster,,""
1151593,"Eyes",2013,en,/wee2u97et3jQcBpXsdvgFykfdlD.jpg,no_es_poster,,""
1151683,"WOACA",2023,en,/zLH8zZzNZWqZGSRsN8Yn92ECz20.jpg,es_poster,si,""
1151740,"Morte ao Rei",2023,pt,/6wHfsbqCxBLusCRWDf0ZYCVK1qB.jpg,no_es_poster,,""
1151937,"Wake Up",2017,cn,/lh6u8QYJzBFC1nppmi0gWgjrIEn.jpg,no_es_poster,,""
1151960,"Ghost Killing",2023,zh,/sD3LyXKotplTnNnpMEoQeqYyRL3.jpg,es_poster,si,""
1153403,"zapeo",2023,es,/i1gqwdJyjI3y7e8IJZmX2DbVyJa.jpg,no_es_poster,,""
1153628,"Das Buch Der Blutigen Geschichten",1991,en,/5RzmZGzPOhWlMrs6QeHrlE4zKF3.jpg,no_es_poster,,""
1154187,"Attack of the Undead",1995,en,/dQA7P5MRVzdNFcWD7uY1a7U2dos.jpg,no_es_poster,,""
1155301,"Nakaw",2017,tl,/qsqiSpNZw3pzKDSMPk8C2MPypLC.jpg,no_es_poster,,""
1155643,"Tiyanak",2017,en,/uEFuVABcyn3rl2bkb0fHv0wlgId.jpg,no_es_poster,,""
1157708,"Creepy Hitori Kakurenbo - DVD Extras",2009,ja,/4mOj1iPwZSm8wiDCaSpBrxvCD9n.jpg,no_es_poster,,""
1158484,"Trees",2023,en,/9rdEsO7qfYWh09M7eIvdDAlc4u3.jpg,es_poster,si,""
1159534,"The Amazing Life of Hops",2022,ru,/tHjP1T2lFQl4EZek7HQ89kODi25.jpg,no_es_poster,,""
1159875,"The Hump Back Angel",1987,en,/y0lR0dimT9pZpZOa3CErgVfcyxC.jpg,no_es_poster,,""
1159987,"Presommar",2023,en,/qVyWH1tvT0quaMp1qEjBdeBB766.jpg,no_es_poster,,""
1161738,"Cure",2020,en,/kKkDtcCuSYuZEvKHjr5xeELnj5n.jpg,no_es_poster,,""
1162056,"Peering into the Darkness",2023,ru,/xLGkRIYt6ZQFXi7vn7flSoHpJUk.jpg,no_es_poster,,""
1162791,"Mamántula",2023,es,/iodTtVpD5iNqejWrXSPYtVrvewr.jpg,es_poster,si,""
1162936,"Babushka",2023,en,/v82I6DZQX152J5we8B3RGMqa1vt.jpg,es_poster,si,""
1163427,"JOHNNY ANTHOJOHNNY",2023,en,/tA7ANoCy4HwLm4OBuIhjXHymrDs.jpg,es_poster,si,""
1164853,"Angaaragan",2023,ta,/kPByMKPM4rrOAys32pu76KYIDyu.jpg,es_poster,si,""
1165206,"Tokyo Videos of Horror 18",2018,ja,/iCTojK0cvEFQimeve9rjp7B66eQ.jpg,es_poster,si,""
1165396,"Tokyo Videos of Horror 19",2018,ja,/v0ahXqq7zwLRH7xcw4Qbx998ap6.jpg,es_poster,si,""
1165927,"Maternal",2023,en,/cWtJ2juQAc5RAPMb7uNQrQkELvy.jpg,no_es_poster,,""
1166109,"Namade Kowasugi!",2015,ja,/68SLjbOtTAvAmYgVwuCS41UfGMw.jpg,es_poster,si,""
1166538,"THE OTHER WORLD",2024,xx,/fbfiraHRV8yKHGpURxPrYnXvflr.jpg,no_es_poster,,""
1166947,"Haunted School",2001,zh,/6rdY8W3qxHZE29HTQQodGYvm57j.jpg,es_poster,si,""
1167764,"Sympathy",2004,en,/y5bbHWArS502tHbZIewiPMZFFoY.jpg,no_es_poster,,""
1168088,"Screwed",2011,ko,/vr5pIstYKHD1bqUPudIHIWC7sTq.jpg,no_es_poster,,""
1169449,"To Lie in a Field and Grow Old",2023,en,/5KL5miqr2gpYcVfwrJsrqFKUH47.jpg,no_es_poster,,""
1169957,"Spine-Chilling Short Stories Kowabana: Scary Woman Kyō",2014,ja,/a9iBOcwMsSlQnWvMSDcWXdabImk.jpg,es_poster,si,""
1170057,"Maniac: The Making of Documentary",2013,en,/mAQ5ShuVu9otrgxPPVDBIpgSuFP.jpg,no_es_poster,,""
1170797,"Everything is Good",2021,en,/67OaeMhwnukNaO5iJMq7sJF5wgR.jpg,no_es_poster,,""
1171035,"Quest of the Perfect Woman: The Vampire of Marrakesh",1933,en,/AgGaKiFYZ1EBkcqU3b3J2o39AOH.jpg,no_es_poster,,""
1171300,"The Abandoned House",2020,pt,/9AtLZx66ofxB7XdpxCE5p1aNumH.jpg,no_es_poster,,""
1171889,"The Wandering Soul",2021,en,/38oUGW34fDUtc4eWEgiuibYj8vA.jpg,no_es_poster,,""
1172010,"Hydro-Samuel",2023,es,/j3FHlkxPzyeQrWrCuydWcEEU7Ba.jpg,no_es_poster,,""
1172388,"L4ST",2014,en,/qDaC49RoA2K7Jy85n3MG7gtmu8I.jpg,no_es_poster,,""
1172414,"Aje and Bruja",2023,en,/3XN9gShpz8tHwSW4SLQTn3jp8Na.jpg,no_es_poster,,""
1172571,"Hov! (Famous Last Words)",1989,da,/9jkk3ZsQEtMuaRhAtN3NBW3AOiP.jpg,no_es_poster,,""
1172678,"Cannot Play Title",2022,en,/oVZYb103cNyednPMbCfhqxOuiGP.jpg,no_es_poster,,""
1173124,"Pill Head Ed",2020,en,/n2GIx0cYKoSNTAgNVeFNtCE1HNT.jpg,no_es_poster,,""
1173168,"That Butler, Friendship",2009,ja,/sMV5acxGrUxDmRT7y1KIgXTOUlI.jpg,no_es_poster,,""
1173275,"The Lost Goddess",2019,en,/e9MJuXvM23AGCZreLJytQnWCGKR.jpg,no_es_poster,,""
1173424,"The Ghost Chasers",1966,cn,/biMRznxAkSM0nlOBkEPHG4gsUT4.jpg,es_poster,si,""
1173434,"Bitter Fear",1966,cn,/3r4u1YHVTZpeHsDaDp9RzvuRGMc.jpg,es_poster,si,""
1173609,"Phantom of the Jade Chamber",1962,cn,/v3nyT7AjyB4yaMl8UK4zIrsLXer.jpg,es_poster,si,""
1173781,"Trauma Under the Car",1962,cn,/hHlFvvSyxUK5OreXWIWydzDyWnr.jpg,es_poster,si,""
1173833,"The Serpent and the Lovers",1961,zh,/m2iJi5iBmhaHs6XtVyyvLCB31Yd.jpg,es_poster,si,""
1173947,"A Shadow over the Chateau",1960,zh,/mtF1bYhEWhHpjTFfkQfD4Cc2ffV.jpg,es_poster,si,""
1174247,"Haunted Bridge",1957,cn,/e5TB1ZgrtE9PTgAuRpfSFlmmuRS.jpg,es_poster,si,""
1174342,"Burning Passion",1956,zh,/y9fOQ7QViv8RfDXjv6IgaOvpcBm.jpg,es_poster,si,""
1174494,"The Haunted House",1950,cn,/1IFCOhbBWctqUAe6qIIzOvMqZbb.jpg,no_es_poster,,""
1176999,"NAILMAN³- RETURN OF THE REDEEMER",2023,de,/1zc9lzVGQxkPKEuhzGtVcFGm3vB.jpg,no_es_poster,,""
1177018,"Vampire",1999,en,/oXTH1zMAPO1lRJJVcIb4VynkYUT.jpg,no_es_poster,,""
1177462,"To Thine Own Self Be True",2023,en,/x3Kh2eA2fa22tKkpi1CV4OLJ5to.jpg,no_es_poster,,""
1178529,"Zetsuosore Taikan Kimodameshi",2014,ja,/iflpXVV1CKsZr8RMmUVrqN8xcvL.jpg,es_poster,si,""
1178873,"Dragging Woman",2021,ja,/n4sk6xL6WSKdqj4Jzbt4Qc30UVq.jpg,no_es_poster,,""
1179402,"Don Khamod",1973,th,/nzC1vXYYv8PU8XgFRxBECAkgWo1.jpg,es_poster,si,""
1179549,"The God of Death",1971,th,/jt5RibKBwMMoiTh4XwYaQn3VDO8.jpg,es_poster,si,""
1179729,"Pi Kaew Nang Hong",1970,th,/e86MbeprSfw53beSk2A7htAj4Bp.jpg,es_poster,si,""
1179790,"Golden Sabai Goddess",1970,th,/bR5RMcfDDQtuvXqGmEVWv5j7grZ.jpg,es_poster,si,""
1179922,"Plantlife",2020,en,/9WOA3f3JeDPtPHRr3NOmgqV9uJj.jpg,no_es_poster,,""
1179996,"Golden Eel",1969,th,/kCL8ac6Vr7ueR1Wo4ndsYlFF2Oy.jpg,es_poster,si,""
1180354,"Goddess Panthong",1967,th,/8bXzUNpkj3ItVV0t2FHfl3TjCHr.jpg,es_poster,si,""
1180377,"Boonpeng Iron Chest",1967,th,/24iRFF0hJyeLqZOrgCWZdKkCiye.jpg,es_poster,si,""
1180529,"Blood Love: Nang Prai",1964,th,/eJKY9cwIRsLfOhiHpOplV41f2f8.jpg,es_poster,si,""
1180756,"Krai Thong",1958,th,/cFa75mrBY7uRMIuK5m0k2LuWtiZ.jpg,es_poster,si,""
1180853,"Autorretrato",2023,pt,/wijsAP0VXGiMOST1VVM0PQZVRfp.jpg,es_poster,si,""
1181746,"515",2015,en,/6EV9YJ9NiiVljAfasQlIz07BqFr.jpg,no_es_poster,,""
1182169,"Smoker of the Future",1985,en,/utGU2zFm8VE9zuicAcbkdTQzntn.jpg,no_es_poster,,""
1182750,"Give Me Something Good To Eat",2020,en,/lAgoNmC2qlIaXOxhYf0tZQw0giw.jpg,no_es_poster,,""
1182752,"Answer Me",2020,en,/m1ufnAkBjPIhgfoeQlvC4ZD2cE3.jpg,no_es_poster,,""
1183797,"CannibAlien",2009,en,/AhiMn4vMqvxNkvUvhN03rh9f7U1.jpg,es_poster,si,""
1184925,"Midnight Oxygen",2027,en,/1cbqKt4xp67ckCWD0zVRmN5qPyO.jpg,es_poster,si,""
1185377,"PCME",2020,en,/fmMByc54MhkvK351JDnf16baMgu.jpg,no_es_poster,,""
1185950,"Black Forest",2023,en,/1xuxtGteqN8Z6TvOcaAGCF0y2dc.jpg,no_es_poster,,""
1185980,"Black Forest 2",2023,en,/16jbZT2vDQIdS41SGyH9bTvS3Fg.jpg,no_es_poster,,""
1185988,"Black Forest 3",2023,en,/6amaA9GonjhrPFuK1MHc5NaF08Z.jpg,no_es_poster,,""
1187964,"Crazy Skier Man",2023,en,/s0XzAv5T49iNJLX6DczYWg7xELY.jpg,no_es_poster,,""
1189043,"Party Monster",2023,en,/c2yH89njxLApIDyUkYou4ZXTjlr.jpg,no_es_poster,,""
1189352,"Beast",2023,en,/ryF106pMHMZq2wAl7XLpLULyZY0.jpg,no_es_poster,,""
1189888,"FARN PORM",2021,en,/AqtlHy8s1XPiEJBneWmoVSa2fY2.jpg,no_es_poster,,""
1190772,"There's Someone In My House",2022,en,/jcbFxRy1EIgjmm0WJ77DhnCGzlK.jpg,no_es_poster,,""
1190953,"The Mystery of Nam Prai",1983,th,/4f0WwMn9uuiL10BCDxnhm1CKZDa.jpg,es_poster,si,""
1192020,"Wandering Souls 2: Exploring Haunted Spots with Oda Nobunaga",1999,ja,/sf8axFeCJXHrGoMbdDQGaMlCZ2T.jpg,es_poster,si,""
1192385,"The Injection",1991,it,/kc3KJnivzry2BIVOv7NVUg7pD1E.jpg,no_es_poster,,""
1192386,"The House of the Living Dead: The Injection 2",1997,it,/bsfWgLit3jyUFEiu6y4Qm4DgSZt.jpg,no_es_poster,,""
1192652,"Scary Fairy Tales: Cinderella",1999,ja,/gvn4GBOTJCjNYeM5mQfknWj1Vva.jpg,es_poster,si,""
1192921,"Toast",2022,en,/zxF8xRoWw68pa4MGWn2uOoqUIl8.jpg,no_es_poster,,""
1195581,"An Occurrence in the Countryside",2023,en,/fYij2tZNrH9X8B7BfFgSjRGDzer.jpg,no_es_poster,,""
1196070,"Hellmouth",2022,en,/hn1DEkGI9ZNbEN5jSOpuvoQVn8H.jpg,no_es_poster,,""
1198050,"Tree Ghost Story",2021,ja,/5CJ0cVXjpRKb8C4l1dhfwFxKOFp.jpg,es_poster,si,""
1198084,"Amofinado",2022,pt,/4Mi7fAGIwququpndzWfCjFBc6kq.jpg,es_poster,si,""
1198378,"Lunar Oddities",2023,en,/bca1EqcrQao0F8IXYxOPU4bFX8y.jpg,no_es_poster,,""
1198870,"Return",,en,/bgnpQbZf0fSVAtF80T0bJkDzRMi.jpg,no_es_poster,,""
1198873,"Busung Katak",2022,ms,/vwfUV1Rh7UCiYvnijerNnSZ7FvC.jpg,no_es_poster,,""
1198987,"Fed",2023,en,/96n79mox2suJCTRUS1c4gncNMnm.jpg,es_poster,si,""
1199073,"Angel's Snake",2003,cn,/20nk0qR1Ys5E0Xtj5HkXASLXitf.jpg,es_poster,si,""
1199122,"Scary True Stories: Night 2",2005,ja,/oln1s7oWHUocmEz6YfypbBERhM7.jpg,es_poster,si,""
1199364,"Emma",2025,fr,/qjEcIdirbkmvaM9r1KkRYhI4e4m.jpg,no_es_poster,,""
1199569,"Sonorité",2007,fr,/oHI3HAmDchX7ehIT6soAcovlkGz.jpg,no_es_poster,,""
1199584,"6120",2007,fr,/9hQ4BE1x42o4T4rDP2AjNfoUNMe.jpg,no_es_poster,,""
1199661,"Stripped",2023,en,/pVoWFQCzip4gpHA0DG9OfsICqcz.jpg,es_poster,si,""
1200167,"Abandoned Explored",2022,en,/iq2uTraTZbO3oGuoHY0FbYl0WoF.jpg,no_es_poster,,""
1200519,"Spaghetti",2023,en,/65TPNdfxsPjwYE2CmJHM2yS8mYW.jpg,no_es_poster,,""
1201038,"After Sunset",2009,ko,/t1gLAjzw7eEaUMiSVQM9Z5Q843x.jpg,no_es_poster,,""
1201188,"Ojos",2023,xx,/9kSyYf9Jk1HCleFAo39okDM1oQB.jpg,no_es_poster,,""
1201198,"7",2023,xx,/k5xewEPRNaDeZPfFv0x0QXYQ0Pj.jpg,no_es_poster,,""
1201202,"M is for Matador",2016,en,/nGmCv89FZesLbLxKRUbvRtrzfSD.jpg,no_es_poster,,""
1201979,"KAMPA",,pt,/w10CkZJ3BaPJ3V2kmaWATxlLFiZ.jpg,no_es_poster,,""
1202100,"Joshurei",2023,ja,/ef1DeARW4Bui3tfozPMho07GFI6.jpg,es_poster,si,""
1202913,"Insomnia",2023,es,/yTuEBdWJ96fYs7MvueaKeGX6Pcj.jpg,es_poster,si,""
1203023,"Travels of Lord Mito Pt.9",1956,ja,/eZxp9vVzGW4OricpqtbzqRL7DES.jpg,es_poster,si,""
1203676,"Clone #13",2023,tl,/eQzA0qPXwHT87hkNt61lDFMZ7cy.jpg,no_es_poster,,""
1204029,"Schooleater",,zh,/jXRAKbVaiLt6X68FXqrwsyYls2t.jpg,no_es_poster,,""
1204908,"Shin Kaishaku Banchō Sarayashiki - Okiku-dera: Temple",2023,ja,/m7b3twbiLyfDL5wzzYsz2zJfOvH.jpg,es_poster,si,""
1204910,"The Middle Way",,th,/kgghdtQvZibL5YTviGtUOgRMeMY.jpg,no_es_poster,,""
1205084,"Stalking",2023,en,/xcwqVXJai2laTWdf2S0lFzOUtOF.jpg,no_es_poster,,""
1205694,"Sisters",2017,fr,/zIKq1UFA2gd2bOT7FuerPmjn6Gy.jpg,no_es_poster,,""
1206152,"Aunt Tigress",2007,en,/fP8fLLvdIOsdOBzUTvZIMERo31Q.jpg,no_es_poster,,""
1206471,"AGOURO",2023,pt,/qj1KK9HVtw2uCnP6TbEQI3bLqDU.jpg,no_es_poster,,""
1206990,"Skinny Puppy: Too Dark Park Archival Footage",2005,en,/9UuOkdfs0dI3WrJ1OXwIh4TDXop.jpg,no_es_poster,,""
1206993,"Skinny Puppy: Last Rights Archival Footage",2005,en,/3Q95CxCPSXtd0k76VYiO4HfRx3l.jpg,no_es_poster,,""
1207227,"Cruel Sea",2023,no,/rGvyIyVyIgFwptoXZQH3P2IZUAG.jpg,no_es_poster,,""
1208355,"De Weddenschap",1987,nl,/vIKLlmMMkEk0NlHQBgdrXSk8zd0.jpg,no_es_poster,,""
1208397,"Lexi’s Vengeance",2019,en,/7VurpucCfZWCtqW7F7TKkLCKAHV.jpg,no_es_poster,,""
1209994,"Error",2023,en,/1D9LRPyvwZZV1I5MND6R4wmAI19.jpg,no_es_poster,,""
1210047,"Aranam",2024,ta,/im52GNQksPZkTWVHuWpk3cAMlDi.jpg,es_poster,si,""
1211170,"eksp111000anim111111.mp4",2023,hr,/gTzY7IJJyBEtZTsfxsaRapYTqpl.jpg,no_es_poster,,""
1211305,"Howl If You Love Me",2023,en,/tEKTEeFGd75MDTDAhjNReETejZ6.jpg,no_es_poster,,""
1211899,"Ghost Runner",2012,en,/qOpz4UziC0gINBuBZRTRIpiOYnA.jpg,no_es_poster,,""
1213180,"Sang Remords",1998,fr,/g5H3FMCYIAc4N7AP9ejURhsc0ja.jpg,no_es_poster,,""
1214905,"Trinil",2024,id,/3TmCcafUXjqLuxO6JUT8jfjlCZd.jpg,es_poster,si,""
1215044,"Body Trap",1992,zh,/fSm8FGIeVSizQ3PcOVuUDELwXIZ.jpg,es_poster,si,""
1216059,"Olf’s Supporters",1987,ru,/am6jl4u9o844pG2Kvkw7dYngPDq.jpg,no_es_poster,,""
1217141,"Paroxysm: Fear",2022,en,/uCD4117UC3CbB7JPgQvsihP2Cm.jpg,no_es_poster,,""
1218245,"Hellhounds",2024,en,/n5UA9BdqfhdPATA0HLSCntxVeU5.jpg,es_poster,si,""
1218320,"The Crimson Thread",2014,en,/3FuRgkqC1ppCTpl2QSYzxMFuAYp.jpg,no_es_poster,,""
1219673,"Morbid Montage",2018,de,/h72ovCQGoL764FpXIhhbM6KUHUb.jpg,no_es_poster,,""
1220252,"The Pointy Slippers",2023,en,/61gBDzJtFGOnqYXGluKB2KNuPvY.jpg,no_es_poster,,""
1220993,"Nightmare Resort",2023,ja,/tOFLK65MQ5zuIkheV2E7Z4dZRLt.jpg,es_poster,si,""
1221032,"The Secret",2021,en,/aNmhc07kK8OAoUGlFpJU2Nb6jYG.jpg,no_es_poster,,""
1221066,"La barriga del diablo",,es,/qSvWPYyMalIYRCt3N9Iom8Rsdt2.jpg,no_es_poster,,""
1221574,"Grandson's Summer",2004,ja,/3i00ad9jWL4PdUN14l7gafAV98B.jpg,no_es_poster,,""
1221578,"Specter",2005,ja,/93ACHXHO0mMHzWshqi02VvqPQAC.jpg,no_es_poster,,""
1221579,"Smoke Gets in My Eyes",2006,ja,/pFr0BZxTY5pOMQcNJEfXNuQ7dOR.jpg,no_es_poster,,""
1222617,"The Monkey's Paw",2014,en,/cufuSQ8YjQWantF22lsKgZJLufg.jpg,no_es_poster,,""
1223546,"Strawberry Lemonade",2026,en,/n857xWnZix0dJQjPtUJoNufaaBn.jpg,no_es_poster,,""
1224602,"Dear Joan: We're Going to Scare You to Death",1972,en,/7UiC0drORozd10jfRaX6IQBcC50.jpg,no_es_poster,,""
1224917,"We can no longer help you",2012,en,/pfpn6cS4FvGuL1Gc80H5DXNtFp4.jpg,no_es_poster,,""
1225067,"Silver Night",2023,en,/5a2kVHs5Ao0PQfw2i3FdgdHil9o.jpg,no_es_poster,,""
1226341,"Kaidan Shin Mimibukuro Nagurikomi! Gekijō-ban Tōkaidō-hen",2012,ja,/28Y6PuUqmEMdpmADqn2bZUem7C8.jpg,es_poster,si,""
1226606,"Beauty with White Breasts",1981,ja,/icHWWb0xCn0CjoMNH0UurxqO1r7.jpg,es_poster,si,""
1227615,"The Tragedy of MacWonka",2023,en,/zCCg8KmK2B91Gu2xdglDA2CeWIr.jpg,no_es_poster,,""
1227630,"Ancient Skeleton Joke",2023,en,/5td8LhpiMMmLQfYW01aILWrkE7q.jpg,no_es_poster,,""
1228784,"Squareworld (Short Version)",1995,ja,/oyezEpJBCbZBg1vVkyp5Ari4LGY.jpg,no_es_poster,,""
1229212,"Flickering Fears",2024,de,/8NFRuPCdVbAu4mqby7d4GddZfUh.jpg,no_es_poster,,""
1229799,"Filming Hole",2023,en,/47fCI0na1Oj509As2EBYDVmmChS.jpg,no_es_poster,,""
1229906,"Family",2024,en,/rQ58nnGx5FiSM4Gr3MaNnbTxaLb.jpg,no_es_poster,,""
1230719,"THE WORLD IS CONSUMING ME AND I CAN'T RUN AWAY FROM THE FALL",2023,pt,/nTkmoh8uCpcXtxi51txOIc6DtgC.jpg,no_es_poster,,""
1230796,"i am saved",2024,en,/yai8fTRGnHtp67yv5SBSTSSxzLr.jpg,no_es_poster,,""
1230992,"The House",2022,en,/o94pZRb0l2zk1n9nAL9a9ab5MTb.jpg,no_es_poster,,""
1231045,"Otis The Giant",2024,en,/lcaEc4Xb1lT5VI71eiVO2KHiiGz.jpg,es_poster,si,""
1231268,"Kyoto Yokai Map 1: A 900-Year-Old New Bride Living in Sagano",1980,ja,/5ZYNci9Wo5mEu39ce0dseQXdjJy.jpg,es_poster,si,""
1231306,"Blood Pizza",2024,en,/dkzPyp1TFeF2YFlWWCz80dtv73V.jpg,es_poster,si,""
1231585,"Just Leave",2024,en,/gB24BQLOZg8kk55kJRvHpbSvj6b.jpg,no_es_poster,,""
1231764,"Stash",2002,en,/u850tsWm4vZScsCI3lt9SH9ojDZ.jpg,es_poster,si,""
1232099,"The Big Sink",1993,en,/xcViXCdUiQ4qxWNyimWM4zDk5sd.jpg,no_es_poster,,""
1232290,"Night Rain and Autumn Lantern Hear Strange Stories",2024,zh,/gY5atQIvrayB8Nx37Kfn9lbsEjz.jpg,es_poster,si,""
1232818,"Desintegration",2015,fr,/vBLSht2HZniRxvbDeJbj1MSsPUi.jpg,es_poster,si,""
1233557,"Offering",2022,id,/sETpLO1MYRGi351PhyUw9WBWg7F.jpg,no_es_poster,,""
1234069,"Flame",2022,en,/dcJWJX1wmwUuadKFhG6Qw71PE38.jpg,no_es_poster,,""
1234070,"Into Death",2022,en,/3KVgCrtHEgibtPEgY93CqhQ6L78.jpg,no_es_poster,,""
1235608,"Black Magic",2015,id,/mMemMekbAh9B9oWW9DlOS192oXL.jpg,no_es_poster,,""
1236761,"Gracey Manor",2020,en,/3W7C0XOLVopOzfoZLNFYJhhl4OE.jpg,no_es_poster,,""
1236998,"Modern Urban Ghost Legends: Terrifying True Stories Surgeons Cannot Speak Of",2011,ja,/iSTI501bi8vjOl1EvQstBbynFZY.jpg,es_poster,si,""
1237783,"Catula Theme Song",2021,en,/vsijgplKdqraoKkXGcZsOQ23II8.jpg,no_es_poster,,""
1238437,"Brides of Boogeymen",2023,en,/eRKHB7FR0stTjQrYFUX8Ml76cUV.jpg,no_es_poster,,""
1238742,"Photographic Valarie",2023,en,/qfZa9rFAJLi0ERsDcMNeW9BhejL.jpg,no_es_poster,,""
1239395,"Delivery",2024,en,/4vG4coVEMNTISZbJZd0WZHYUg3C.jpg,no_es_poster,,""
1239602,"Bernisa, jača od smrti",1990,en,/kyMAFCRwqIeq0FJnelATMhCOeHO.jpg,no_es_poster,,""
1240095,"TO PLAY A MEMORY",2024,en,/mEf4TgOWUhE3S1ADUjvaHUyETBw.jpg,no_es_poster,,""
1240711,"The Crone",2018,en,/ncHpIKywFx53PtLeF1uOxPpXl7o.jpg,no_es_poster,,""
1240814,"Incidental 38: Strange Action At A Distance",2024,en,/rXdNLnsmuVOWL25rSaqKRau9X4a.jpg,no_es_poster,,""
1241429,"Geji: The Spirit Hunter",2024,th,/8nhaw4NaIoS7GVVBmpVZm7I8s3S.jpg,es_poster,si,""
1241689,"Junji Inagawa Horror Video: Pandora's Box",1992,ja,/d2qzlR6YYRA33kQ55jJfmcv5ZmK.jpg,es_poster,si,""
1242176,"Aviya",2023,he,/l6UhiGWFAupNsNdYLgAHaZHj26j.jpg,no_es_poster,,""
1242644,"Bits",2024,en,/yIrUncMzpWTtHA9iT8DyAh6cDyG.jpg,no_es_poster,,""
1242905,"Spiritual Tours",2018,ja,/dy7tPhCvy4bKSGFlkeS9XPTl44n.jpg,es_poster,si,""
1243795,"River of Desire",2020,xx,/3XgsU2QU46S0gKz3tLCtJqZLEfY.jpg,no_es_poster,,""
1243879,"Prom House",2023,en,/ca9DNfQrjYRqNlBQeW0MztqKak1.jpg,no_es_poster,,""
1244017,"Bug",2020,en,/8q2qfc369tSpoZcGmBta4oxljDL.jpg,es_poster,si,""
1244062,"Vimy Bridge",2024,en,/yEpronip8rFLySLwmMUkvCVTmEM.jpg,no_es_poster,,""
1244831,"Nozokiana 4: Cursed Video Edition",2017,ja,/cmrLH2GFihScYMQgTcBaSFlYFeG.jpg,es_poster,si,""
1245162,"Headcleaner",1999,en,/rOiSQwuWHdwM22SiKJOmKhmvF8k.jpg,no_es_poster,,""
1245342,"Battle Spirit Footage: Fight of the Living Ghost",2017,ja,/2Efw95vDNz2GxV9ovKRZIcLsg4N.jpg,es_poster,si,""
1246382,"The SMILE Tapes",2022,en,/iDHHWyHxNndgc8bvzMy5ahglVBC.jpg,no_es_poster,,""
1246416,"Vita Carnis - Living Meat Documentary",2022,en,/dElz0tbNrbKu6eN3v02ZBaCilMH.jpg,no_es_poster,,""
1246777,"His Nightly Terrors",2024,en,/kjPQ5JYezkL6N81Ejp9pIhgOUit.jpg,no_es_poster,,""
1247181,"Earworm",2024,en,/s9BogzfTMtNEpYg2XsTCdnOhiTs.jpg,no_es_poster,,""
1249037,"Dracula",1972,de,/20rZXGb759ymSFMbeS0kucfB7g6.jpg,no_es_poster,,""
1249052,"Kyoto Yokai Map 2: A 400-Year-Old Ice Woman Living on Kirara Slope",1981,ja,/pklHgVOruEu9wM7CTB4VdYEME8z.jpg,es_poster,si,""
1249591,"Terrifying Spirit Disturbance Video: Attack 1",2013,ja,/iICoGbA3w0f6qIrGM05GZ2KGgHy.jpg,es_poster,si,""
1249600,"Terrifying Spirit Disturbance Video 8: Darkness Edition",2015,ja,/wxLGtiJEuYhLR0DEymOyPp4j3Fg.jpg,es_poster,si,""
1249950,"Submitted Spirit Video: Omnibus",2014,ja,/pTSnoNxxe8QVs0FhkY0mq9UL5ol.jpg,es_poster,si,""
1250785,"Pursuit",2021,en,/2c0gO2NZRfMSRX58NeeXXkDfi0j.jpg,no_es_poster,,""
1251427,"The Garden",1996,en,/cCFUAGEZvSaXTyYIir5CBrz4VfH.jpg,es_poster,si,""
1252768,"When the Blood Flows",2025,pt,/vRZ2SbBbtFNRdkdf2FgRZnJHRte.jpg,es_poster,si,""
1254195,"T. Rex In The Atrium",2010,en,/cYnpt0bW9dRddYJBg55rZWf0OFS.jpg,no_es_poster,,""
1255394,"Ceremony of Innocence",2018,en,/oXRiYhgBqj5Gn6WwMDrcYvde0Yt.jpg,no_es_poster,,""
1255452,"Dokugeki! Noroi no Shinrei Supotto: Gokuraku",2017,ja,/dpLOMOtADBTYZGrhmI81sELy6CR.jpg,es_poster,si,""
1256281,"Anansi",2024,en,/1xd0vB456noEHIgwDrGo6K7NGTS.jpg,no_es_poster,,""
1256728,"Short Shits",2024,en,/jKXhOlWc6JBIRr5noptwEulva5x.jpg,es_poster,si,""
1256805,"Mouse",2024,en,/pCkTJjMk8xvtlaRR6lE5HNlbCBM.jpg,no_es_poster,,""
1259442,"The Blademan Cometh",2024,en,/3IHmlRxqViWeSmQe19DcoUPPBal.jpg,no_es_poster,,""
1259973,"Tommy Can't Sleep",2017,es,/mZDEf043NSb3HhVn9YgmpEVHdre.jpg,no_es_poster,,""
1260195,"Zombie Door",1970,en,/66MMZGHmG0Mci4S1JXyNyHmRh86.jpg,no_es_poster,,""
1260835,"777",1997,en,/7nsbGYR3t4r9jBxdRCIZiKlzoPU.jpg,es_poster,si,""
1261094,"Infinite Skies",2011,xx,/t0Fv76ed8tUDrn0BEJexJzZd9Zn.jpg,no_es_poster,,""
1261260,"Blood Relative",2004,en,/qfdlFSqRBA584lJ1YuuzIPGvBZp.jpg,no_es_poster,,""
1261582,"The Great London Mystery",1920,en,/vFuLdNDDNyM8ck2Gqvv6MHvClqw.jpg,no_es_poster,,""
1261644,"Der Hund von Baskerville - 5 Teil: Dr. Macdonalds Sanatorium",1920,de,/f7bHhJqi0APgiKiqUg814yUpzA1.jpg,no_es_poster,,""
1261861,"When the Moon Returns",2024,en,/c2D4xoRace4riYU4sbfYP9Na0Hh.jpg,no_es_poster,,""
1262456,"Nailed",1913,ru,/2MfpYrGz1NW69a78wXacnexWeBa.jpg,no_es_poster,,""
1262808,"Chewy Thanksgiving",2024,fr,/zlHpjZQmJXzDnvaI0yhBUWvi114.jpg,no_es_poster,,""
1263175,"Night",2024,fr,/lB5P8iyUxT2WA0xXetVaED7f5na.jpg,no_es_poster,,""
1263426,"Heaven and Earth Are Righteous",2024,zh,/kQka8mO1iXnSkTOrf8VDAyFgUhq.jpg,es_poster,si,""
1263600,"Samhain",2023,en,/sk3XBdYHILwiiYsVypTmkIx55dG.jpg,no_es_poster,,""
1263634,"Don't Trust the Doll",2022,en,/3r6k9H0sfZum1fjTI1DvOolnRrq.jpg,no_es_poster,,""
1265218,"Easter Bunny From Hell!",1985,en,/n0VWI1L8q2dOcAeCrhF9W0A2CD0.jpg,no_es_poster,,""
1265611,"Goedenacht",2024,fr,/Cd5n87FwfW91x3eijavSX6jTH2.jpg,no_es_poster,,""
1265651,"Algo en la camara",2022,en,/jxu0z8VnZ5s2np4IPw1eEgavy8k.jpg,no_es_poster,,""
1265797,"Ritual of the Dead",1937,en,/75ynrvZ6YhmxHdPVZJAvrHpFj2v.jpg,no_es_poster,,""
1267079,"The Ghost",1940,zh,/mefi6BesPbsZjQ095RTHVCSzehr.jpg,no_es_poster,,""
1267153,"How to CREATE a FOLDER!!! (Comprehensive Tutorial)",2023,en,/znURDuJSCBMb61L1kpx2DKarKWq.jpg,no_es_poster,,""
1267268,"Bride Meets Ghost",1913,zh,/3zHLrS34KXZ8DnFEJEKqe7RNvXN.jpg,no_es_poster,,""
1267318,"Sawman",2018,en,/4YrAUQRSQitDuD4zcZ0GkAiwJrf.jpg,no_es_poster,,""
1267448,"Kodama",1998,ja,/wMNg4gFvV7JlFWcrPRJrCV01H2W.jpg,es_poster,si,""
1268401,"Psychic Documentary: Forbidden Spectral Manifestation - Do Not Watch!!",2009,ja,/3icdggmPM7cNPFDISBF1J995P7k.jpg,es_poster,si,""
1269413,"The Cursed Plate: Dish Mansion at Hell's Banchō",1981,ja,/vp1zEZ3nbA6NC9DRiwx11gdqVRb.jpg,es_poster,si,""
1271419,"The Jingle Man",2020,es,/pZUMGJtnbC8rDBe7mu3nL3UKgn.jpg,no_es_poster,,""
1271607,"The Sclera",2023,ko,/e93xTEFBnlwX6oBKuAmYZetpcAH.jpg,es_poster,,""
1272300,"Foreclosure 2",2024,en,/4oURJWpf1kJlqNmPHVfOi1vQDIJ.jpg,es_poster,si,""
1272407,"Killer sprite mega movie.",2022,en,/ri9aFZjUDXMAkXo6rb5UVRLWHFp.jpg,no_es_poster,,""
1272803,"Fly Trap",2024,en,/3Ijy6hSezCyYK9hZjI8eidnOO1p.jpg,no_es_poster,,""
1272868,"Our House",2024,en,/mwBQDd28lUEE55ZoZPgwElxKUVY.jpg,no_es_poster,,""
1272966,"Sneck",2021,es,/9HYelQ0MVv0JS1GlgZtmlZ7x6RQ.jpg,no_es_poster,,""
1274134,"I Live Here Now",2026,en,/rzbbtzA50E66aUFNWcLMKFeUMTw.jpg,es_poster,si,""
1275254,"Dla otwartych oczu",,pl,/pQ0pVnNN8bTDwXGV3VPVxeCdAfW.jpg,no_es_poster,,""
1277003,"Empath",2024,en,/5BWK5lpQx3Hrjq5eBeVl8dfMb3R.jpg,no_es_poster,,""
1277901,"NETIVIM",2023,he,/lnxHdageB3DA3O9qXOfbjp5IiGU.jpg,no_es_poster,,""
1278048,"NOVO JOGO DO BOLSONARO",2024,pt,/dnvboteu2y4M4aT24sSv9QuQaS7.jpg,no_es_poster,,""
1279271,"Deathless",2018,en,/CBvpeDwhf9YAMnLWr7Lcx5baTH.jpg,no_es_poster,,""
1279626,"Kumare",2018,tl,/5dfHQgBlhgnhGh13zGbOJpFAjBq.jpg,no_es_poster,,""
1280081,"The Vivisectionist",1915,en,/3rqqTbmlPslJl62fqJRV7Rx8qA2.jpg,no_es_poster,,""
1280215,"From the River's Depths",1915,en,/wYlx7MpxhsMvvf9hC23VmEEKlZk.jpg,no_es_poster,,""
1280274,"I Am Not Here",2024,xx,/2TT9ZH1ZpH7GUkfNF7LvKxQstgR.jpg,no_es_poster,,""
1280889,"Hollow",2014,en,/qeRMFX3LATAHK2jw40dvVjz54gv.jpg,no_es_poster,,""
1281250,"Inferno Circus",2024,hu,/bidWI4vWUHplXGUXKBQ8T77mkqU.jpg,no_es_poster,,""
1281266,"disComfort",2024,xx,/7FzefWzHBZhjF4CzpAfgBRkYHMh.jpg,no_es_poster,,""
1281720,"The Walls Keep Talking",1941,en,/8tgTO6dXRiHrCm3nuXwTQtE4Opp.jpg,no_es_poster,,""
1281861,"Roadkill",2024,en,/xxOZjfjHMSw1As0bZkTvHMPKXOq.jpg,no_es_poster,,""
1281920,"Missing Child Videotape",2022,ja,/b8T6GdAMfHdFL21O4psium8CIb9.jpg,no_es_poster,,""
1282069,"The Man From The Sea",2023,en,/7Hu60v52aRGkKZX9UCoCW3yQwuL.jpg,no_es_poster,,""
1282296,"Insalubre",2024,pt,/unTxwZyOfUU1rnkCQ2G8xcYoPxs.jpg,no_es_poster,,""
1282649,"Voodoo Massacre",1997,en,/6Gw7mkrmflqF5JnjtzDriVQjSxL.jpg,no_es_poster,,""
1284281,"Absence of Mind",2010,en,/sUgN52sRN3n59bAilCiAd31EVQ1.jpg,no_es_poster,,""
1284304,"Alouqa or the Comedy of the Dead",1975,fr,/kyyPEKyucci0db2VQ8y9RG8z2hK.jpg,no_es_poster,,""
1284321,"The Little Black Bag",1969,en,/2mETNDCp09i0DnUqx49aXTY9xFm.jpg,no_es_poster,,""
1285310,"One More Pumpkin",2024,ko,/dejHL178M1ad3kgCAfv24VYyWHt.jpg,no_es_poster,,""
1285732,"Sayang",2022,en,/g972FXLeZlAkDCmO8VAfuMeHtJ3.jpg,no_es_poster,,""
1287025,"The Last Lonely Man",1969,en,/hn5V6hvkJZWrZRIzwl17KdEcZ2v.jpg,no_es_poster,,""
1287090,"Monkey on Their Backs",1970,en,/4GPPJubqNhNSPd64SS0Y8DsCGDG.jpg,no_es_poster,,""
1287099,"Spook House Ride",2001,en,/dHtZcXcIg02w4CzWrYOcysnH4us.jpg,no_es_poster,,""
1287123,"The Haunted Girl",1975,zh,/r6xQDYCcVWa3uUQkqeDJ53zl5Rq.jpg,no_es_poster,,""
1287381,"Imperfect",1941,sv,/y1M9Iskk5aZqW6bEaqWi2bNIjTI.jpg,no_es_poster,,""
1287440,"They Call It Love",2014,it,/aANcYr1dHsaDCqYBP87nYLUVpWG.jpg,no_es_poster,,""
1287465,"Octagon",2020,en,/l9GrhHQpdCGxNebQB1MeD3RQmx6.jpg,no_es_poster,,""
1288629,"The Animals Are Sick With Love",2023,en,/obYiZYJsw8YlqJbOeALSZ6kKIDE.jpg,no_es_poster,,""
1289721,"Albularyo",2022,en,/60g2959PphwSrKuHcRN9BDgJYPe.jpg,no_es_poster,,""
1289987,"Together Forever",2021,en,/yTpTC5mCgDZ9UKk14vDC58ee3xk.jpg,no_es_poster,,""
1290310,"Cute enough to eat",,fr,/cjKRYIpXj3uElNteGFK9GUpvjvZ.jpg,no_es_poster,,""
1290430,"Yule Goat",2024,en,/pKkzi2FhzXg9vxxWp3VJhFQUeTY.jpg,no_es_poster,,""
1290458,"Penitentiary",2024,es,/fqnTQHX19GmVBNGym0khsjDtaEJ.jpg,no_es_poster,,""
1290683,"Limite valicabile",1992,it,/ugj7aInAATmA8qKDrGp63duRuJd.jpg,no_es_poster,,""
1291594,"Beezel",2024,en,/a9gZxhG98LATZJGy1vWssyjVkk.jpg,es_poster,si,""
1291966,"Broadcast Prohibited VTR! True Scary Ghost Stories... The Truth That Can't Be Shown on TV",2009,ja,/hzVB5fXVIxlnpi8m8xgCDLl9CuP.jpg,es_poster,si,""
1292442,"Little Sea Death",2024,fr,/huxG3OKObx4HBh9xnm4dWH8iroy.jpg,no_es_poster,,""
1292645,"Kuncen",2025,id,/8XFnCNU1SIa100lI3bM7QDLPTEZ.jpg,es_poster,si,""
1293300,"The Wedding Ring",2020,it,/tQZkCxCYTmszSUf87VoYjLuxdbh.jpg,no_es_poster,,""
1293317,"Creature",1974,en,/blOjTp6Y2XbaPlWEmvj2Ro1ygXm.jpg,es_poster,si,""
1293320,"Into the Depths",2011,en,/xBMhf3zj5DveBOCXedWiqLjwjIO.jpg,no_es_poster,,""
1294687,"Love Bites",2024,xx,/zNKPJwBlwMzM74Cx5pI2QfSl0LQ.jpg,no_es_poster,,""
1295287,"Sun Fizz",1998,en,/eMvddYZmhkgn4fd2nlT1BcVkSQq.jpg,no_es_poster,,""
1295750,"New Thursday Ghost Stories Ghost Club: Seven Wonders of School Edition 3",1998,ja,/7oYbnF3gJ2wX2ilWGzZZoUS8xzc.jpg,es_poster,si,""
1295758,"Thursday Ghost Stories Ghost Club: Seven Wonders of School Edition 1",1998,ja,/st0ZvrqwSSC5bhoSIFv8OjF75W9.jpg,es_poster,si,""
1295890,"241",2023,en,/xk7D8DLPOWGsF0PMp4kbwJlN89R.jpg,es_poster,si,""
1296035,"Shadow People",2017,pt,/aZKjsaN0Yjx1THBGvvdicbxPKKT.jpg,no_es_poster,,""
1296590,"The Second Mexican-American War",2024,en,/erJwO16VX6ATE3fHtV0u1cywyKk.jpg,no_es_poster,,""
1296798,"In The Woods",2022,en,/bbEME79hTOwEmwQ39fGTy0FPfPM.jpg,no_es_poster,,""
1298306,"Tasmogor",2024,en,/2jMWnCrhwVstFyF2AO9aFeYWEj3.jpg,es_poster,si,""
1299002,"Vad gömmer sig i skuggorna",2024,sv,/nT1b0aPTwQvgPDSK6L3Ej5PnM79.jpg,no_es_poster,,""
1299043,"Mirliton",1978,nl,/sO2dVX5YB9eqwgXnaF64pvDZJ2i.jpg,no_es_poster,,""
1300054,"valo-valo",2024,en,/q2i31IIvXufjU78jGaSFeHAAfiz.jpg,es_poster,si,""
1300267,"Trip",2023,en,/1pGd8rcZ7RWMa3pnvNLGc0r5UBA.jpg,es_poster,si,""
1300785,"Anarbala",1929,hi,/lBWzzBXF4mn8iN99RGIrbSsUMXy.jpg,no_es_poster,,""
1300942,"solaris bled",2024,en,/fVjWXS0BjulsbQxegDxBRAmC4xN.jpg,no_es_poster,,""
1301061,"Her Secret Past",1952,zh,/jLV5pJODkTz5NGqyVZ94x761Yuu.jpg,es_poster,si,""
1301068,"Songs in Misty Night",1956,zh,/tTaLibtYkqMVQnr8dnXyoAio2Bg.jpg,es_poster,si,""
1301110,"Der Schädel der Pharaonentochter",1920,de,/dRgRtbJbOfZGkRAnD88NjNl7LiM.jpg,no_es_poster,,""
1301196,"Frankie News 4",2023,en,/7vuUll3sPabjFf6xVCnh7qUbfwI.jpg,no_es_poster,,""
1301498,"4:30",2024,ru,/hnCmMcPsOApTyX2pY5Q5HHgS3pS.jpg,es_poster,si,""
1302609,"Stuffie Day",2024,en,/2soP0cuJBfTnsL8gMO4L7imNM5B.jpg,no_es_poster,,""
1302691,"Adicolor Black",2006,en,/zcsWFM1Oidcle2qt2h1OYgxaUbb.jpg,no_es_poster,,""
1304559,"Columnas de Sangre",,es,/fd2WeazcjzIwIl0sT29hfd1OhFB.jpg,es_poster,si,""
1304736,"Pique Dame",1918,de,/vrPhJRpVnU96hVVaZxl9jer9dK2.jpg,no_es_poster,,""
1304868,"The Tragedy of Nine Lives",1960,cn,/9pkBWhatIOtx3CvuDSG4TBeUjJM.jpg,es_poster,si,""
1305094,"STAY",2024,en,/wFo9rKkqnO4fXT9P3pez4Cva1SO.jpg,no_es_poster,,""
1305606,"Birdcage",2023,fr,/5x72wDq6ZgyNHdqfhOyTDut5rwx.jpg,no_es_poster,,""
1305630,"The Land at Night",2024,xx,/kYxHdvYKodD6f5xf9M0CXzJ13NZ.jpg,no_es_poster,,""
1306112,"Ruckus at Kwong Cheong Lung",1949,cn,/4KBRIsEN6Q2h3y99C77HOKAfsBf.jpg,es_poster,si,""
1306119,"The Terrifying Man-eating Shark Woman",1980,ja,/ussTyoF2MZSzpg611tTJKodmrgJ.jpg,es_poster,si,""
1306511,"Livin' with Steve",2010,en,/86z3rZ3jcO9paU4I5BVU2LEim8q.jpg,no_es_poster,,""
1306693,"Verte",2024,fr,/7ZJ85L0lfyufYFXWVpzSTSxCFjS.jpg,no_es_poster,,""
1307267,"The Sculptor's Clayground",2016,en,/jlSMkd45exDbu4kXnzrv14pwxHl.jpg,no_es_poster,,""
1307747,"Capacitors",2024,en,/txjdPGHWSA4rAnUstLsxkPgDrUd.jpg,no_es_poster,,""
1308084,"Federico Faedo",2008,it,/8BG623n6bF1YnBz8yIK60Sb9yed.jpg,no_es_poster,,""
1308238,"Leave Me Alone",2022,en,/cKOcjTg2LgAkUrVkLTjzNkhHqpb.jpg,no_es_poster,,""
1308328,"Splitting",2023,en,/ayyBveJJn9GdJFntDNr0L8KuWrS.jpg,no_es_poster,,""
1308382,"Ice Forest",2022,ja,/af2a25P7yNEXQOH9oHNmFrlZwMy.jpg,es_poster,si,""
1308384,"OTHER SIDE",2021,ja,/ykxqrAWV8Jhdrb9AvX45gB7erV3.jpg,no_es_poster,,""
1308975,"La cama",1992,es,/lmaO3PNx0z4NUVmWo6l2dGruEBU.jpg,no_es_poster,,""
1309467,"Deus Ex Machina",2016,sr,/yeeim9vFLYdrM4QYv4i6E9QGGIz.jpg,no_es_poster,,""
1309625,"there's a light",2024,en,/woeuN8CLcfcTvlO2DLfosZgrJL2.jpg,no_es_poster,,""
1309905,"la fin",2021,fr,/o1vQp26OGTcsztU2FrrbZdQL0sW.jpg,no_es_poster,,""
1310396,"The Reaper's Image",2013,en,/nWfwvryRSo3kdtSkmudyLtF7Dwq.jpg,no_es_poster,,""
1310558,"PayDay",2024,he,/t7N26CMuATjHN5VHQ32XjRaOSZt.jpg,no_es_poster,,""
1311483,"Para lo que me queda en el convento",2024,es,/6JO581MuOuXot0AzTXGEAPgZUOB.jpg,no_es_poster,,""
1312549,"Spooky Kitaro",1986,ja,/xI8pPMx2cw41uxKb6aiKLac3900.jpg,no_es_poster,,""
1312584,"The Man Who Loved Flowers",2004,en,/u8AtwXflPJ6dKiKNXFb616t8Aca.jpg,no_es_poster,,""
1313105,"file_not_found",2024,en,/uMgZ6rhobLqE8BPvdNwqMwVwpTd.jpg,no_es_poster,,""
1313186,"The Asylum",2006,xx,/jfgcq1YBRInou8JayzpbWmUAH2r.jpg,no_es_poster,,""
1313326,"Satan Kingdom Babylon",2024,en,/4LsWelGdaR22kWtkpHBnsbgovdu.jpg,no_es_poster,,""
1313863,"evil WARbie bitch",2006,en,/qyw5rHr58hfMlddBVz7KQyrywCh.jpg,no_es_poster,,""
1315044,"Female Zombie",1941,zh,/5JipakAFcr8q11f4F8yoK67vJWr.jpg,no_es_poster,,""
1315058,"Flying Corpse in the Orchid Boudoir",1937,zh,/fwTvNLJubHu3yKWg0fwLBcqQhn2.jpg,no_es_poster,,""
1315445,"Painted Skin",2020,zh,/eIQdvMfydqDnSbLreD4ZAo4z802.jpg,no_seguro,si,""
1315466,"Night/Time",2026,en,/bXlhBAa0TjEeTHidwKepBVCOtnI.jpg,es_poster,si,""
1316334,"Bird Stomach",2024,en,/5MDFtkhr1LAdvrk3s2vu7CzvxAj.jpg,no_es_poster,,""
1316525,"VORE",2019,de,/hvpLGNet6RPHqyzAO5V314tx6oo.jpg,es_poster,si,""
1316590,"Seducer of the Night: Terror in the summer resort, bloodsucking fangs for blonde beauties",1982,en,/eojZwhaCrhDMoBc9jqHE8Z1BHqd.jpg,es_poster,si,""
1316620,"Grudge Girls Academy: Serial Murder of Fear!",1981,ja,/rZ4aG4A4EWqav9IZYqiz5Jk9M26.jpg,no_es_poster,,""
1316641,"Kyoto Yokai Map 3: The 800-Year-Old Female College Student Who Lives in Toribenyama",1985,ja,/AwG6tnMPYw1w39yPxxi5MtQrUfZ.jpg,es_poster,si,""
1317033,"Dead Fish",2024,en,/aqDOOYvbtfa05PyZ2yLUP9Eft0X.jpg,es_poster,si,""
1317072,"O statečné Kačence aneb krčma hrůzy",1972,cs,/21UkM6iuPwpGv5PBRWOpaljcjdq.jpg,no_es_poster,,""
1317084,"The Rick Sloane Fake Trailers",1981,en,/k5eoO35Q0bt9GknWzZ36Pj0M360.jpg,no_es_poster,,""
1317282,"The Girl from the Darkness",1993,ja,/mBxbDlGhVVWuOf2eOyP56cMKlog.jpg,es_poster,si,""
1317336,"FOUR CIGARS UP THE ASS | Vora's cut",,es,/uQwqxCMpG7mlp8AJQ8YQvQaIIEs.jpg,no_es_poster,,""
1317480,"毛骨悚然撞鬼经 2010夏季特别篇",2010,zh,/b6T1bv63FhqZgJE2Y6nrO8tLQAu.jpg,no_es_poster,,""
1317890,"lovespells: Dark Rider",2018,en,/oxWeW8ipLlDdgxvsbatV64ZDkfS.jpg,no_es_poster,,""
1318004,"4th Hole Hurricane",2024,en,/hDTLQ62VWf3F3B7bMSQkb6lodV8.jpg,no_es_poster,,""
1318016,"Pokerspace",2022,en,/7ihrnhAUDrKgWmKLyzuzvqG1aqI.jpg,no_es_poster,,""
1318113,"The House of Evil: Dangerous Temptation",1980,ja,/nBcP9ZD8Oro3ZBG00nIObn5972Q.jpg,no_es_poster,,""
1318153,"Corpse of your Choice",1987,ja,/5BWccMQniPamOp4ljQCaBQcHh5U.jpg,es_poster,si,""
1319040,"Cease to Exist",2024,en,/eWsWreTrkdNZU3Bp8ybjhH9MIK8.jpg,no_es_poster,,""
1319093,"Bandage Anatomy Woman",1995,ja,/b1wn17cVlLRVSmUwg6XSAINluNr.jpg,es_poster,si,""
1319195,"Luminous Insect",1999,ja,/86B8YQO3BZLrJ5C0FG84lfAD3SP.jpg,es_poster,si,""
1319818,"Afternoon of the Evil Spirits",1983,ja,/4RG3KYEEQmTrCXAIWYgJfWrmsEr.jpg,es_poster,si,""
1320091,"carton ???",2024,fr,/hDtkeethR6orNYDCrKjUHzSgLXV.jpg,es_poster,si,""
1320176,"Leurre",2014,fr,/omCfMgWsLn81G7yFFvyeDQsBeH4.jpg,no_es_poster,,""
1320348,"MOUTHFUL HOMERUN MILL",2020,en,/499qveMAEstnRyKVD0Hx0uIAoPn.jpg,no_es_poster,,""
1320527,"The Monster",2024,en,/xzyJ9Jsh9x5l9RcSf36F1VTh3tM.jpg,no_es_poster,,""
1320762,"SNOT",2024,en,/mfBiisMec7fcjwOxn2Vj6NQlO2.jpg,es_poster,si,""
1320806,"Travesaño Toxico",2024,es,/iDQhgQFTOq2pN5tx0Jh23a0UOKc.jpg,no_es_poster,,""
1321044,"The Black Cat Mansion of Hatred",1984,ja,/3gs9YJ3lKIZq15rEHuySIdnFlMd.jpg,es_poster,si,""
1321049,"The Cursed Bride",,ja,/qJcbzRoEK6gmkDcOftb3ohs0kUQ.jpg,es_poster,si,""
1321057,"The Woman Who Calls for Corpses",1973,ja,/cFXnxLBKWSYs6RBSv3t319vrrTz.jpg,es_poster,si,""
1321069,"Vampire Scream",1973,ja,/nGfk2vs0tTYXoSZNesq02RAAc6z.jpg,es_poster,si,""
1321070,"Cursed Hand from the Graveyard",1973,ja,/lCveZpQxFnfsGWodd94danCeY6B.jpg,es_poster,si,""
1321163,"Scopaesthesia",,es,/nqrhjxDfksN2eHJGyEJdxfxW5XW.jpg,no_es_poster,,""
1321187,"Lóbrego Porvenir",,es,/9KzvCfcmrO1Pj9X5IySPtGQ6Wiz.jpg,no_es_poster,,""
1321209,"The Visitor of the Night",1985,es,/32SFDKldJacazwyz8CMN2Y9Sdha.jpg,no_es_poster,,""
1321224,"Keiron: The First Voyager",1985,en,/8N0tz4At8jYAWXLrSaTOwlqqMyy.jpg,no_es_poster,,""
1321236,"Chain Letter",1989,en,/9XuEJKpsqXtp7wwo4A2o8WobTYe.jpg,no_es_poster,,""
1321789,"Bakuro",1985,ja,/tRf2FZUtcogIQc55yxudZlb4A8P.jpg,no_es_poster,,""
1321870,"FAM-ILLI",2025,en,/t34HggiyhKGDzcav7slMggu9FdZ.jpg,no_es_poster,,""
1322696,"2 Girls 1 Gut",2024,en,/35c3mEgZm19ozyIPPHMErYDPGu7.jpg,no_es_poster,,""
1324082,"Escape",2017,en,/5NlOcGMf977QONzdeg7JMtOxWys.jpg,no_es_poster,,""
1324108,"Broken Dream",2012,en,/tg3sJS5XxcvRV4LD3hwDlApgT3k.jpg,no_es_poster,,""
1324219,"Elephuck",2016,en,/yPV3x5xCUx37hWVjoG6FmT49T7i.jpg,no_es_poster,,""
1324236,"Braxton",2024,en,/dgELUCxxU4ojRsfJ6HpMqHMgvrS.jpg,es_poster,si,""
1324818,"Dracula",1956,en,/wWtMIG5yZfa4jLmeOqcl0MTbtaV.jpg,no_es_poster,,""
1325772,"The Voices In FAO's Head",2024,en,/sIP3FKhD0aK6wfvoJ8nbl3OZhrv.jpg,no_es_poster,,""
1326334,"The Phantom Doublot",1935,ja,/d9ZW9mYJCtnOJ9xhrMHMw3crvIs.jpg,no_es_poster,,""
1327426,"CAT",2024,en,/6UDDfDEfxL6ERJ9M4dXyBMosYoi.jpg,no_es_poster,,""
1328157,"Acid Corpse",2023,en,/oSYdkU0vlhejZxsS3qOBadFzuOd.jpg,es_poster,si,""
1328527,"Welcome To My Vibe",2021,en,/eiIulawQNZ4G7gvScFokpcYpLlH.jpg,no_es_poster,,""
1329017,"Bill",2024,en,/c5GH4CkKJy0ybCo8xYShMNPchAa.jpg,es_poster,si,""
1330099,"God, Save This Women",2024,en,/l95X4aC6s3TFmS8HRG1GIqU7ebU.jpg,no_es_poster,,""
1330573,"Pagoda of Peril!",2018,en,/8s8bo6XgOS53XbIsZYqvI7yGuPT.jpg,no_es_poster,,""
1331460,"The Witch Mark (Short )",2024,en,/iUs3zJdUuF13E8kBKGR1jjYkEoD.jpg,no_es_poster,,""
1333104,"Snake Bite",2018,en,/uiIPxuXkuF8QPb6sHpWRjGbdRqC.jpg,no_es_poster,,""
1334664,"Phenomenon",2023,th,/D8euZOwFhpEIyHZnPIlQMQTTVf.jpg,es_poster,si,""
1338346,"Zanni",2026,en,/gEf3185H3isAeAzpvRd1XGTTa1q.jpg,es_poster,si,""
1338366,"Morning Deliveries (Milkman #1)",2023,en,/yZBSbzYykYV7aZhCkMaYkIHdTWU.jpg,no_es_poster,,""
1339296,"The Hermit",2024,sv,/jvincU6PTMzLMZPg2zGZtGvxbKq.jpg,no_es_poster,,""
1339336,"A Night in a Sanitarium",1973,en,/eaSY71gs0O65u8rSx1bE1nir4Yv.jpg,no_es_poster,,""
1339480,"Popsy",2016,en,/5Vtuurp5iZDHvIbWB0nAahHhhpM.jpg,no_es_poster,,""
1339508,"Trilby",1908,da,/2r3h0PijKpilyU6UvbBuoxfPnxw.jpg,no_es_poster,,""
1340233,"Tent Burner",2024,en,/emclGoPE3bXLY0B5NW0dNBaVlLE.jpg,es_poster,si,""
1341041,"A Haunted Romance",1985,cn,/2TqIVoUH71ZwZBFtvG6Y8P2YY8l.jpg,es_poster,si,""
1341178,"The Spiritist Faustinus",1906,da,/s9wGIxXV3dK1d7RYz2jpkaOQ0BH.jpg,no_es_poster,,""
1341396,"Cuticule",2019,xx,/nqckoQrPiDVcpNcizaFGoMFByvS.jpg,no_es_poster,,""
1341570,"In the Beginning of Time...",2012,hr,/tjGP6RXfhDQVVRCe30Y9T2XiUTY.jpg,no_es_poster,,""
1341660,"A Terrible Revenge",1913,ru,/uAo7M3o4YvAki1W3fNAKLQE2c5W.jpg,no_es_poster,,""
1346557,"What do you see?.mp4",2024,en,/hm6halEjOPZusbLNm4zpakZYjoy.jpg,no_es_poster,,""
1351825,"Immediate Possession",1931,en,/55MtlX4vVH92p98OIRkPpeJjr07.jpg,no_es_poster,,""
1351919,"Grandma",2022,ta,/t8EKx0FqBTEaOcPWyw1OXUxId2i.jpg,no_es_poster,,""
1352257,"Girls Night - Anthology",2018,fr,/m0wicrYLmc6ej8ZOyAddoVFkg3A.jpg,no_es_poster,,""
1352962,"Kalinga",2024,te,/y62MzCi3Auwb1T4aGDPNE2gLyIE.jpg,es_poster,si,""
1353235,"It Shivers",2024,en,/hNkq4exGhOhvnteiSPoFlvgki27.jpg,no_es_poster,,""
1354878,"Illuminati Castrati",2024,en,/mJq53N4VtExZ72AaU6sReTrdysb.jpg,es_poster,si,""
1355282,"Ade Raaga Ade Haadu",1989,kn,/ehEBw0Rn6U9EyYonfi7nWiE32Wn.jpg,es_poster,si,""
1355307,"Flush",2024,fr,/5bisk2HaOKHDLgTeteZW6Ktws0p.jpg,no_es_poster,,""
1356334,"No Use Crying",2024,en,/kCgmecQegaaJxMg5m8fOl0Qv7e3.jpg,no_es_poster,,""
1356347,"Pontianak",2018,en,/zHzJ2mYfrojD7IkwZubkjggCcoy.jpg,no_es_poster,,""
1356353,"Killuminati",2018,en,/9K821PuGdCY3aBQweaVXsRQSLnd.jpg,no_es_poster,,""
1358137,"Night Shift",2024,en,/w6UkyRBFCpuQ2ADeK8D3c9B7YFe.jpg,no_es_poster,,""
1358152,"Bad Frequencies",2024,en,/fIWIAfk2RUtg0A2jajfKHwdFLYw.jpg,no_es_poster,,""
1358668,"Dance Macabre",1982,en,/2nmJHkjwfxEfrFKTVbCF358jzZ4.jpg,no_es_poster,,""
1359373,"7 Minutes In Heaven",2011,en,/rqSYSKFJ6YDg9LEUnrfccaho0nN.jpg,no_es_poster,,""
1359914,"Japanese Spirit Photography Videos",2008,ja,/6NYCAdD8HIlFtzWjVel5G3jYGvF.jpg,no_es_poster,,""
1361007,"The Cabal of Hell",1986,ru,/rs89arojkZAqhQm3In87PeF4VuW.jpg,no_es_poster,,""
1361326,"Miasmata",2025,pt,/xNz3Dum4WjxRVrOGYKUh0XAQvqI.jpg,es_poster,si,""
1361397,"Milk Baby",2025,en,/jMDSTuZxsJ0CDKfYoGXshlpnNxo.jpg,no_es_poster,,""
1361515,"Habitus Fragments",2024,en,/7Rv62eRl2xPTSxoqc5Gd4yZYsPn.jpg,no_es_poster,,""
1362905,"Stiletto",2024,en,/M4RpdigGLqyruZZwrW6tWi8lPI.jpg,no_es_poster,,""
1363027,"A Mother's Love",2025,en,/vazxT531r1dU8YHd7k3Ht9We4Er.jpg,no_es_poster,,""
1363600,"O Assassino",2019,pt,/vKHAVpNJG8q1s1Hl5ATopGp46eV.jpg,no_es_poster,,""
1363688,"Lucid dream",2023,en,/4dex7batkH6cCT6llP6VxvRS3Vi.jpg,no_es_poster,,""
1364407,"Lego Killer Pigs",2024,en,/phyJ4YahkGvxNevLaCkqtH4rm92.jpg,no_es_poster,,""
1365594,"Whenever I Died I Died 1,000 Times",2024,en,/7VHwLGGD79WMua2TDyRqliyHHI9.jpg,no_es_poster,,""
1365751,"Aliens vs Chainsaw Killer",2024,en,/9mKOmHSvnvrTnjLzbLP4FWfHDtN.jpg,no_es_poster,,""
1365835,"A Nightmare on Elm Street 3: The Fan Film Recreation",1989,en,/3WhbdXan0tVmqzSNoFK2LlgRUek.jpg,no_es_poster,,""
1365853,"Vampiros de Fontibón",2021,es,/jD71wzTf1A6rcf611LqbcMi4Cmg.jpg,no_es_poster,,""
1366342,"The Scream",2022,en,/xtKvFGBcZeDlkPzr00u0GIXlidR.jpg,no_es_poster,,""
1366746,"Scarecrow",2020,en,/5iTZdrScXCxywG1HwqujRggwOXW.jpg,no_es_poster,,""
1367277,"Alien IV?",1994,en,/1TkOYdGc6opC6w3yJgW923krxso.jpg,no_es_poster,,""
1368231,"Traces of Snuff Mixtape Volume 2",2024,xx,/2W8z0HpOJ4rDPUecGZkzwrFrHQ3.jpg,no_es_poster,,""
1368769,"Honeymoon",1997,en,/qpRGqIXbktKgJ4c67KHOqcSkWJL.jpg,es_poster,si,""
1368953,"Incident in a Glass Blower's Shop",1969,en,/790DVIZUOUNojWOoX0B8BGpmVLf.jpg,no_es_poster,,""
1369828,"Mother",2016,en,/u1AeT5lvfs9viCjgPBAmChhce70.jpg,no_es_poster,,""
1370491,"Scream",2023,es,/f5PUFwbrbZPFRCnxW4L9CNQEaAF.jpg,no_es_poster,,""
1371770,"ALL YOUR DREAMS",2024,en,/hUNkX2AGGtCCyv3bosuqi7l2nyL.jpg,es_poster,si,""
1371850,"Rock Springs",2026,en,/dMyhb4TMCCKB4sqKWwogL35YhBv.jpg,no_es_poster,,""
1372620,"The Isle of the banished",2024,en,/r2NnCSPxsXLiLdLncpMALVBPQzN.jpg,no_es_poster,,""
1372634,"Every Halloween",2023,xx,/nJp9NchW08xjM9LmZ5twBk8XHX4.jpg,no_es_poster,,""
1372678,"Anna",2024,en,/xiVy3RDs9oSIjkQVEt5M099NQ40.jpg,no_es_poster,,""
1372692,"The Rash Moon",2022,en,/2OwQbE46VL5iVdoD8r9e067wyYZ.jpg,no_es_poster,,""
1372908,"9 Ways to Cheat in Chess",2024,en,/8trLasd8M6RK7P9Q3NPoNSd94jv.jpg,no_es_poster,,""
1373004,"Sever",2024,en,/qg0sFldtHwwraOtMu2Yd3TdVgBi.jpg,no_es_poster,,""
1373173,"Cold Hands",1991,en,/eUxDzC7VH4YICHRntExX7ZxZg41.jpg,es_poster,si,""
1373402,"Silence Unseen",2023,en,/xNFWhBFHB5fqUPSTgzcsLx6M3mw.jpg,es_poster,si,""
1373749,"Intense Moment",1961,cn,/n6rWxPm2yZil4cGHq6HoBxlGGbU.jpg,es_poster,si,""
1373849,"Toxic Mango",2007,en,/eSEHDndTsUCMyt4J4piBrWBUs5p.jpg,no_es_poster,,""
1374642,"The Milkman",2023,en,/rAwS93k37oDM8cD2oQN74nXBESS.jpg,no_es_poster,,""
1375238,"Alvin and the Killmunks",2017,en,/feKBTb5JcEXpb4MzwbtwyoMMhou.jpg,no_es_poster,,""
1375389,"Spider Woman",1980,zh,/24xfHuxaZzXw2HIoEkJ05YiFIlF.jpg,es_poster,si,""
1376048,"Skeleton In The Closet",1937,en,/oNbDJIY68q9s8OmBhwilpb9B7K6.jpg,no_es_poster,,""
1376404,"Tret",2024,en,/anAjUlJozZbPYHZr8z4BfSwMps.jpg,es_poster,si,""
1376445,"6ix",1999,en,/rOUxbGtbFJpz7AmDASLReSLqXNp.jpg,no_es_poster,,""
1376681,"Killing Time",2026,ko,/5KOOKKdyheNxkK1FALVrXsB93Uy.jpg,no_es_poster,,""
1377314,"Radha and Maeve Become Vampires",2024,en,/r5zgVEFB7BhDSnYDtrZPsYAitlU.jpg,no_es_poster,,""
1377383,"The Cartoonist",2024,fr,/64Wxzj5y1HHK4Gf4juDMykEqD9C.jpg,no_es_poster,,""
1377690,"Headless Island",1978,ja,/4tI4M6qwqEljvN6sNYLJ7AzAJY6.jpg,es_poster,si,""
1377705,"White-haired Demon",1978,ja,/v0v8w4e0O01P8CbsL9tTsXCPSRG.jpg,es_poster,si,""
1377755,"Settler",2024,en,/rQjPazxL4mVNdIpdcEbvR92eL3v.jpg,no_es_poster,,""
1378417,"Butch",2023,en,/6862D2xWgRphGSLCdkzBc35Baw0.jpg,no_es_poster,,""
1379557,"Spidal",2024,en,/9b5PxWVZKo6anGC3yHkHJiOKTgz.jpg,es_poster,si,""
1379699,"Of Cat and Creature",2015,en,/8iHu3irx1KcxefTmcPGU1AFwu9Z.jpg,no_es_poster,,""
1379701,"King Kong vs. Prometheus",2015,en,/A0cwpNbwFFX9gXbEhZ5LdxBbRfO.jpg,no_es_poster,,""
1379708,"The Tree That Refused To Fall",2016,en,/zMzzAYSerpQ506UlfiegRfRABWT.jpg,no_es_poster,,""
1379716,"Something Inside",2016,en,/ijQ7vzkxJcomH5wOLk6skntk0mB.jpg,no_es_poster,,""
1379731,"Terrifying Lizards",2017,en,/nxQdvlROy8X7RX949lBLFTLmWex.jpg,no_es_poster,,""
1379737,"IT Came From the Pet Shop",2018,en,/tHO7E4nMVwI4Am2FLLBNFqa9TNa.jpg,no_es_poster,,""
1379745,"Party of the Pumpkin People",2023,en,/zcNFO4eEqnlHbjAjHiDwtT9IahR.jpg,no_es_poster,,""
1380165,"The Great Tokyo Yotsuya Ghost Story",1978,ja,/fg2vXBWLApEa5B4YIdXYEhZO7lX.jpg,es_poster,si,""
1380585,"Zombie Hands",2012,en,/eXGMAk4dpqlwGuSPAnYOyfusf0B.jpg,no_es_poster,,""
1381143,"Asylum in The Garden",2023,en,/uKksHK5m5gX8PgYNoLZxnGfs2BO.jpg,no_es_poster,,""
1381901,"Sisypot",1988,xx,/NjQWlM0IiXhgx0ZZk0yT3XMehq.jpg,no_es_poster,,""
1382321,"Rostro Rojo",2024,en,/8Qgto4Pmp6uR5UVkVCHJR5mraOQ.jpg,no_es_poster,,""
1382556,"snow monster",2001,zh,/kZs2PkgMcXaaH1PP4L4t9z9ii9R.jpg,es_poster,si,""
1382950,"Maha Munjya",2027,hi,/oT8gql42lcUb0WMLTvuh0SJiC18.jpg,es_poster,si,""
1383197,"Dimples",2024,en,/cOAIdjZDGmXmZFVakCkNUfgmGT1.jpg,es_poster,si,""
1383207,"Monster Eyes",2024,en,/pmIZV0o9HKMORJUZTJjESVYWN04.jpg,no_es_poster,,""
1383323,"Gennaro",2024,pt,/3DFk8O6xJDOY9f4aCfh1nskzepS.jpg,es_poster,si,""
1383404,"O Gato Preto",2009,pt,/7uLvQZuKT41SJVwQuAvxDXvlLuf.jpg,no_es_poster,,""
1383676,"Springheel Jack",1997,en,/7CVseVMoGvSpuUNMfNTErkB4NuK.jpg,no_es_poster,,""
1385721,"Belloe",2024,en,/hNDDaIalOycRfMmGkLKgi1dwtMM.jpg,no_es_poster,,""
1385756,"Despot",2021,en,/fap49mSXVoR6921BF4u9ugIq46d.jpg,es_poster,si,""
1387485,"Hell Is Other People",2024,ja,/14Ue8mO0XnSZQg9TpJpoCPzS0zF.jpg,es_poster,si,""
1387560,"Room",1992,ru,/lXFD2pwEG0hynPrsvS6Z2ZoEU5H.jpg,no_es_poster,,""
1388434,"The Day the World Went Away",2024,pt,/qYi7X9n0R4V8bNHfE7E5D9Fc2Xr.jpg,no_es_poster,,""
1388513,"Crimes Against Pussycat",1989,en,/jze0qeJQmUNJrCrQ4n0Buu0ME2e.jpg,no_es_poster,,""
1389239,"Dipolo Fase II",2024,es,/1kmSE02npoEAporr5ZHiA1bgMn8.jpg,no_es_poster,,""
1389323,"Through Stale Air and Shifting Walls",2025,en,/xMtFRCMfyJnTxfxoqmL5FQRj21f.jpg,no_es_poster,,""
1389968,"FIA",2024,xx,/yMvNfLM4mvrS0lI78oLPtqCNGPK.jpg,no_es_poster,,""
1390069,"Deathfarm",2024,nb,/p3PFdSfcF7ZezOxOZAFe4hrx5Wo.jpg,es_poster,si,""
1390168,"Red Rocks",2024,en,/tlCHOEU6VFVqDMGTpQCPAIO7uVE.jpg,no_es_poster,,""
1390497,"Toward a Course Bend All",2025,en,/nUMt1JWujonzJhHzHtjrtT7WGlR.jpg,no_es_poster,,""
1391118,"Trauma",2001,en,/dzv5AHG8SKV1yvqjWwz0w5I1zyK.jpg,es_poster,si,""
1393564,"Zombies of Oz: Tin",2012,en,/bhQZc5YrSTVXiLEp2bett28MSUI.jpg,no_es_poster,,""
1393569,"Zombies of Oz: No Place Like Home",2014,en,/cjB6hKOXO8ZyXRdwt9bDrZZaUQD.jpg,no_es_poster,,""
1393570,"Zombies of Oz: Yellow Brick Road",2012,en,/pZhAlPyxgZw91Zgaygl7P097zLO.jpg,no_es_poster,,""
1393895,"O Plantador",2017,pt,/4kTFVC92XfwzqawOILemEtgJ2QE.jpg,no_es_poster,,""
1393905,"Reflexo",2017,pt,/bmKjlDd2SiipZlXvLcuUbQeKmUs.jpg,no_es_poster,,""
1394239,"Family Secrets",2024,sr,/a9bBkLr0LQsumK3hu0007Yri3ig.jpg,no_es_poster,,""
1394336,"Nightgaunts",2011,en,/3y4fpzrm254kE0SlcSMzYMSGstz.jpg,no_es_poster,,""
1395031,"Diagnose",2018,pt,/s7r0pRGD82SSUIdDaxiXehtapPL.jpg,no_es_poster,,""
1395037,"She’s Waiting",2018,pt,/e5uk8WmZ3DWT2HaFwChVSTFlIvE.jpg,no_es_poster,,""
1395083,"Acid",2024,es,/pvtF3RGqQ1QQfgCc121OKIu6eN7.jpg,es_poster,si,""
1395464,"Suspicious Night",2022,en,/dz9n0Qg6q98xmXgQ2z8u3Dgxfjp.jpg,no_es_poster,,""
1395614,"Marfim",,pt,/4aUnWsGsTahr6ARRNIz5IZaqegn.jpg,no_es_poster,,""
1395668,"Loons",2016,en,/ekyFkhySXhgYkrHEDm5X7gnXjXH.jpg,es_poster,si,""
1395945,"Sandman",1994,xx,/xCP8z0vlK6su4SolBuIME9okBZe.jpg,no_es_poster,,""
1396391,"FATHER ( THE NIGHT HAS COME )",2024,xx,/yvaHADxIuXXQqG4e3LbGu14kRHN.jpg,no_es_poster,,""
1396619,"The Sidney Barber Tapes",2023,en,/6aOzmo2rdpUSbsimaHAGeH2zNYz.jpg,no_es_poster,,""
1397155,"Preparation and Sacrifice",2024,en,/5SVIFSWlFQ1Wog2vZPoalG1Pss9.jpg,no_es_poster,,""
1397589,"Palindrome",2025,en,/4Q436ws2ImTceSxgQvy8jRwVBqU.jpg,no_es_poster,,""
1398014,"Prakambanam",2026,ml,/bExPPwAamQzVLtBnwEutiJ53jDZ.jpg,es_poster,si,""
1398734,"El otro lado",2024,es,/5GzqvKdqU1kQTtVyIQJ6msGtsY6.jpg,no_es_poster,,""
1398742,"El despojo",2024,es,/m0ENFPuTKzQOaIW6GH7AvkLHfVu.jpg,no_es_poster,,""
1399316,"Blind Eye",2024,en,/3qYv6nqBWtIRYlC3J886ugXnofw.jpg,no_es_poster,,""
1400029,"The Briefcase",2024,en,/8vxG2617t3AvOpibImXu86QXhf2.jpg,no_es_poster,,""
1401376,"Deadly Domicile",2024,en,/fpNF7QmKDaDx3bgRqaIT2fHXIuN.jpg,no_es_poster,,""
1401722,"Porcelain",2012,en,/ivprC4rMQlORE2OH3RnAqBEXF5V.jpg,no_es_poster,,""
1408815,"The Buffet is Open",2013,en,/kMESotNRRtptXuci8fhMK3s87hU.jpg,no_es_poster,,""
1410067,"Stella",2006,en,/gHf76s0UP8HyujsjIyoPgvAjK9K.jpg,no_es_poster,,""
1410549,"Revenant Princess",2024,ko,/zBO9Le0BN6QDmQJd84wGLuArp4A.jpg,no_es_poster,,""
1411152,"The Hamleigh Disappearances",2015,en,/4ni4T5McMw5dsxxIweYQpr3bnLt.jpg,no_es_poster,,""
1411165,"The Secret of Fowst",2015,en,/63rQFl7hPea1gIYVYyzycYPlsKq.jpg,no_es_poster,,""
1411588,"Fear Itself",2017,en,/a4J2hRKwytoJLGWG9xyvRadkErt.jpg,no_es_poster,,""
1411606,"The Betrayal of Fowst",2018,en,/9mx2sd8mdbFX1XH2LJAzQmOZKPF.jpg,no_es_poster,,""
1411616,"Acolyte",2018,en,/8TxI17taKMRWCp8bZdxPQ1mC7MH.jpg,no_es_poster,,""
1414506,"IceBNB",2024,eu,/6o9wNXBvlwo5bQfnYINFcIkQfEm.jpg,no_es_poster,,""
1414507,"Chuva",,pt,/L1M6aEr4Di9z7bgVcZMkwRHb06.jpg,es_poster,si,""
1414671,"The Werewolf of Chatsford",2018,en,/91Na1u5RkmzbxabM4AZkGTztvMl.jpg,no_es_poster,,""
1414677,"The Third Eye of Simon Harker",2018,en,/2tH5G2EQTz7lnMidYQ8jyEuXwVM.jpg,no_es_poster,,""
1415513,"bourreau de travail",2024,en,/zLSt36vtsCUeZJmfDmA0EpGseJd.jpg,no_es_poster,,""
1415656,"In Spectantis Oculo",2024,de,/A1pFYDZtR1bUAY2obMIt2OqCIek.jpg,no_es_poster,,""
1416036,"Spillover",2024,en,/oFXkAKwaooNLdcPeiX8r79k5H47.jpg,no_es_poster,,""
1416196,"SOUP!",2025,en,/d1EdVDIrkgxQZYqFTf5t5O8LsOy.jpg,no_es_poster,,""
1417270,"M is for Magnetic Tape",2013,en,/12KlsBGJR68zVnleRsnihDUttv.jpg,no_es_poster,,""
1417605,"DOGTOOTH",2024,en,/4Bzizu1xcm3aB993K6hPKa60LGK.jpg,no_es_poster,,""
1418444,"VIDEO PAL",2024,en,/9R5gRqDNq9TZuuVORbSzC2TMLC9.jpg,no_es_poster,,""
1419440,"Hunger",2025,en,/pPRmDS9St2o2Jvn6EfL4sDwLhJq.jpg,no_es_poster,,""
1420249,"La disparition du JAP",2024,fr,/r9LiggSCUbQmIWW3uG9F7h42rxv.jpg,no_es_poster,,""
1421764,"Katsue-san Appears in Tokyo",2024,ja,/bNRrKJFxQEvJO66iR3etLnK4bMs.jpg,es_poster,si,""
1422521,"If You Hear That Sound",2021,ja,/eY5Xrz7ZOPulrhhcLGjbWCtEeHJ.jpg,no_es_poster,,""
1422592,"Burden",2024,en,/wn44lUh3oIQRvLODcocaGvQwjCu.jpg,no_es_poster,,""
1422975,"I Hate School",2023,ja,/lI3dvu7yhP9w92MQvNN2V03faGh.jpg,no_es_poster,,""
1424738,"Refraction",2025,en,/loQ9UkhZpcxaU7znz4UFrL5DqIm.jpg,no_es_poster,,""
1424826,"Tokyo Evil Hotel",2025,ja,/lsxCvprjqONkqNPIINagHjSumNo.jpg,es_poster,si,""
1426110,"PRESENCE",2024,en,/3L8TIJM99sMfm8c6URnXOdrT1OX.jpg,no_es_poster,,""
1427968,"Meurtre du tableau",2025,en,/fnPjkGSoG0YfB2xJRz6pDLKMMSX.jpg,no_es_poster,,""
1428003,"Firstborn complex",2007,en,/9Eo7esLiOXI8VGZFf6D8MAvnTFM.jpg,no_es_poster,,""
1428948,"Doom Boogie",2025,en,/zCM4ZJRa3ohroKRD5466EphcFka.jpg,no_es_poster,,""
1430915,"QIJE",2025,fr,/i1ikjiEwK99KmekqHOUPhpamvAH.jpg,es_poster,si,""
1431559,"Melody's Parade",2025,en,/A6j9s8qJPD0HFK3m9E7bl7Nx1Lx.jpg,no_es_poster,,""
1432204,"BLOODNIGHT STAINS",2025,en,/coz06w5lA6cjR637HibmAYnz3Vn.jpg,no_es_poster,,""
1432516,"Goke, Slime and Ooze",2004,ja,/cJ5GHwhsbys9c7wXBQvw2QQTQCX.jpg,es_poster,si,""
1432538,"DON'T TELL HIM",2025,en,/BlSvBQ0Ma5Hw4Zre6WYojBpznt.jpg,no_es_poster,,""
1433461,"The Perry Subplot",2024,es,/4pncT8ZRHF5fYg3dum0zD4D0HcB.jpg,no_es_poster,,""
1433466,"The Stolen Moon",2023,en,/nHYcVLGmC4J2Gk7MMaTAgf36mpK.jpg,no_es_poster,,""
1433723,"Slag Heap Volume I",2025,en,/94PoinU3O3XfOEpsvHNyJj9wHFF.jpg,no_es_poster,,""
1433843,"Sodom-Akne",1993,en,/11mVlreeHEX2qDO4v97JO1YAwSN.jpg,es_poster,si,""
1433882,"Mira tu juego, chica",2025,es,/9NfSuoaTEOP3lbO92FJTL0tFtOG.jpg,no_es_poster,,""
1434208,"Taurus Test Footage",1965,en,/whkhXUFzRldt0rTy5Do0Ub9MHpo.jpg,no_es_poster,,""
1434418,"Graveyard Shift",1980,en,/dUcyxeVSyvSfxes8WRCDQyYgEI7.jpg,no_es_poster,,""
1435183,"The Picture in the House",2007,ja,/8NSFamOfiYGuJZnDENxlMLaBRUm.jpg,no_es_poster,,""
1435731,"Gothica",2013,en,/uSdc21Co76OpHRa5hvFLa2UbQJ9.jpg,es_poster,si,""
1436013,"Campus Manchado de Sangue",2022,pt,/nYA7OnXuBq7fAcSBrDAxTEApv00.jpg,no_es_poster,,""
1436194,"Runaway Valley",2025,en,/zl96Y8arbAytJyu9YIw2oCqOykJ.jpg,es_poster,si,""
1436243,"Spookslayers",2013,en,/gQUAUPsEa20Nm4muI5PZ06shx1C.jpg,es_poster,si,""
1436569,"Corpo Vil",2025,pt,/cG63szFYFITIAqafua2H5dRn5fX.jpg,es_poster,si,""
1436678,"Dinosaur Farm",2025,en,/2CmPxYdNRj811uuQUUYrNarWvM3.jpg,no_es_poster,,""
1438780,"Bosnian War Movie",2025,bs,/u4JINCLbSaWDvuYsoSA2EPOXYOO.jpg,no_es_poster,,""
1439425,"Beso nocturno",2002,es,/y8Fl29SpHkjvYg52OTuE4blRQmW.jpg,no_es_poster,,""
1440321,"É isso aí, meus amigos",2025,pt,/yTsdecdOKlE4lTJOKneBq6CQfBE.jpg,no_es_poster,,""
1440790,"La Maschera",2023,it,/zkzPo1eQNqyqbJoemaSSp3bWCwl.jpg,no_es_poster,,""
1441305,"FASCISM(s): A Film in Six Parts",2025,en,/5cFJwPTtL1t4kQwYEMdVQV7f6RH.jpg,no_es_poster,,""
1441945,"Horror Friends",2004,en,/tUawGGdJexyItJcmw6lkEJFeXq8.jpg,no_es_poster,,""
1443084,"MORTIS",2025,en,/kcTROq1tv3h4xke3KldYBZUuaax.jpg,es_poster,si,""
1443311,"No Country For Old Trudy",2024,en,/yvgNm7Q0M6rqk3ClO6H5MnwhtOx.jpg,no_es_poster,,""
1444302,"Podres Alegorias",2025,pt,/6IszspLPL12Wr7e9xoOtw0rsaUq.jpg,es_poster,si,""
1445218,"The Couple Upstairs",2025,en,/sW4edZkrOZ1Vj4z2crnYXRUmWeh.jpg,no_es_poster,,""
1445379,"Corpse No. 1346",1912,xx,/rXoerszWQvYiDPXYOVD7vd2yOsm.jpg,no_es_poster,,""
1449064,"Fishes",2025,en,/aVSOsvYLoPu3g5gZ9DiUzgzkUaN.jpg,no_es_poster,,""
1450635,"Sumptuous Summer 2019",2021,bs,/vSDNWwmSQgAZ8b0ESDoEIAvfOn4.jpg,no_es_poster,,""
1451499,"Bad Jew",2014,en,/gTp0eaB5V7TZXMZQEiA6yVnZoWs.jpg,no_es_poster,,""
1452081,"Exorcism Pre-Event",,ja,/j8EGm0lrseJDZTooqAfjnGeCMEp.jpg,es_poster,si,""
1452443,"Kaiki Hyakumonogatari: Minna Shineba Iinda",2000,ja,/llMhgk7gDVoK8BfLt65uUM5UEnh.jpg,es_poster,si,""
1453271,"Sight Gag",2025,en,/dSvXf3JdJMr4SqQoCmauHJzTbGu.jpg,no_es_poster,,""
1453411,"Les pas perdus",2025,fr,/cKJB7n2qyXbO6xbEloOuqp0R0pc.jpg,no_es_poster,,""
1454100,"Paying Guest",2020,ur,/jy0hxMBJJ92RsYmGD13qY0S4oRr.jpg,no_es_poster,,""
1456370,"Ray Rabenstein lore video",2025,en,/flYy4uz9t9JztjDx3fEzWmMzB8v.jpg,no_es_poster,,""
1456954,"Behind The Screen",2025,fr,/pap9Q63kyjpgJY60mw0bT3QjlRi.jpg,no_es_poster,,""
1457403,"Toucan",2025,en,/koN06MKF37LUCkxkD7Vtken6JCT.jpg,es_poster,si,""
1457719,"Winter of the Century",2025,en,/uXiUJ9q269o1ruLFmDQnNOp76uO.jpg,no_es_poster,,""
1457768,"The Classroom Massacre",2024,en,/cqsjHJUhbvFJfRxZLexBUSyehum.jpg,no_es_poster,,""
1457820,"Convalescent",2025,en,/kkhnWHfOpgZC5gF6UqW0QIYL13O.jpg,es_poster,si,""
1457859,"are you going to hurt me?",2024,xx,/fSjnajM8OSJooEZpLGjkdkOkg79.jpg,no_es_poster,,""
1458309,"a memory stuck in the mind of a withering mortal",2023,en,/nTXK9TY9v6ogkGMk8Rp8I7ivmAP.jpg,no_es_poster,,""
1458387,"The Bush",2024,en,/32T4VHh2oMjPpeVEMqJvFoFPe3.jpg,no_es_poster,,""
1458602,"Lost Pieces of Her",2024,en,/2bELwBrQmIgHL3HmRV9SrQzZ8RR.jpg,no_es_poster,,""
1459576,"hey,",2024,en,/ignIDbOzp6rKJ6d8ZLzTobfO1XA.jpg,no_es_poster,,""
1460145,"Building 7, Apartment 3",2024,he,/dF0W3p02950dzkNVzLm7cnJC8y5.jpg,no_es_poster,,""
1460221,"J’ai trouvé quelqu’un qui vit dans mes murs",2025,fr,/t9hgbQwC8GbykBoeWpf8szmf7ei.jpg,no_es_poster,,""
1460589,"Whispers Beyond The Trees",2025,en,/zHaSDX2NlVd0qS2H0dnjVlnO8Ge.jpg,no_es_poster,,""
1462822,"DEATH SENTENCE: LUCIDITY",2025,pt,/wmIIJ5KqGAAv6TMHFmLmyWjaxx0.jpg,es_poster,si,""
1462984,"Predação Noturna",,pt,/x38VTcCJyizr0qg30PipmQGS0kH.jpg,no_es_poster,,""
1463102,"dream girls",2023,en,/8bOAcvCqIHTyDw3ys4K7T6vFWjP.jpg,no_es_poster,,""
1464025,"Labyrinth of Roses",2014,ja,/sNaKBXD9JZFts7ga3BVNc1kRVvw.jpg,es_poster,si,""
1464438,"SCORIE INCONSCIAMENTE RILASCIATE",2025,it,/AktX3QTMXHVRontf7niN2xUqjw8.jpg,no_es_poster,,""
1464606,"Gage",2025,en,/kumxEYQQy9aEhrhUuMlWxgeTXHL.jpg,es_poster,si,""
1464715,"Anatta",2024,lo,/wMtSkrOZaxme59oqf5jp8mEupzM.jpg,es_poster,si,""
1464992,"Growing Pains",2025,en,/ptDytBBXxi0gepOnfNE2NBEo3Ci.jpg,no_es_poster,,""
1465774,"The Hole",,ko,/pEi4s7ZdmWDzPJJt7yji0I0VkrS.jpg,no_es_poster,,""
1466920,"Recall/",2025,xx,/uI7QsIHcDBb9wRUWItD8geC8KSM.jpg,no_es_poster,,""
1468167,"F(uck)lower",2024,ko,/767Z9LyvHp8WIPl19TRScc5r7PR.jpg,no_es_poster,,""
1468351,"E",2025,en,/zkgFXUJMZhiuapj1UuL8xKCEGKt.jpg,no_es_poster,,""
1468451,"Kytice",2020,cs,/dRi5Hrrbi2Cr3iTAfVjE05XqNpJ.jpg,no_es_poster,,""
1468846,"Species",2026,fr,/fDvZvNmLIwUcKKQ4Cfb6TmQJM7M.jpg,es_poster,si,""
1468983,"The Cooking Show",2024,en,/aEbpnWJ7VlFcBXgCbKpX0pqw9mY.jpg,no_es_poster,,""
1471061,"Khel",2025,ne,/hPjEnQu893FVVD7a0KflBVYUZGm.jpg,es_poster,si,""
1472341,"Bookend",2024,en,/7CmeBf5eXwwGXYHyidgzcSs7quq.jpg,no_es_poster,,""
1474972,"Couples Retreat",2025,en,/u4Qe21Mdnhl9XijtBEt0LTnenys.jpg,no_es_poster,,""
1475678,"Loge",2025,fr,/zI2ZIviPMzCz41d1RjU6rFplfIv.jpg,no_es_poster,,""
1475703,"Kodama",2025,fr,/ux2CvAuJL4OxodSYfUDOcpPPnMw.jpg,no_es_poster,,""
1475831,"The Ray Bradbury Theater: And So Died Riabouchinska",1988,en,/4gUtu2NUWSevneTKGUuMwCXOpxi.jpg,no_es_poster,,""
1475837,"Alnamnam",2024,en,/bLoxbpczOylJ5WaLQNjsVmb9Mr2.jpg,no_es_poster,,""
1475943,"Blue Hole",2023,ja,/oZoeXMa5FWSa0fXSUB2KXlsFjYQ.jpg,no_es_poster,,""
1478029,"Snake Woman",2025,zh,/nAiJpgPEa97Ipeil0begvxsTvjf.jpg,es_poster,si,""
1478574,"Glossolalia",2010,pt,/bFzMXsKq6ilGih9P5v3Nvp9nsLf.jpg,no_es_poster,,""
1478593,"The Man Who Loved Flowers",2013,en,/tPV6rUu45mef57s17uFHjRbWwzB.jpg,no_es_poster,,""
1479922,"Preparation For A Time Well Spent",2025,en,/q0pNjf9EMPyorkGiDmNq457GjcD.jpg,no_es_poster,,""
1481010,"Deadcast",2024,en,/lhfAsAbn3D1Xwa2M2kMupk9sVFa.jpg,no_es_poster,,""
1481630,"New Eden",,pt,/h3d9arm0yLdBbAlYUtBxDLXDDI6.jpg,no_es_poster,,""
1482573,"Raha's birthday",2025,fa,/chjSMTFnD4RMbpQYmnXJGZJzPl6.jpg,es_poster,si,""
1483306,"Room Service",2012,en,/85wqVmZenYa3dcG7SJaWCLXm50v.jpg,no_es_poster,,""
1483428,"Enduring many days / blades / and selves",2025,en,/A6Ot49dF0B585xnSmWZlTkpIiHb.jpg,no_es_poster,,""
1483633,"Blank Page Syndrome",2025,en,/we4XShGJTgadGEs0UgQCp92o1hf.jpg,no_es_poster,,""
1484291,"Derrière ses yeux",2025,fr,/es3iUYReVGQB08z0GFwDyn0heCh.jpg,es_poster,si,""
1484387,"Canvas 5",2021,en,/izVPR0gN4IFCgBczrHfEgwHdkzw.jpg,no_es_poster,,""
1484731,"Blood Stab",2020,en,/4i46PIw7uI3ig5CNa4FztkpeJMd.jpg,es_poster,si,""
1485535,"Eternal Return - RED Edition",2025,en,/6WwwrHOTbLBFOSLFMFIAUeUqorM.jpg,no_es_poster,,""
1485846,"Tether",2025,en,/xenybkWa8oabXfiCOkdymSYF7xW.jpg,es_poster,si,""
1486442,"Pisces",2025,zh,/xnpjroWyNalRkZT81oZv4NvTXIn.jpg,no_es_poster,,""
1487210,"Muddy Hands",1988,en,/eISlC1S9TKUCHgt1FP7aR7ZUBwg.jpg,no_es_poster,,""
1487691,"Shemaleficent",2021,en,/7F8Ebd3L3v3cqwFDfUtJJe61HUm.jpg,es_poster,si,""
1489275,"This One, for the Lady",2013,en,/a5DEDt2YY4de9rbGnm1Ix4AIViN.jpg,no_es_poster,,""
1489389,"Rosario",2023,en,/qWw49026ZBHgDyCQRhStrZgMasm.jpg,es_poster,si,""
1489597,"The Substance of Earth",2007,ko,/79QsbbGtP7MHRD6v4wfVRwYZi2U.jpg,no_es_poster,,""
1489860,"Homemade Gatorade",2025,en,/ybnIvGUJAM0NrcbUzqfaHqkVvlu.jpg,es_poster,si,""
1491211,"The Saxophone",2024,en,/kMp2FmsK1Zh90I0QpypKDKYeyhF.jpg,no_es_poster,,""
1492155,"Origami vulva TUTORIAL",2023,en,/oxQRl42aNMuRSrCnXTtPUaP21El.jpg,no_es_poster,,""
1492635,"Getaway",2025,en,/6A1pgNJIH5P9H68gASH3XLheguh.jpg,no_es_poster,,""
1492769,"how gregor samsa became a bug (canonised)",2025,en,/a7qwS9ZCjR5JtbNTjTWXHCGFeAX.jpg,no_es_poster,,""
1493908,"The Dog of Sarandi Alley",2021,en,/y7vxhkSjunLIZfW1jS4MyPRrsM1.jpg,no_es_poster,,""
1494164,"Unknown Treasures",1926,en,/ar1Gmkkf5jqtVNZWHEiVi3yvA5O.jpg,no_es_poster,,""
1494605,"Hellebore",2023,en,/7c0Uh8VhELXPFpyDOXQZPNhLAz4.jpg,no_es_poster,,""
1494779,"João & Alice",,pt,/gDVKwzSfVdOjlk6p9XmWtzKRBlq.jpg,no_es_poster,,""
1495253,"The Truth of Grimm Brothers' Fairy Tales",2000,ja,/a51I2Ta23EQW4RDcyVvsTb2tTrN.jpg,es_poster,si,""
1495444,"A Cortina",2025,pt,/nuekXBYmsa2ycDDzooLOVvye2uc.jpg,no_es_poster,,""
1495718,"Baljjeo",2025,ko,/xIxT1S2cxyT1szvCRh81iNe7wr5.jpg,es_poster,si,""
1496388,"Eternal Return - PINK Edition",2025,en,/7jmAyT4C0ACyeERHX0ZN29KsWMu.jpg,no_es_poster,,""
1496656,"I Smile for 6 Minutes",2025,en,/q5Lmkh0STMpIRLkIisx9l6u3FUw.jpg,no_es_poster,,""
1497764,"Human Trash",2016,es,/igpzY3yf7r0baHsEFX6IzSb4lfa.jpg,no_es_poster,,""
1497793,"The Catman",2017,en,/1z9hv59fWmhbXNLpS7UmrjLZeit.jpg,no_es_poster,,""
1498858,"Only Fans - Allowed",2025,en,/rijtoTM3fEj1vlJS23k0RsJUDLn.jpg,no_es_poster,,""
1499144,"Cultural-historical Manoeuvre At Night",1991,hu,/wtlDJcjkaUER26veiHotVsR1aUY.jpg,no_es_poster,,""
1499297,"Abissal",,pt,/cAHbjtEG0gWTo6rF1TxQbHTzMBQ.jpg,es_poster,si,""
1499799,"Slop.",2024,en,/iFJ0ZVgxhPB1yL3DtlvUJx3pDOi.jpg,no_es_poster,,""
1499962,"Doble-6",,pt,/anMi8GXO9nuZJcaPr0Lkoiuf5JR.jpg,no_es_poster,,""
1499964,"Gasp",,pt,/LZZT3tzNJYKTTRyEQBuVIrNm85.jpg,no_es_poster,,""
1499969,"Captivity",,pt,/cTJv2GYSd1v0IdUZPBxpnuPI4g9.jpg,no_es_poster,,""
1503832,"Interview with Cecelia Condit",2021,en,/7vTFnMeqwJECjUgH1aMUzGyFTOa.jpg,no_es_poster,,""
1504291,"Six Till Midnight",2025,en,/9ii5iI87c6rUXtdZD44SBU2NlYO.jpg,no_es_poster,,""
1504640,"The Unusual Survivor !!",2024,en,/gF02QDyNWXioZnxbU83SHbcLDJN.jpg,no_es_poster,,""
1504654,"Summer Vacation at the Small Town Ranch House and the Rural Legend !!",2023,en,/1w8phrYqk0nAJ0MUUFwKW718zN8.jpg,no_es_poster,,""
1504677,"Traveler discovers a Woman running from her Husband & In-laws but then...",2023,en,/cRXy9Vrr6pOXxfSvtPz5Kembrr3.jpg,no_es_poster,,""
1504708,"Idol Horror Story",2024,ja,/wxh7ENCmUUgz7H30KUREN5De43X.jpg,es_poster,si,""
1504899,"Recluse",2026,en,/lDzoSYxEYO0ZAnkpwauwEOtDPcn.jpg,no_es_poster,,""
1505147,"Ms. Kanyin",2025,en,/txVsyqY3TV9ue7Afe1F4RjtQ4WQ.jpg,es_poster,si,""
1505379,"Open World: Zelda",2023,de,/hF3aO4u6cDUOScmt3r0XXwguFyb.jpg,no_es_poster,,""
1505977,"Feed",2025,en,/rQUsg6OYRwSjH20z3rdiJKCA3xU.jpg,no_es_poster,,""
1506031,"Capgras",2025,es,/4ixSke99kyU9Q2YN2R4mOtl6sO.jpg,es_poster,si,""
1506848,"Room 404",2013,ko,/3lOXjvT8LV1Ncdft1I7WYdTxDlD.jpg,no_es_poster,,""
1506946,"A Day in Hell",2003,en,/k5cH29hUZHV3qKpqT5UdlqTvlky.jpg,no_es_poster,,""
1507156,"My BFF",2015,en,/xoSRA8Am9D1Ntk3L52SFugg3fY5.jpg,no_es_poster,,""
1508311,"Hymenoptera",2025,pt,/ffSb10ZHZx6xgaEiyCh8sDxeBzW.jpg,no_es_poster,,""
1508830,"The Scissoring of Lydia Kollins",2025,en,/4OUUnzyrFTeYEyXwZYHLPUIYiti.jpg,no_es_poster,,""
1509197,"Oídio",2025,es,/sxovQLsxPgEnGqZbaCGfRb3iegd.jpg,no_es_poster,,""
1510207,"Vexo",,pt,/7smJDACtV1b7g0wkQfK8TMqNqtT.jpg,es_poster,si,""
1510423,"flower",2023,en,/3Ue9Z3uHtStR5rPwZisYWDQdtG6.jpg,no_es_poster,,""
1510606,"PAYDIRT",2025,en,/8B8mvtWBUDiAw2KmduJWMnBRAOd.jpg,no_es_poster,,""
1510609,"All Hail Sacrifice",2025,en,/2y7RcjpCCIjsHwAjyuqckx1765P.jpg,no_es_poster,,""
1510954,"Nuclear Death: Unalive in Texas",1990,en,/4aEAno48uNhAByUbUiUjBQ9eeAh.jpg,es_poster,si,""
1511035,"popstar",2021,en,/iZ0kYuEK5G0fLSV8ckvdLHxG1Rb.jpg,no_es_poster,,""
1512454,"Fake Documentary “Q”: Cursed Video",2021,ja,/yxalF3HYt8mDXRSJ7r5jYDK3SaB.jpg,es_poster,si,""
1512747,"V",2013,ko,/o8IQGh3iZiZdhrLqklL2HG7bpgP.jpg,no_es_poster,,""
1512881,"Parasomnia",2025,en,/fRbXeftJ6DhCUDxzGpBQp7Wuamw.jpg,es_poster,si,""
1514422,"The Bottle Imp",1992,en,/lt2HfAXs3qwphkygj9h0v1xfOZc.jpg,no_es_poster,,""
1515590,"Madonna Non Grata",2026,en,/8W3q2tugEVbxGA1I1K8Uc8itAFp.jpg,es_poster,si,""
1516591,"Uncanny Valley",2024,en,/kZEnPvEneZGyxHdQrgbyTrpXVrg.jpg,no_es_poster,,""
1516629,"Kienai",2021,ja,/xD8YuFCZdP4J3XVrkne48wkNvOv.jpg,es_poster,si,""
1517272,"Grudge: Blood-sucking higanbana calls the spirits of the dead",1982,ja,/pyLByuPmZC2lEc9KmhFFpqz6eRM.jpg,no_es_poster,,""
1517538,"Fake Documentary ""Q"": House of Mirrors",2021,ja,/ofmS4QQtLNjIXmMhlNOeefaUcLL.jpg,es_poster,si,""
1517731,"Terror Above the Sunset Strip",2024,en,/stt7ljnOg9cSmUK3jDpiecsBKM7.jpg,no_es_poster,,""
1518779,"The thirst for a goal",2024,hi,/d7z3zCUCUqGWqssKYL5UNagdQWn.jpg,no_es_poster,,""
1519390,"The Night of the Clown",1991,es,/dPAnI1momSdPJsBLAGvOeB5seFh.jpg,no_es_poster,,""
1519482,"Bardensra",2025,en,/vsguXnrJjBuUwbPJElbJtejUxrb.jpg,no_es_poster,,""
1520017,"Onionhead",2007,en,/4345dPMH9K7DgJcMgky1mSrIuDG.jpg,no_es_poster,,""
1520273,"La escollera",2025,es,/5QJArdxn8xhJgWu27X5SuNoMqsG.jpg,no_es_poster,,""
1522620,"Abercorn",2021,en,/94H99BJIbVCfRRuFsO4vUY1d8Sv.jpg,no_es_poster,,""
1523040,"One of Those",2025,en,/ueL1uzX5UzTcJYzgw6JI6wgOrQr.jpg,no_es_poster,,""
1523101,"Kyouhugekijyou-2",2017,ja,/cYMNvwmc8Xq40NtQrRVuy1rvy2p.jpg,es_poster,si,""
1525341,"Kaycee Brown",2024,en,/gRfVpf7ickFs9ZW3nXZjS8pfAN9.jpg,no_es_poster,,""
1526203,"O Trajeto",2022,pt,/gim6dlrtgMNzITqJckewm5Ihl7H.jpg,no_es_poster,,""
1526650,"Mudborn",2025,zh,/laxF5iCQbfSqjDIsoaBOJtz2C1N.jpg,es_poster,si,""
1529067,"Dinosaur Farm B&W",2025,en,/mYQoQEmAqzOqiGQsUsAOgCwo4UU.jpg,no_es_poster,,""
1529179,"The Big Shave",2008,en,/ug8z1tnl8b2GEKMOKbfvXfjq0sP.jpg,no_es_poster,,""
1530814,"The Monster Part 2: Hunting the Hunted",2025,en,/3P6Gqrqf6bePkaAYwd5F72nZVrz.jpg,no_es_poster,,""
1531439,"The Easter Egg Thief",2023,en,/aW8vopzM2JT50dKC4bafdnt2Wpu.jpg,no_es_poster,,""
1531505,"The Accursed Urns",1969,ja,/t2XoMmq32gbvQoBYRbkEA44BlzL.jpg,no_es_poster,,""
1532737,"Fetal Dream",2024,km,/69onbzyCAn8vjBkfpw6fjKFfIsQ.jpg,no_es_poster,,""
1533128,"OngLai",2021,ms,/8zsDKZwebmDUjyLmxAVcTOHzRFM.jpg,no_es_poster,,""
1534873,"L'Ouverture",2026,en,/qs1FbzPc4KqWPVNs3FFDw96iIgT.jpg,es_poster,si,""
1535813,"Gays vs Lesbians.",2025,en,/oqBks9WIuSJSYj0TkRjaZXm5zuW.jpg,no_es_poster,,""
1535897,"My Home",2025,ko,/kEq0OkbkqeLrKUwtveksSga0ZWm.jpg,no_es_poster,,""
1536407,"LES DAMES.",2025,fr,/gwJOVLXl9Y0IuXPCZRSpbsdce71.jpg,no_es_poster,,""
1536741,"Glamorama",2015,en,/A5TrNHPahBFCsFi4Tc8ouE1V86o.jpg,no_es_poster,,""
1537182,"MUSA",2025,xx,/kFy7df2dTSvr7ZP3wKhROf5qgc0.jpg,no_es_poster,,""
1538195,"PINK PILLED",2025,en,/zIZNcqTVRt2a7I4JCbp9E6RcbAk.jpg,no_es_poster,,""
1539159,"A Ghost",2025,en,/gLRmUtJWraSQQhpGADeZDnIl8xb.jpg,no_es_poster,,""
1539577,"Unforseen Situation",1993,uk,/uAm5jU0I4sibQ4hC8OM3S45u053.jpg,no_es_poster,,""
1540162,"Where is the egg?",2024,en,/xLIAeDdvpugtBaV7pD4PpjSNICz.jpg,no_es_poster,,""
1540888,"Buzzkill",2025,en,/n6rJ5R97nde5IJgQGV06nDlQvpm.jpg,es_poster,si,""
1541593,"FANTOMA",2025,pt,/p3smkEetpnbo6hDcMEL0nnYOGS1.jpg,es_poster,si,""
1542067,"Insônia",2024,pt,/c6ltmmF10pf0nnmnQFUf9KvN4Jp.jpg,no_es_poster,,""
1542160,"The Shed Incident",2025,en,/cbjD9zhKsBP4FQVoiK9qscX1wCv.jpg,no_es_poster,,""
1542478,"Hallowen Superaz",2021,es,/w3YVU8dfkixakDrKofc0pnkHPOG.jpg,no_es_poster,,""
1543002,"Prowl",2025,en,/iRo2mxr2XI5A8h5nWX8AAFdLV8A.jpg,es_poster,si,""
1543356,"Templos",2025,pt,/k1eD7atayZhG9FqUBlsAGH3aqQj.jpg,no_es_poster,,""
1544051,"Ecstasy of the Broken Chalice",2024,de,/60ISyZDrYX1ZgTDhxiQzWxMvePj.jpg,no_es_poster,,""
1544159,"I Care Because You Do",2023,en,/8sqfsOFeKPjx8fmpUSQ4ijcOCWV.jpg,no_es_poster,,""
1544291,"BIRTH",2025,xx,/zB1nAybqM2Sut2xYR2uLEFbcbuP.jpg,no_es_poster,,""
1544418,"Irish Son",,en,/thJtQwtU67MLKUiYHDle18MbrgI.jpg,no_es_poster,,""
1545191,"The Neighbors",2025,ja,/2yfZOKJvTL2ziM89xMBOgjvoCUN.jpg,es_poster,si,""
1545266,"GOKDU;spreads its wings",2026,ko,/7OedaXdqdMCq8Kz1IAEyL2ob13V.jpg,no_es_poster,,""
1545657,"Sins of the Father",2025,en,/bM3pvOxUC536rpqf4pCfDRY6zMF.jpg,no_es_poster,,""
1545985,"Wesele",2019,pl,/4UL30fBp0X6ZAYHHgGCzqxYb0JI.jpg,no_es_poster,,""
1546574,"The Lab Incident",2025,en,/lADYQiEXTagi67PKT1eEvHq4dU5.jpg,no_es_poster,,""
1546823,"Joke",2024,ko,/vQ0RUV5ZcWLTuHIWpohi3QFCTeY.jpg,no_es_poster,,""
1546959,"Bia",2025,pt,/d2vjkOoELKX4drgCiDps7sXKKRh.jpg,es_poster,si,""
1547508,"nightmare",2025,en,/floqyxXYLPQD1qb3rBpD5mR2Wa1.jpg,no_es_poster,,""
1547725,"The Trees Have Eyes",2025,en,/aLdmltKOiEDUzbH5RM0bM8VpRdB.jpg,no_es_poster,,""
1547879,"INSETTICIDA",2025,it,/kClMXMEUvxpb0ypkfUNP9tf57tX.jpg,es_poster,si,""
1548135,"Fake Documentary “Q”: Hidden Link",2024,ja,/e3Sa3YDekcpkJaSEdqb3lxnen2r.jpg,es_poster,si,""
1548140,"Fake Documentary “Q”: Last Countdown",2022,ja,/8kq1iVmUf7jj4dX5pYBobf92YSJ.jpg,es_poster,si,""
1548141,"Fake Documentary “Q”: Film Inferno",2022,ja,/8kq1iVmUf7jj4dX5pYBobf92YSJ.jpg,es_poster,si,""
1548162,"Fake Documentary ""Q"": Passengers",2023,ja,/f9XIH2AwM5iNPltWHIn47SLim6b.jpg,es_poster,si,""
1548166,"Fake Documentary ""Q"": Mother",2024,ja,/thGdZ3XI0YAJcll5FoxmO7qRAVw.jpg,es_poster,si,""
1548185,"Fake Documentary ""Q"": September 23, 2023 Live Streaming",2023,ja,/8kq1iVmUf7jj4dX5pYBobf92YSJ.jpg,es_poster,si,""
1549019,"Evil Night",2003,en,/6lFa7raqSJKmz2gPXSGkKHRfKAG.jpg,es_poster,si,""
1549709,"Pee Nak 5",2026,th,/5DQKLf9J8AX74nGR7fNSE3CgV9Z.jpg,es_poster,si,""
1550505,"Jetsonio",2021,en,/lIwA8fltj0B9E3D5MzIjth8fapU.jpg,no_es_poster,,""
1550772,"The Treat",1972,en,/fdRvyEigyXyniab54j8Ez7oRJ4X.jpg,no_es_poster,,""
1550778,"The Disappearing Man",1972,en,/aAUVbg0K1dMgginuqG4AHN73Wnb.jpg,no_es_poster,,""
1550863,"KUMLAN",2026,th,/jurDlYvNxtINIdpSoSG45fvUDzW.jpg,no_es_poster,,""
1551775,"Pennywise Returns",2022,en,/kpVDPRRDFEZvO1OcWWyqDBNaSHO.jpg,no_es_poster,,""
1551952,"The Shape",2025,en,/lETCwIfla7SEOZ8Tof3R0NhOFnm.jpg,no_es_poster,,""
1552169,"Wi-Fi Room",2025,en,/fbH43Z9oqcwiIZZFTC8U3dU7Wkn.jpg,no_es_poster,,""
1553167,"The Relict",2025,en,/kQ4sKoAsYmvjEoEhTBC0BWaSFK2.jpg,no_es_poster,,""
1553451,"Les Burgers sanglants",2025,fr,/pSFOV1LboahAzOfQKmo13rWybqk.jpg,no_es_poster,,""
1553496,"Riptide",2024,en,/yThWdY8rO1JvVdgspTmXPuEvNP5.jpg,no_es_poster,,""
1553741,"Ne paniquez pas.",2025,fr,/fHp4cZMnUtayPjkqVt8NOXZO4RJ.jpg,no_es_poster,,""
1554997,"Lusco Fusco (episódio piloto)",,pt,/oeODYBUwDlTB44yiDQux0FSEZky.jpg,es_poster,si,""
1556452,"The Twilight Zone Tower of Terror - Preshow",1994,en,/gF9BdIL7Ojpte2OfSYUXB0Xy5qh.jpg,no_es_poster,,""
1556596,"Pilot",2025,en,/z2cuS746vYAWuVo23BnXE01V7p7.jpg,no_es_poster,,""
1557568,"Dark Bulb",2021,en,/gDVYagLGr5EiUPHRo74Raz2HzIW.jpg,no_es_poster,,""
1558100,"Enemy",2023,en,/mY9uOaUvVK16fmpgbmKMSBoNW0c.jpg,no_es_poster,,""
1558326,"Duke Boney's Bad Day",2025,en,/ieBY5hey9pKtxn0mfrPNUuG8rBA.jpg,no_es_poster,,""
1558386,"ALONENESS",2025,en,/57H7YbJ4WmUTV1tBHNrYTH2RWXl.jpg,no_es_poster,,""
1558468,"Shambhala",2025,te,/toCKv7aKlAzYh0vyrrBZjuWGIMD.jpg,es_poster,si,""
1560522,"MOTHER",2024,ja,/CGpjWk1NogElXhV1I9AGXVBbQn.jpg,no_es_poster,,""
1560573,"The Shoe",2025,en,/6FmlpeuSqiemlBNoHolS1R7gR33.jpg,no_es_poster,,""
1560756,"Heartstopper",2025,en,/o9OuO6lBJB0t2K2Rs7HFcMxmCF3.jpg,no_es_poster,,""
1562012,"Inosculate",2025,en,/6Kv8Mji4wNrGexXozSNWEXvvsZg.jpg,es_poster,si,""
1562272,"Fawnstar",2025,en,/cBKoiSdOvcg7UNwSsDjlTVHFgKh.jpg,no_es_poster,,""
1562657,"Alheio",,pt,/2oLpvkOy0RVEN2ubn2lDnaamKBL.jpg,es_poster,si,""
1563145,"Freak Shack",1994,en,/4dCViLfCJIPYSMR6nRUy6l0qb2F.jpg,no_es_poster,,""
1563653,"Plughole",2025,en,/9liPHqXtICMwd2rxkZWTYG2AWyS.jpg,no_es_poster,,""
1564099,"Into The Shadows",2025,en,/77BAj0Xt9Sn9QhwspCcPlmibbso.jpg,no_es_poster,,""
1565248,"Dance of the Dragon",1987,en,/vsGg2go0f8PedJxq9A1qUhFqlO9.jpg,no_es_poster,,""
1565265,"The Dust",1986,en,/6omLwVvAYIdE2XLzdNQjLK2E8bF.jpg,no_es_poster,,""
1565546,"Play Fight!",2025,en,/mJT24A1NZB4hVyrpG2fhUjRw4u3.jpg,no_es_poster,,""
1567014,"Red Flower",2024,en,/zuomyIN5CXDx8R777BKDo0QP0hX.jpg,no_es_poster,,""
1567813,"The End of Machine Girl: The Band: The ARG: The Movie",2025,en,/cMBpbR3nh7r5hqPDk1esplI5SJn.jpg,no_es_poster,,""
1568165,"What Satan sowed",2025,es,/8sVsLHawBkSlEVZz5TCPxlzDyNt.jpg,no_es_poster,,""
1568448,"Ghost Coast",1978,ja,/cGkNW8LnPJdbiBQ4GVPK0pjJ8kd.jpg,es_poster,si,""
1568478,"Hiperrealidad",2025,es,/2ZouwDnXbrezZTrxxRQcvTAZinm.jpg,no_es_poster,,""
1568579,"remnants",2025,en,/9tj8tlzWYJ2tiHdRJAOpihZcy3A.jpg,no_es_poster,,""
1569675,"Experiment 001",2023,en,/9BMxtMTVwld04k88Q6FV51uiLne.jpg,no_es_poster,,""
1569885,"The Rebuke",2025,en,/balYsKdkQEQWxLX6t6UpVqCj8GD.jpg,no_es_poster,,""
1570005,"Springs",2024,en,/kX414zQuZaWXhiT4SJLWoVuAl4M.jpg,no_es_poster,,""
1570993,"My Own Rebellion",2025,en,/34IVOxCJwhnlArE3x8kUbfLN08G.jpg,no_es_poster,,""
1571063,"Subjugation",,ja,/rvRHRR7QF8JuGKNdhvq1SOXIeZr.jpg,no_es_poster,,""
1571171,"Donut Do It!",2025,en,/2rnBW9rxljXgN5DWbb09t3YcAs.jpg,no_es_poster,,""
1571925,"A Halloween Tale",1987,en,/c1AFnNujYTpFeq2leocLF8azuB0.jpg,no_es_poster,,""
1573074,"run rabbit run",2025,en,/AiqEKEx28E38rDYBpCyY48T2WF4.jpg,no_es_poster,,""
1573115,"The Craft",2022,da,/lmowzXiYXGBRcqq0d4NueZHnfHT.jpg,es_poster,si,""
1573129,"Under the Island",2025,fr,/jMSv4lqqwmWuArjswkwUlRjFY63.jpg,no_es_poster,,""
1573785,"Turncoat",2026,en,/oCtcczrYftV5OCb5DDHZ6N2hkcZ.jpg,no_es_poster,,""
1573818,"Stoneborn",,ko,/9sQDyDU86bldm7khWehylTbApj7.jpg,es_poster,si,""
1574119,"Terrifying Ghost",1974,zh,/fEiLOFM8uboh4xsxYHVitFMZx7f.jpg,es_poster,si,""
1574634,"Fur",,es,/tqfOUyPcZUV7MICGk7TTXV82Hr2.jpg,no_es_poster,,""
1575003,"Pathologic 2: Um Diamante no Mundo dos Jogos",2020,pt,/hIL5hndxk6mpIyuwKnGdkdn2PRk.jpg,no_es_poster,,""
1575401,"The Cult of the Antichrist",2025,en,/6qSIQE8Xi4D0upSE9ErCBYpukxP.jpg,no_es_poster,,""
1575406,"Gacy's House",2025,en,/dLRxT0Y9zLGyKCVYPHp2QyuJKTO.jpg,no_es_poster,,""
1575410,"Nightmare Released",2025,en,/tvpDalZIGKZeVzqoPwZ18S4A31A.jpg,no_es_poster,,""
1575519,"homewreck/homesick/homegrown",2025,en,/nLrPgWgDhgeqEfNBkf8aXCvdBLF.jpg,no_es_poster,,""
1576074,"Starshine",2025,en,/2Prnpsk3A7UmA5du7t2wCNVzNWE.jpg,no_es_poster,,""
1577795,"The Grim Reaper",1961,en,/rLIe5uBPPKw1TnfAmBqHtelI1vV.jpg,no_es_poster,,""
1579014,"BUTCHERTIMÉSUP",2020,de,/pGoaDZcwH45XSz9A3O6HdND4rZy.jpg,no_es_poster,,""
1579519,"PPIDD - The Broadcast Source",2024,en,/AjGOpLlH0HodSEFy6vEGOPH7bbi.jpg,no_es_poster,,""
1579759,"Saia da minha casa",2025,pt,/hkm3SRD8p7PNNBjldjVaCEY40k3.jpg,no_es_poster,,""
1580287,"AHORA ES MÍA.",2025,es,/viHmY8ExEKeYxzjJxeXD11Bzsd4.jpg,es_poster,si,""
1580458,"Better Off Alone",,pt,/oUtIRfET3n7yuM4WBN0GlFqL3E7.jpg,no_es_poster,,""
1580472,"IIsandra In Ruin",2025,en,/7T7zWffUi2aVTPJEyPKZSXh8l3s.jpg,no_es_poster,,""
1580992,"The Stone",,es,/ffXEqEbgRzF91H3zd97MPrmkoPh.jpg,no_es_poster,,""
1581907,"Thursday night",2012,fa,/fmW0vgiEh9nSa3KNSDSYeCQERFE.jpg,es_poster,si,""
1582037,"Who Goes There?",2023,en,/xE16Y547OOoZOb7ayNy5ILI5NvQ.jpg,no_es_poster,,""
1582280,"Double Jump",2024,en,/rd4G2NwgulRbxUu9vhtBxTpfGAi.jpg,no_es_poster,,""
1583363,"Halloween Jaune",2021,fr,/j5THlNzUrUmfB7EkHOemliuJDGa.jpg,no_es_poster,,""
1583524,"The Back Garden",2025,es,/6jESLWdlDqJHH3HLGR8rZHmTacH.jpg,no_es_poster,,""
1585710,"The Farewell",2025,es,/egLI16gG1NGMxXH93FiFOcvJxqv.jpg,no_es_poster,,""
1586002,"אשמתי (My Fault)",2025,es,/p1fFJz7u5tMVWiI5bLCV5UpM0nf.jpg,no_es_poster,,""
1586191,"FRΛIN",2026,fr,/rdL3MmYE5oucbDWxbDNJDe58eWR.jpg,no_es_poster,,""
1586304,"The Stranger",2025,es,/flipyF4AsswSndjnab469ThHiL6.jpg,no_es_poster,,""
1586421,"bouquet",2025,en,/guOMJCcGcY0eheVYCAEMDaOVeIX.jpg,no_es_poster,,""
1586465,"softer, softest",2025,en,/ybFzdGlCuTUSxu4OzOCdqq2Jun4.jpg,no_es_poster,,""
1586663,"Kamaro2",2025,kn,/pihcu4FFLBvALMAgBjXwp6gzcAD.jpg,es_poster,si,""
1586983,"How Did I Get Here?",2024,en,/ezTjY5zsyWGLnjM8PZjU8TypHr6.jpg,no_es_poster,,""
1590787,"Q.R.",2025,es,/wn48jI69zfwlrnigsRjL8XsHOxZ.jpg,no_es_poster,,""
1591621,"Chloe’s Dream",2025,en,/mX9k2Ub3wPYV1pwX3qQsGCKFonE.jpg,no_es_poster,,""
1592560,"In Place",2026,en,/mf5RR3FT66OTH0bgkJRkA4fua0t.jpg,no_es_poster,,""
1593094,"A Light That Never Goes Out",2025,en,/tR9x21SaeaexkaWJQNSOg1R2rOV.jpg,no_es_poster,,""
1593740,"Cookie Cutter",2023,en,/vE9LRapQREuBfaTQP4axbWeebh4.jpg,es_poster,si,""
1594487,"Presión Redux",2025,en,/2t8KVUZueWE3KJa6cF8EXDcoYpP.jpg,no_es_poster,,""
1594591,"Kanimangalam Kovilakam",2026,ml,/7iCV99rBXcrU34AU8LAeUUOudHu.jpg,es_poster,si,""
1594701,"I Forgot Myself Backstage",2025,en,/HM9qj1sZ01qe9r2JobWNf3hvhl.jpg,no_es_poster,,""
1594719,"Bullet and Lace",2026,en,/rtwTinEbnliMVijn0qiMPsonNNy.jpg,no_es_poster,,""
1595706,"An Itch To Scratch",2025,en,/qHjbnaCLPX76TJxGrFMXVaNMJNx.jpg,es_poster,si,""
1595961,"Scarecrow Alley",2023,en,/bO7owGzZfUpTfi0bNmshnVO5Mns.jpg,no_es_poster,,""
1596328,"Ruídos Do Cerne",2025,pt,/kkXSTfx0w13xTpNG9uBJAwGQeZl.jpg,no_es_poster,,""
1598383,"'The Aphorisms of the Circus'",2025,en,/8oBeAK2NjYyTpIYcGPxEqEz2EYA.jpg,no_es_poster,,""
1598484,"Deadzones",2022,en,/yKNxmcvyyArfDNQ08lBD5CK7SmE.jpg,no_es_poster,,""
1598648,"Enfance Plastique",2025,fr,/vQia7JhBnYJ3G6HvfLqWnbiJNgO.jpg,no_es_poster,,""
1598758,"Transcendance Dogmatique",2025,fr,/g50KZLtt1FMkPnxv06ZXeWiGFvC.jpg,no_es_poster,,""
1598989,"Terror of the Ratman",2025,en,/ea9a9C9hm8eAdX85z1rXXGnBQ3t.jpg,no_es_poster,,""
1599018,"Taiping Zhen Strange Tales",2025,zh,/8aomY66YB4tekIwRgJDFBDr9McH.jpg,es_poster,si,""
1599367,"To My Funeral, Come Wearing Red",,pl,/hneWLrWNu3rBPWhG9zxsESbBgZo.jpg,no_es_poster,,""
1600449,"Sara",2006,am,/fZu80ldWdcck84m6s4JeCXkfYRA.jpg,no_es_poster,,""
1601123,"Attrition",2017,en,/tCmnqRa9AYORmRBmkB7oDcssQRG.jpg,es_poster,si,""
1601242,"NightBound",2026,en,/1055R9SSDGm4MbnExJxhytTbcdD.jpg,no_es_poster,,""
1602163,"Remembering Beth",2025,en,/bf2R4hYIzO3wWsdJ1h0Lth3wRdd.jpg,no_es_poster,,""
1602300,"Somnophiliac",2026,en,/8mR1sac9ZgcgVeKl1z3JbcrtAIc.jpg,no_es_poster,,""
1602715,"Flaggot",2025,en,/sNMDdHWojDoypdGBB1U2TaD8O09.jpg,no_es_poster,,""
1603066,"Ghost Festival in Zenjin Village",1979,ja,/6Te8Wo0e4BoqjjGdx0r9p8esBZ7.jpg,es_poster,si,""
1604011,"Elf on the Shelf 3",2025,en,/xvQYdL23D8MKACqD5xAtaIbI1vE.jpg,no_es_poster,,""
1604118,"Predestined",2025,pt,/dk9saoPqk9z4o16s0OMOEbNC8vS.jpg,no_es_poster,,""
1604555,"[Untitled] - Ébauche",2025,en,/7FMNtICUGr6IU0Pxr6tnvwQzqiJ.jpg,no_es_poster,,""
1604634,"The Bride of the Ghost Lake",1979,ja,/kr6McBZecqkntyHgx2d99G9Nzk8.jpg,es_poster,si,""
1604798,"Neighbours",2014,cn,/rhnXjOaTj1hGgWVc9OafTnoiH1r.jpg,no_es_poster,,""
1605020,"Ghost Reunion",1984,ja,/oYRAuOCPthudetXCNAUXlNCJjrd.jpg,es_poster,si,""
1605027,"Bhadil Solval Bhadrakali",1986,ta,/vI01ScbtUhcorpXZBrjrdhwGFE8.jpg,es_poster,si,""
1605028,"Untitled - [Into The Wild]",2025,en,/lS7fhxTFwrVi7mw1BvSOVjmqQyq.jpg,no_es_poster,,""
1605744,"crow.mp4",2026,en,/sOqJ7RlOrAqpYCCnEBaotM2YuYP.jpg,no_es_poster,,""
1606966,"Unity for Nostalgia",2025,en,/f6G9kEaFRN7iwuhg5tE2KdjThmy.jpg,no_es_poster,,""
1607008,"Haunted by your shadow",2025,en,/qWLW55vTap8otQvr6YxNocziiEY.jpg,no_es_poster,,""
1608681,"Fake Documentary “Q”: What The Deceased Left Behind",,ja,/8Zg3ERpSx2Ulhp1Sv9Oc4YKVMgw.jpg,es_poster,si,""
1609285,"Martwe wspomnienie",2025,pl,/ixLX1MzxPIMmiPPMe3zw4vPZ1lw.jpg,no_es_poster,,""
1609610,"GROT",1985,xx,/jaYKznABnQF3UgLtYJq2RrRh88y.jpg,es_poster,si,""
1609975,"THE CREATURE",2023,en,/pG9CsexbWbmEXCb3KWlLfIGP37N.jpg,no_es_poster,,""
1610201,"Following",2024,th,/v6hZDleeDgR6QXt2bqTqntejjGN.jpg,no_es_poster,,""
1610597,"Predators: The Chosen",2010,en,/m8q3lw7qf7OdR6GAMCgG1YxPxYl.jpg,no_es_poster,,""
1610761,"Don't",2026,en,/ttWEhCEjdYZhYH53uXRdMK7PqCD.jpg,no_es_poster,,""
1610847,"Godflesh",2026,en,/SY9BXtwvqGArdwDF9UlKoJKbzY.jpg,es_poster,si,""
1611879,"AMOЯ",2026,es,/neahwflfe3i40MITiaHscqXsPFo.jpg,es_poster,si,""
1612432,"Pumpkin Song",2018,en,/lmjg28bpeEyA9aECWGQH8Oa4EQJ.jpg,no_es_poster,,""
1612973,"Odradek",2026,en,/FhPU5ULsAZsS5t9onMe042K90C.jpg,no_es_poster,,""
1613258,"Children of the Night",2000,en,/aeAeRUuv9pEArsIfabhGhr2cFzF.jpg,no_es_poster,,""
1614906,"CRAWL. SUCK. KILL.",2023,en,/mEOoI8bgsOVZdQaNbbOBK6faGCl.jpg,no_es_poster,,""
1615788,"The Psycho",2025,en,/5ez8Sq43hv8gbuQvfVNfsCtxM9Y.jpg,no_es_poster,,""
1615800,"Transformation",2025,en,/61O9uctOY8bpAjSiT9sl5bEtZ4b.jpg,es_poster,si,""
1616160,"Scorching",2026,zh,/mD0zg3lt7THaBfeuDsCybA7Ke2v.jpg,es_poster,si,""
1616563,"Pain Flow Blood Flow",2022,en,/hLfZ9nNIrwbChGhnPg39JQhX0Ae.jpg,no_es_poster,,""
1616669,"The Shed Part Two",1987,en,/dlgQJXBCUCEQTKqBnEeYVqGdfEs.jpg,es_poster,si,""
1618042,"Good Boy",2011,en,/pN5AUldfNcECHin2c4R4AEgBjyc.jpg,no_es_poster,,""
1618858,"NMB48 - Omowase Kousen",2013,ja,/jeBxKVH4oMmQxgm9Ka8uGul5EiW.jpg,es_poster,si,""
1619416,"You're Still Awake",2023,en,/2YAy5DOwhQ2HaavuANGkfFtvKNT.jpg,no_es_poster,,""
1620125,"Shambler",2022,en,/xlrC5d52K24kFTil3P6QG9WdoKw.jpg,no_es_poster,,""
1620810,"IF I FLINCH I DIE",2025,en,/vdADKzM9isEH7vNGfTuCNbwHDuk.jpg,es_poster,si,""
1621268,"Obelisk - Why Do You Keep Us Here",,en,/gwod36l6exBVh0FGi6GuqjfHTg0.jpg,no_es_poster,,""
1621287,"Obelisk - In Your Home",,en,/dOBQxPGnG6KHP3NGn3txLr6l5uh.jpg,no_es_poster,,""
1621299,"Obelisk - You're Almost Gone",,en,/p0HPfZmw3ugk7BI1BXeKDWRWkTO.jpg,no_es_poster,,""
1621834,"Obelisk - The Man In The Tower",,en,/uLOeimTStJwHNX759p7fPA3jZgO.jpg,no_es_poster,,""
1623425,"L'invocation",,fr,/w8p7YNucBnJurPQro0GKAYmt0iR.jpg,no_es_poster,,""
1623427,"Bats [found footage]",2022,en,/zMkFtA5T7A0Aui43bGmXZ6sj2eJ.jpg,no_es_poster,,""
1623446,"Ouroboros",2026,xx,/70WSe56V74LC9bgWA9DVs31FYE3.jpg,no_es_poster,,""
1624511,"The time I caught a ghost",2020,en,/t9l0DUaUhuNwMEG5com1Mqg6QdQ.jpg,no_es_poster,,""
1624513,"Scary Story",2022,en,/zGF8mWxf4bm5mOXx0hEGveN7TyN.jpg,no_es_poster,,""
1625172,"Sardines",2026,gl,/tJ99jZ4rJY9XkNK9P1q0X8vQQsP.jpg,no_es_poster,,""
1625531,"Ovum",2026,en,/4jZkwPBPhCfUKw51rRwWUWvrkcY.jpg,no_es_poster,,""
1625898,"Disgust",2026,en,/ziTYC17SJLN23YlLOfCbAwIY7Qf.jpg,no_es_poster,,""
1630588,"GHOSTFACE vs LEATHERFACE",2018,en,/8031SQV7igaT3SI3YRe1GPpIoym.jpg,no_es_poster,,""
1630590,"GHOSTFACE vs THE COLLECTOR",2018,en,/zLCG3T8wqCzRykAgwalTgznVkOI.jpg,no_es_poster,,""
1630609,"Michael and Jason: Best Buds",2020,en,/cQSC06BDF21qB7nNqxtxmbwlxWZ.jpg,no_es_poster,,""
1630858,"GHOSTFACE VS JEFF THE KILLER",2023,en,/iouMd2qv2wlCqfHXeSPITlFrdPw.jpg,no_es_poster,,""
1630859,"Between Matina",2016,en,/kWgg9k63UydACglUcPrUZitr5Xk.jpg,no_es_poster,,""
1630862,"Horror Icons Celebrate Christmas",2021,en,/zuRWEiGoM5ROAWSJPiHiJd0Jho9.jpg,no_es_poster,,""
1631706,"Dirty Snow",2026,en,/fSkzAv53izyotluV6yCRXK4WhwB.jpg,no_es_poster,,""
1632131,"A Nostalgic Game",2025,pt,/zyD7uf66RqBMAhCM3TU0V4YJ7Rb.jpg,no_es_poster,,""
1632231,"The Shedding",2026,fr,/pHpP68ahBEgDItzPiZLsv1VMSWG.jpg,no_es_poster,,""
1632504,"The Fly: The Abyss of Mutation",2026,zh,/agyvp3tF993QXrKrbuVPDWRytBs.jpg,es_poster,si,""
1633391,"Visions of the Shadow Kingdom",2015,en,/8e8tR0jfEkzr4llcEs6qlCOZLhd.jpg,no_es_poster,,""
1633413,"Visions of the Shadow Kingdom II",2020,en,/bBQcAPfmnyuRVKji9ufG2NfDOp8.jpg,no_es_poster,,""
1633457,"Hair Dreams",2026,en,/yywqGS0MIfojEI0AyaRqqzSJ3ZZ.jpg,no_es_poster,,""
1633730,"Fire Is Born",2025,en,/bdbeuGgk9Q436QU3Rbq63WK5C1z.jpg,no_es_poster,,""
1636048,"Shard",,fr,/63md1ZRmJVPJLDr2WLED60iVotA.jpg,no_es_poster,,""
1636595,"YOURS0223 foreign drive",2014,xx,/7o0cmkHPqTRrycaCrTsczjzHbjI.jpg,no_es_poster,,""
1636639,"El Cuarto Negro - The Black Room",,es,/6GESUige8mHlGeii9B7uwuJZlQP.jpg,no_es_poster,,""
1638328,"Skeleton Kisses",2026,en,/3XGdB3n1JayOH6ubJaVccQXlLzc.jpg,no_es_poster,,""
1638354,"Recámaras",2004,es,/5KkDxm5WWEL1zFtJXXB2EPq4ojz.jpg,no_es_poster,,""
1638902,"Im Still Here",2026,en,/jjWPZ4AkYllBQq5HSEoob7YCkQf.jpg,no_es_poster,,""
1639192,"The Chopper",1971,en,/3a55RjeAGTigqBC38NIdhKiU2cs.jpg,no_es_poster,,""
1639324,"The Uninvited",1971,en,/qPUvkZlmZJTiOpZTpANWlUzIMZo.jpg,no_es_poster,,""
1639928,"MEMORIES OF SEMIH",2026,tr,/zh76rFHe583ge937X6bb0iJceOh.jpg,no_es_poster,,""
1639958,"Spiders on My Lashline",2026,en,/qPab8yormBsJxU8LW9AVPU2dwCX.jpg,es_poster,si,""
1640184,"Wheel of Obedience",2026,ko,/bCtyEa2AT5AUfQAW7CBlbiRWptU.jpg,no_es_poster,,""
1641251,"ghoststory",2026,en,/vKfDVQK9hDnqL8JXRFhqB4PPmBZ.jpg,es_poster,si,""
1641286,"POX",2022,en,/fQUCWXg9mePSDKZWZBdqaMnks6O.jpg,es_poster,si,""
1642649,"The Fulgid Ordeal",2026,en,/pD0IWqCUTFX0DUjW2C5kEU9ZkpN.jpg,no_es_poster,,""
1642656,"Desight",2026,en,/tASOygxs8VdNVQ69hf4HuTdiA5d.jpg,no_es_poster,,""
1643779,"Trashman TV",2022,en,/6kutSrhJS8eCR3NkrigekbjvPkK.jpg,no_es_poster,,""
1644269,"Siren Head",2020,en,/368m6qpnMRNjegx7Gj9cQYKMZKM.jpg,no_es_poster,,""
1645739,"Lady Gaga - MAC Viva Glam",2011,en,/vH2tqL07Ahk86sRdcTAL2KbJGBc.jpg,no_es_poster,,""
1646001,"JAW",2026,en,/25NKBZkJat6zmDjv8B2UarVrwTh.jpg,no_es_poster,,""
1646124,"Tiger's Rampage",2026,en,/5baxI2CuEIrmyhTyLeVdO1IutIu.jpg,es_poster,si,""
1646461,"Charlie's Ear",1992,en,/v8ism2PIp8zjzTJtC85AM5EdxWA.jpg,no_es_poster,,""
1647795,"Little Shop of Grotesque",2017,cn,/pSm2MtupVGRys8fSUYVFZPw0BeO.jpg,no_es_poster,,""
1648343,"Red Herring's Found Footage Nightmare",2026,en,/1lDOuJnKg6BgJn3oPjQj6eSzaXp.jpg,no_es_poster,,""
1649255,"Worship Him",2026,en,/8tJvztr6A8iSI8DyulxJZoDpar5.jpg,no_es_poster,,""
1649588,"The Summer of '77",2025,en,/tHieQbZGwHZwIGQQSNsah7HKFFD.jpg,,,""
1649704,"Something in the Cellar",1969,en,/krw41Ia4CYxkzOrtSCXDzRHeYse.jpg,no_es_poster,,""
1649727,"Taste of Evil",1971,en,/6UYCgtWWBF66mDruJvDiSKjPWqn.jpg,no_es_poster,,""
1650124,"The Shattered Eye",1971,en,/7HxV3TWtCYhlV1IyADOy9ljjoop.jpg,no_es_poster,,""
1650210,"Sundown",2026,en,/u6sv9wpEnWnbbGQ1bRkfCjteYJU.jpg,no_es_poster,,""
1651069,"SOMA: Transmissions",2015,en,/kz6pPghWbCK7Cb7qveFHM7hWu13.jpg,no_es_poster,,""
1651331,"1...2...3... Kamera... Akcja!",2026,pl,/36vAwMnF5XbmhjmBk2iIciawCq2.jpg,no_es_poster,,""
1651542,"McKenzie",2024,en,/yMYgmt7PN8rF41iIBojv5wHDQAP.jpg,es_poster,si,""
1653057,"Memoriam",2026,en,/guJpCQBdAr1kpX8UNcWhE9PuiBB.jpg,no_es_poster,,""
1654587,"Shining Night",2026,en,/7rbfbZARo5mIHqkv4Quqw2ObhjS.jpg,no_es_poster,,""
1654701,"How to do a backflip!",2020,en,/3pSQp5EfGob3TByDMYT6WRxwpbe.jpg,no_es_poster,,""
1655042,"Gakkou No Yuurei",1995,ja,/2eJ8hqjXrfHDwEO9KBmBLCSfiKL.jpg,es_poster,si,""
1655050,"Debt",2023,pt,/uWkmaypUD1uvKN48tf1BMTyxTS2.jpg,no_es_poster,,""
1655224,"Meggamorphosis",1993,en,/zqLofuQL2gGEtE44YYX1osnEJGf.jpg,no_es_poster,,""
1656117,"Refém",2015,pt,/vVw4MUkifpNVNYEqvpDOOzDq80K.jpg,no_es_poster,,""
1656958,"Greeley's Creamies",2026,en,/wwBHm8emfjjs2DKCIAVeI8TUKep.jpg,no_es_poster,,""
1657261,"Jurassic Scream",2023,pt,/b6E9FBDMAc6pS27QAltg8kjLzFF.jpg,no_es_poster,,""
1657426,"Ghost of TsimFuckis",2006,en,/pB9VqwY2nFKJsCE18YbBzqlkZkx.jpg,no_es_poster,,""
1658844,"In The Woods",2007,en,/liedJLFissIPqfYopfyt6expMg1.jpg,no_es_poster,,""
1659025,"In The Woods 2: Deeper In The Woods",2007,en,/nCgM1R836uF9NmSqBPYhVjCVgS1.jpg,no_es_poster,,""
1659078,"The Cucumber Killer",2008,en,/xZw8W5P19mCmAQF7na7OZcXTs5X.jpg,no_es_poster,,""
1659112,"Absentia",2026,en,/1DAWoEwR0W660wMwGkgxVRzzWvD.jpg,no_es_poster,,""
1659315,"Scary And Strange",2019,en,/sDaxfdfhIhcCWhHcUm12ByXA2bN.jpg,no_es_poster,,""
1660343,"Ghostfluencer",2026,th,/t9bwmdEIL0wF6nsUOo9jQZYsrW9.jpg,es_poster,si,""
1660738,"Glückskeks",2026,de,/28r65a9bCyCf1TGAxgOoJbo28Pj.jpg,no_es_poster,,""
1661127,"She Fell Asleep and Dreamt of a Library",2026,en,/rX4pnwN6aBUl9v5hfdfPh9DpDDh.jpg,no_es_poster,,""
1661471,"Se minha parede falasse",2026,pt,/8NaSvmHtffNJdA4DbeSAJUubDVI.jpg,no_es_poster,,""
1662026,"Con los Muertos",2013,es,/urX4nSsrBSX228iehztnSoQYwAJ.jpg,no_es_poster,,""
1662075,"Dogfood Heaven",2025,en,/2J7Ah41Wlayeb2JmrfvqhWytHI5.jpg,no_es_poster,,""
1662415,"SEPTICEMIA",2025,pt,/kUBqVasrM6uaNvjto6ry0wm570O.jpg,es_poster,si,""
1662480,"Wilno, 1926",2026,pl,/5nw63TPkXBO3mTEava7E0AeJuRg.jpg,no_es_poster,,""
1663122,"The Screamer",2009,en,/2wwMYpE07wbnTiJO9HwPeb31NgS.jpg,no_es_poster,,""
1663914,"Screaming, Laughing",2026,en,/hXCDXSXX9BxsWkN8m3sHfgq8jq0.jpg,no_es_poster,,""
1664087,"Tears of Blood",2026,en,/nS96cXIu30cAPpC8pZFWwrxWGT5.jpg,no_es_poster,,""
1665138,"Dear Apologies",2025,en,/lNSmSf6P44IeuPsZqfuHO3Iirgc.jpg,no_es_poster,,""
1665195,"Either Way My Body is Illegal",2026,en,/t4ZWIO75FpkTv49ryhmRBNb8qUA.jpg,no_es_poster,,""
1665409,"Vlog Cam",2026,en,/c50qEjoFvbsTbiehukkPdv6utYL.jpg,no_es_poster,,""
1666010,"The Glorious Dead",2026,en,/A8eb49HEbhHi5SFTmAbJfhJOAgy.jpg,no_es_poster,,""
1666912,"Avoidant Attachment",2024,en,/Am4QCb9FjK8Epd0kYBierjq7JZ6.jpg,es_poster,si,""
1667813,"Don't Hug Me I'm Scared: Behind the Magic",2017,en,/cf9NCFhNye2kGIbvZbbk2j6gefD.jpg,no_es_poster,,""
1667911,"Sonder",2026,en,/q7lRb7qtJQ1HbQ8ghHWNhzO2ICK.jpg,es_poster,si,""
1668141,"Haunt",2006,en,/zNedNS8W332iBqJtrzn3kAgIOI0.jpg,no_es_poster,,""
1668322,"FRAGMENT DE VIOLENCE NOCTURNE",2025,fr,/aNmDvrq2US7vro8S0d8Xz5jalXH.jpg,no_es_poster,,""
1668381,"Ivan",2026,en,/9Sqx6Qtd5lZrys9K85byYcNu5sj.jpg,no_es_poster,,""
1669469,"Ticci Toby",2018,en,/o0TyykCakXhISoH6sdgbQPL245a.jpg,no_es_poster,,""
1671319,"Psycho 60/98",2016,en,/wr60l6hDogqrtK9YJBwqaGPGPbv.jpg,no_es_poster,,""
1671363,"My Street",2026,pl,/yslVrZ0CP4pOOqsZqd50cn7Davt.jpg,no_es_poster,,""
1671598,"Only in Dreams",2026,en,/rUBzRlVEEJ8Gu7VvrueyfsdVt4K.jpg,es_poster,si,""
1673365,"The Horror Attraction",2024,en,/rqNrJ2nneL3QYpYri3oWU5m7BMk.jpg,no_es_poster,,""
1674304,"Battle of the Zombie Staplers",2026,en,/4sqV5q3ESVavn0R1f7K0EpGCaTh.jpg,no_es_poster,,""
1675356,"Çok Çekim Ölüler",2023,tr,/ahiaBYQxhF3FInpi7A2A4u2wctq.jpg,no_es_poster,,""
1676124,"Bill's Miracle",2026,en,/osElH6ss5FUkFYW5vQrgPMFvYlV.jpg,no_es_poster,,""
1676459,"iMi",2025,en,/whnQTqNosxSPBwaRAFTaUqmNLZj.jpg,no_es_poster,,""
1678298,"The Waiter",2026,en,/lcS3fDlIqQntdaV2XRcmGRt5huR.jpg,es_poster,si,""
1678301,"Órbita Digital",2026,pt,/sGmVgZArkFN4SfUeiv8UYcpOe5z.jpg,no_es_poster,,""
1678353,"|||||||||||||",2024,ja,/gT47KOFnEEDy4BeP7vmq2fOSI52.jpg,es_poster,si,""
1679260,"Figlio mio, mi dispiace",2025,it,/9em29y0ZlO2Didzyd5zpJuGdJFo.jpg,no_es_poster,,""
1679631,"Red Dots",2026,en,/4asQL6lKx98QVtLDR6ytAr2KBLo.jpg,es_poster,si,""
1680059,"the last day",2019,pt,/2HZSHZNn8rI7vOFpN6ZiRZkKqb9.jpg,no_es_poster,,""
1681219,"Tonight I Won't Be Eaten",2022,fr,/hTidiHHgMYbl2EM9I2p2nna9qCl.jpg,no_es_poster,,""
1681429,"BEAR TRAP",2026,en,/y2Y7L85u4bPkMK8A0lb15mheAIy.jpg,es_poster,si,""
1684132,".",2026,en,/lmTRRbToNWgFssbBYYHnDJcWUyV.jpg,no_es_poster,,""
1685843,"When You Hear Hoofbeats",2026,en,/obnANcSh3uVnBNNBbQnVFXhhBQG.jpg,no_es_poster,,""
1686347,"In Your Eye",1989,en,/emgSsNIlBkCpTHKB56MKr69VASF.jpg,es_poster,si,""
1686571,"Henry Eats",2003,en,/yu9TsDsbQjxczsFd64FyvY7PuiH.jpg,no_es_poster,,""
1686582,"SALOMONE",2026,fr,/pPkoMsIP3PBcQGuI1vhssGpFHZE.jpg,no_es_poster,,""
1687144,"Skotos",2026,en,/2G9k4XFP3LnBbaUh9Bv3v9GjNU6.jpg,es_poster,si,""
1687266,"GRYGIEL: The Movie",2026,pl,/mVxmSPON4WEpgiQMi1Ooch7eKfw.jpg,no_es_poster,,""
1688273,"Mourning the Bodies",1997,pt,/o4G1xr1l27vdK1u4Kf2SOREDu1h.jpg,no_es_poster,,""
1689484,"La Pesadilla",,es,/qWhG1M1Os677QQl6rquq2zvmLwf.jpg,no_es_poster,,""
1689911,"The Cat's House",2026,en,/dzFsLf5CwqQIMLSUavrL87Lusrm.jpg,no_es_poster,,""
1689919,"Wraith",2023,en,/8irtZEzXXQogSFk9j6q6R726EIi.jpg,es_poster,si,""
1690141,"UGLY",2025,en,/9Iet2wdgf4Wi81lP9vpvq3yi1ja.jpg,no_es_poster,,""
1690554,"The Black Tor",2023,en,/1Ooxdz1QjlZXJU0yrFJr1iaU3aB.jpg,no_es_poster,,""
1690560,"Call of the Wild",2025,en,/jbjtImcbVbdt0bRi7eVwk6F1iEx.jpg,no_es_poster,,""
1691666,"Eroticristo",2025,en,/9AfPYv82FmyYPJaIL39aS0tWdIm.jpg,no_es_poster,,""
1692282,"Krasny",1999,en,/kYcWGQGu5QKp5nOlhkggnrPX2Ai.jpg,es_poster,si,""
1692531,"I Wish",2024,en,/ljcxwdwRnaVEBfM5Lb24jFoJE4Z.jpg,no_es_poster,,""
1692539,"Baby",2024,en,/gDP1pQu9bKp7btsE90skiYotKvd.jpg,no_es_poster,,""
1693703,"Suture",2026,en,/82ASslUZdIzAJzgS4zJPK1oWo3N.jpg,es_poster,si,""
1695481,"Saunaaeg",2026,et,/Sqma7Q1jG0GZIEk7sGPMnFt1WS.jpg,no_es_poster,,""
1695874,"Eden",2012,fr,/9J6Jriw5CKBKlqhoRQJ3cS2bdJa.jpg,no_es_poster,,""
1695900,"The Charybdis",2026,en,/4eXVuy8ZhFtqWBn2So7PbIlqPeA.jpg,es_poster,si,""
1696454,"Human Nature",,fr,/tqvhjKSTh3UspLb19llVl7N9Tn2.jpg,no_es_poster,,""
1696579,"The Box",2026,en,/Axi2njg9iOH0mvIp0TlscbdcSB.jpg,no_es_poster,,""
1699043,"Hungry Ghost",2026,ko,/lDWa0dFJgMIiHvtqk1kaVJihV4D.jpg,no_es_poster,,""
1699061,"Happily Ever After",2026,ko,/428lStYPjDVF39DNBGCO1vpzoGx.jpg,no_es_poster,,""
1699088,"Night Shift",2026,ko,/f8M16pL9NVlK3CEmqLZnhfD4gds.jpg,no_es_poster,,""
1699637,"Siren",2026,ko,/5LIfj48XudmdOW4p8BbHkvAuu6N.jpg,es_poster,si,""
1700155,"Fantasy Nightmare Edition",2025,en,/doPqISENnuqI2hApRi60K8AZHgB.jpg,no_es_poster,,""
1700161,"Hellfire the Torturous Continuation of Nothingness",2025,en,/lBAaM2RnaGM6R5KTvMKgfISOMc2.jpg,no_es_poster,,""
1700162,"Tape One",2025,en,/eCHlOLdb2UoAARuxS9E83wai3Sa.jpg,no_es_poster,,""
1701295,"Clarity",2020,en,/fNWcAjzrayiUAE5EwjkUxCdmm4G.jpg,no_es_poster,,""
1701304,"Hear no See no Speak no",2023,en,/9FuFSSgyaqDvubFwK7IOv8UDlcI.jpg,no_es_poster,,""
1701314,"Flooded Moonlight",2025,en,/iPS9bVLLkcLbbccp0fKpG8zgZnO.jpg,no_es_poster,,""
1701323,"Season of the witch",2025,en,/pA469j99oP9uGdoChO9fsiANI2i.jpg,no_es_poster,,""
1701856,"50 Odd Foot of Shit",2004,en,/gDrgGCueLuevbGkshhWG1rDypuu.jpg,no_es_poster,,""
1702585,"Fear Within",1997,it,/wy2jNgDPzKjPm8KXnLwJCZglJi.jpg,no_es_poster,,""
1703248,"A Detached Reflection - Riflessi Privati",,it,/4dLwwUOse3boz3zy7UDjaIhEVPV.jpg,no_es_poster,,""
1703686,"Mauviette",2026,fr,/kQke1ThtMzsfNaZDaNBmdYaCEVb.jpg,es_poster,si,""
1704508,"Quand tu dors",,it,/fkztUYlsHOiEOTJsDlHHbDDjapF.jpg,no_es_poster,,""
1705345,"Woman Under Wound",2026,en,/uGKCnm1n2eBlkQxvT5o343ttRcl.jpg,no_es_poster,,""
1706830,"Mimic",,fr,/iQkoc8lqEeIo34sOK9cOIZxHwPe.jpg,no_es_poster,,""
1706847,"""YOU""",1991,en,/v4VzufNy5Siv9mnXez3qwgM9Ocg.jpg,es_poster,si,""
1707590,"I'm insane",2026,en,/vElJFvSpzO7A7uGTT9qGSaskt82.jpg,no_es_poster,,""
1707658,"Pitico: Hermes Ayres Azevedo (1881-1959) - Local Historian",2026,pt,/5Wx85s6V2D9QJz05POa8vHdHzSZ.jpg,no_es_poster,,""
1707748,"Late At Night",2023,en,/wZ5zN7bhk9UeDcMPzT2WoZ6fKWK.jpg,no_es_poster,,""
1707927,"Aaahladam",2025,ml,/4iqSeODQShVu0Iwx3qDezrfgIn2.jpg,es_poster,si,""
1708241,"Corpus",2026,en,/qUSB21YnXYYf0RUk6CKqyChgJ0Z.jpg,no_es_poster,,""
1708324,"Bethesda, MD Short-Circuited",2026,en,/vxUVb8W0WTgXRtQSCAeQfsrQRxE.jpg,no_es_poster,,""
1708493,"Tainted Blood",2026,en,/AuDfqhyHUrXM9Xc74Dn9AARge15.jpg,no_es_poster,,""
1709191,"Contagious Story - The Psychic Girl",2016,ja,/vyM0sEv2FsvVtLVgRHBBLBeugI8.jpg,es_poster,si,""
1711214,"M Is for Midget",2013,en,/l5Hi7pJm6RX1XAyVsDxf7MT5NdA.jpg,no_es_poster,,""
1711400,"NADA",2026,tr,/gCSU1moukw3bUzZZKsoz723r9qU.jpg,es_poster,si,""
1712042,"Life of Autism 2",2023,he,/6Rf2m4oGGipndEY727wkmp88Dfh.jpg,no_es_poster,,""
1712409,"The Ball Pit",2026,en,/5qOzST0qTKBTVu72nmnLtdRYgTG.jpg,no_es_poster,,""
1712546,"Not My Responsibility",2020,en,/svnKFlk0WaDmU585NtaETk0a9Je.jpg,no_es_poster,,""
1713161,"Màcula",2026,it,/l5yeQVRLx8UxTQrWPyvDr2Xl6dI.jpg,es_poster,si,""
1713418,"The Dead Mall",2025,en,/xhAAstWVN6MPNWJ8p0locc5iSIK.jpg,no_es_poster,,""
1714149,"la soga y el fuego",2023,en,/6nYcubLH7IWQxk4QFNRxCdmWfj8.jpg,no_es_poster,,""
1715221,"The Staircase",2025,en,/kOJ8Xn8Sk3JgJcF2EjKJ9k32sHp.jpg,no_es_poster,,""
1715255,"Eyeball",1994,ja,/8x4B6JpM7qtGFZS2av8uWBrbQFb.jpg,no_es_poster,,""
1715853,"The Rexburg Psycho: Origins",2022,en,/okOLrQzuRkZOTXiIovqBtO0QqDN.jpg,no_es_poster,,""
1715864,"Curse of the Cotswolds",2025,en,/nPro8Fv6C4lgknZxI7DEuMTzw7O.jpg,no_es_poster,,""
1715882,"The Rexburg Psycho 4",2023,en,/okOLrQzuRkZOTXiIovqBtO0QqDN.jpg,no_es_poster,,""
1716508,"Dracula! - The Final Scenes",2026,en,/uC8EcFMsZND3QUuMJudM5Fo4XwF.jpg,no_es_poster,,""
1718361,"DOOM",2026,en,/gwohQcWOxC6lBpKVqBFdsIl5eb8.jpg,es_poster,si,""
1719450,"Улыбка",,ru,/1LNPqcoWLlbmQCAmTKa4uYoMZHP.jpg,no_es_poster,,""
1720065,"CALM, the Last Tale of Horacio Quiroga",,es,/vQ0AmG3vU38Hf0aRAvy5p0CrJXs.jpg,no_es_poster,,""
1720185,"Seven Wonders of the Main Place of Edo",,ja,/sMhv2HU0Yc3tyCNA7LK4NfsCpEN.jpg,es_poster,si,""
1720656,"A Domestic Incident in Boylan Heights",2017,en,/ybvjql7xZPAa4HtxEEMVD0ididN.jpg,no_es_poster,,""
1720774,"A blood story",2026,it,/kum5kkrfZoeAWlAiZfWkka5p1Dv.jpg,no_es_poster,,""
1720988,"The House of Horrors",,ja,/xuJIHRjSR2vtY5hN8vFsBztO8Dt.jpg,no_es_poster,,""
1721011,"Código Rosetta",2025,es,/yFPLtnpFy29271IBGpbyWZCrUUJ.jpg,no_es_poster,,""
1721262,"INGRESS LABYRINTH",2026,en,/jIfG6KfMdIgepHwnpP5ctEPYKo1.jpg,no_es_poster,,""
1721286,"Dry Pond For narcissus",2026,en,/lceeYjyIDRbp8RSI6V1nTyyZesN.jpg,no_es_poster,,""
1721495,"Depois Daquela Festa",2008,pt,/kivkGWPCWlX6qfFNCFs2Ru0DoEY.jpg,no_es_poster,,""
1721760,"autopsy",2025,pt,/2U28K7pf4kyNKCpXOXrjD4EXUjB.jpg,no_es_poster,,""
1722077,"Burnout",,pt,/shHvZRKFF8XsgeB6B2OGfzxOziJ.jpg,no_es_poster,,""
1722176,"O Guanaco Caipira",2026,pt,/38XRDH6rwHoAvyaQ55DQTp6Po0l.jpg,no_es_poster,,""
1722489,"When The Owling Has Come",1989,en,/8Ktll8aGgfMnfYLEo1GjTzAzLYp.jpg,no_es_poster,,""
1722502,"Dishti Bomma",2026,te,/esK2v099nTxqHJIk5LS29CaJwkK.jpg,es_poster,si,""
1722702,"Devour",2022,en,/3wTdJfHJCWdsIbRdupPFZTtFiv.jpg,es_poster,si,""
1722717,"Gore",2026,en,/vekNEH9rCGsxqtPbItdiPRbrLu.jpg,es_poster,si,""
1723316,"Oil & Water",2024,en,/gkfeVSd5pQuuhfOsyp0G7jeHGCq.jpg,no_es_poster,,""
1723487,"RIPS",2026,en,/nyq4jmrJQCCNDdQlxv417Lql9VW.jpg,es_poster,si,""
1723640,"Jailbird",2020,en,/aAkFpdNuYYavTapm8vu3lmueHLb.jpg,no_es_poster,,""
1723985,"Blank Canvas",2024,en,/pbHiWXqVJ1CRATRXJf4J36OUh7h.jpg,no_es_poster,,""
1724072,"Of Womb",2026,en,/fWXWNa413xr7iIr2kGAVXGZbvUI.jpg,no_es_poster,,""
1725794,"Fantastic Planet",2026,en,/hyZfrLyh5x3AoPRHzrjyF8Xu90Q.jpg,no_es_poster,,""
1727347,"A PAPA-ALMA (A Short Film)",2020,pt,/cMxlgaht3Oz62xIYAHBagK8Idy.jpg,no_es_poster,,""
1729035,"Violent World News",2006,de,/jD71zmqQXt2RD7hjaB70R0KRiOj.jpg,es_poster,si,""
1730756,"Folk Mysteries Record (宋家镇怪谈)",2026,zh,/5oPj8CMOLyaRyLJmN0g4EeMWlcy.jpg,es_poster,si,""
1730762,"SkinDeep",2026,en,/gTZsP2XoenxTctbAnd31zAPW5J8.jpg,es_poster,si,""
1730952,"Poo Blast",2007,en,/aLOrfQAqkZG4n8SGk1WiCm7rv9d.jpg,no_es_poster,,""
1731223,"Beating the fear of Jinn into me",2025,en,/vfJtuIw44L7Oy3kFoxQSBGbCwQe.jpg,es_poster,si,""
1731246,"Bogbaby",2025,da,/tE5GaeSG53fTRmw1UvdtkP6gFr3.jpg,no_es_poster,,""
1732268,"Minnesota Not Built",2026,pt,/5GZwdqjK4KClmuTSg6whKy4GsuX.jpg,no_es_poster,,""
1732440,"Sham Nation",1987,ja,/8eBB4wpkUOBRsNSl0A9csbBMXTB.jpg,no_es_poster,,""
1732619,"Cuentos de la Villa: La Tarde de los Muertos Vivos",1998,es,/pYrp6cOkW2gWkeB43pbSdH4VFrW.jpg,es_poster,si,""
1732979,"I Dreamed About It",2026,pt,/fvoIUQ9nzeQ2CQ9CZktip1i6oaU.jpg,no_es_poster,,""
1733718,"Lethe",2025,sv,/b0md14ikOMJ8kgKX9jFr6m0hdKS.jpg,es_poster,si,""
1734682,"People, People, People!",2024,en,/q0S8CW0kEM87TFajJU7rwFVsJXD.jpg,no_es_poster,,""
1734939,"Phone Line",1991,en,/y2FZyKbdcJctdDjw6Nr1WAIuLVr.jpg,no_es_poster,,""
1736376,"Mutant Muscles",1986,en,/xN31iEMxvgSicojj1n5yO8mXDYQ.jpg,no_es_poster,,""
1736769,"Futility",2024,en,/bYFEMMjWi3L9Z1WKJoTuFuy5hus.jpg,no_es_poster,,""
1737111,"Nostalgia (or The Kenopsic Anemoia of the Mind)",2021,en,/sN5UNZKAhTa09nlWn0GEh7LIxbr.jpg,no_es_poster,,""
1737197,"Myrrh Meridian",2027,en,/wzdb07y2JCF4xtfNFO07uSH8JRn.jpg,no_es_poster,,""
1737996,"Barco de Fogo",,pt,/zYKiP2QBEk5TB7XYWmJxW9KWx0H.jpg,no_es_poster,,""
1738124,"a Dream?",2024,en,/onhyUXr0K4hVngsCgUsP1ujFPM1.jpg,no_es_poster,,""
1739209,"Rotten",2024,en,/gPUyvetnV7zyA4HakbprbIBS42A.jpg,es_poster,si,""
1739615,"Showering Alone",2022,en,/AumpOzbBuajkqMq1slNQ5zllMVa.jpg,no_es_poster,,""
1740101,"In the Night",2025,en,/z5tNwO1Ky3xIm4kgGvtUx7UvLML.jpg,no_es_poster,,""
1740656,"Invader Grandma",2026,en,/pv4cYXm6vCyooQC5uDTTg57xIpw.jpg,no_es_poster,,""
1742312,"The Untitled Bigfoot Short",2025,en,/kBy2UOkR9MnaQjHyKvx9VycPTMF.jpg,no_es_poster,,""
1742507,"Wolo Hunter",2026,pl,/vROTrLNgKbsFSk7pFk5gLbRitOF.jpg,no_es_poster,,""