id,title,original_title,year,original_language,poster_path
3006,Dr. Jekyll and Mr. Hyde,Dr. Jekyll and Mr. Hyde,1908,en,/hYArtU4tx01bOBeBLrkH1lY4VGb.jpg
9095,Mary Reilly,Mary Reilly,1996,en,/cW5wTiv5fdtBOd22utmAIZBCMS3.jpg
9669,Ringu 2,リング 2,1999,ja,/HREqYQWkGnH2viRQEXupCSX7ID.jpg
13742,Satan,Sheitan,2006,fr,/rYdoMFMBbG7tzurtHrYNc1zcqQz.jpg
14157,Impulse,Impulse,1984,en,/80SZWcSwdAAym8mHN71RTL3l3JI.jpg
17212,Patrick,Patrick,1978,en,/qxydnHE4D5ArBRNtihlVs5rhhO2.jpg
17796,Freaked,Freaked,1993,en,/enQ9FBLo4bd7AHX78geP6qRSl9U.jpg
17874,Laserblast,Laserblast,1978,en,/jxv1Z0URENuWADDRwvRINUWUsP.jpg
19205,Cthulhu,Cthulhu,2008,en,/rgf0vEc19nRmscRPu9y410GbhgM.jpg
20015,KM 31: Kilometer 31,KM 31: Kilometro 31,2006,es,/hI1YBR4afo7zOrJfdaaO9GRKEvj.jpg
20215,Boo,Boo,2005,en,/9VyMAPsjUIeLf71J2OG5V8DO7Jj.jpg
21797,The Wig,가발,2005,ko,/bkonX3gOXQ1KC7kr6ufITli4h3o.jpg
22033,Cry of the Banshee,Cry of the Banshee,1970,en,/urub0N7F8mZDEsMwORiN2T2vTXq.jpg
26178,Razorback,Razorback,1984,en,/227exUUzUWkCYOVoPxap5RaVmTM.jpg
26198,The Keep,The Keep,1983,en,/yd9wU3oajNxwaFHQ02rtTBuSFJD.jpg
26587,Dread,Dread,2009,en,/zJvKJ2SKATSRL7cdR2qW2LbaTaS.jpg
27726,Q,Q,1982,en,/hm5mvCN7IMAFjtkQwL4U1qwoJ4c.jpg
28454,Cthulhu Mansion,La mansión de los Cthulhu,1992,en,/1BhPMge0n7gp1EDaI7d1OwrYkQe.jpg
28780,Deathmaster,Deathmaster,1972,en,/h809Bz0ftjmDl07PdD6URYdAWH2.jpg
30405,Space Psychos 4,Space Psychos 4,2003,en,/tuVTqvIoQp96cnm7LfbyRE1UcaT.jpg
31116,Zaat,Zaat,1971,en,/g0kYZe6feiXQowaNsV6GBW5R5q0.jpg
31232,It!,It!,1967,en,/sBMFTviUDt6bm8LROkAWAvw1Ts5.jpg
35040,Croc,Croc,2007,en,/c3moWZrfZRp38FWystfNYTrGOh4.jpg
36166,Devilman,デビルマン,2004,ja,/qRvH8FsUUNd9buirqnHNk3CCF1f.jpg
40351,Sex Beyond the Grave,Fung lau yuen gwai,1984,en,/eYMPaQKfo5IBAnKfwsGkCiUIyNA.jpg
40368,Nightmare,Nightmare,1981,en,/OFysFt0EIXHW89iv38VURpKpKW.jpg
47957,Madman,Madman,1981,en,/2pZxY7b22LicdcvWNMCyX8VseVG.jpg
48581,The Sandman,The Sandman,1991,xx,/k27nu90cLVzyTltOtHjQoUdi5o7.jpg
48636,Nekromantik 2,Nekromantik 2,1991,de,/q1CtldLFgg4kRP81o0mY9f42ubJ.jpg
51248,11-11-11,11-11-11,2011,en,/t6Wd9gY6e1yJVVXRtgICFqwieyu.jpg
53122,Chandramukhi,சந்திரமுகி,2005,ta,/r7lLdyiJ1e2FmDP6rvxsUDk7Uju.jpg
53459,F,F,2010,en,/pVIEx8sru5F6NErffwVxs815VYY.jpg
55142,Cadaver,ศพ,2006,th,/dZNg6irU6tgL8n73UmjQGijv6y0.jpg
56328,2002,異靈靈異,,cn,/3SJBGwJnpLI2yEyaVqByife4Xfi.jpg
56915,Blown,Blown,2005,en,/tesN5ykFKmaZms0VIZB9DMKZcDw.jpg
57812,51,51,2011,en,/p6NvaDusl8urJUlglYgPVSnJjFN.jpg
57961,Slashers,Slashers,2001,en,/7NcCGeHLz0iRidiOo109Hww24YP.jpg
65599,The Woman,The Woman,2011,en,/zOGqKcuApM1Js4C0n4luv9rctBH.jpg
66315,Aayiram Jenmangal,Aayiram Jenmangal,1978,ta,/83TUWbPMOCGuQPIFw3aO61nIMqa.jpg
71480,Unborn But Forgotten,하얀방,2002,ko,/9R9qTTdkEs3uNPzITUuI4TsyiZc.jpg
73179,Haunted Gold,Haunted Gold,1932,en,/xAscwFtgLyzoxRghiospveh3WQm.jpg
77483,Dunderland,Dunderland,2012,no,/xrqMYN3SWR9hih1kthH9nosghp1.jpg
79624,Curse,犬神の悪霊,1977,ja,/qBJfmLCtczkayFXduwhFvX9vsZm.jpg
81990,Cellular Girlfriends,携帯彼女,2011,ja,/hCNoSI6vBIfVR4ndMnCLLiFxHjy.jpg
83172,Spawn of the Slithis,Spawn of the Slithis,1978,en,/kk2yyfgTA9qtBhtu7016jdeOzJP.jpg
83519,Witchcraft,Witchcraft,1964,en,/nXxxW0Gl66xqwJE9fpTLN0bPqBh.jpg
85198,Frightmare,Frightmare,1983,en,/joQ36TBtUfMlQilc44gcRiY5Nqv.jpg
85646,Entrance,Entrance,2012,en,/bpsMVtUZ58bPpI9U34E1pOgin5v.jpg
88780,Devil Hunter Yohko 2,魔物ハンター妖子２,1992,ja,/8PIMzpG8vnBcmA0FmRc2gAtp7Eo.jpg
88784,Devil Hunter Yohko 4-Ever,魔物ハンター妖子スーパー・ミュージック・クリップ,1993,ja,/4v9qSCcbsOMketpZDL07Y5VT1pj.jpg
90063,Vampires in Havana,¡Vampiros en La Habana!,1985,es,/cihNBv06b3H2Ha91YTGBFUk2M48.jpg
90338,Fiend,Fiend,1980,en,/nne4ZJsEX0pMV6YmUUuMI9BpJIg.jpg
94545,The Bushwhacker,The Bushwhacker,1968,en,/fO6eXDta3pHMxm5iF8gjt56xVkZ.jpg
98084,Legion of Fire: Killer Ants,Legion of Fire: Killer Ants,1998,en,/cNpK3zhp0z3ZKL6znVMPxbz7jME.jpg
99263,Schizophreniac: The Whore Mangler,Schizophreniac: The Whore Mangler,1997,en,/xVvIFcx8Q1tqBeN3sUTsllj96oN.jpg
100241,"I, Frankenstein","I, Frankenstein",2014,en,/a53tIl4k20zCZCNyq73kiXkwWkl.jpg
100480,Kazuo Umezu's Horror Theater: Diet,楳図かずお恐怖劇場  絶食,2005,ja,/QkudYfCXTfUUfJJ4cP7gYQpYXG.jpg
106569,The Demon,鬼,1972,ja,/3OeXwL6EgZsOhmP1NUAoichX4qx.jpg
123107,Hellbenders,Hellbenders,2013,en,/sWgCQPypdN9jFaUSjItPn9htW9p.jpg
126830,Li'l Spider Girl,わすれなぐも,2012,ja,/wafbftomue5BnIsSXN2ircyBMQh.jpg
128519,In the Name of the Devil,En el nombre del diablo,2002,es,/dnPnqkFThbB0FXn5KaVIClRZeEs.jpg
129096,The Discarnates,異人たちとの夏,,ja,/fQx2VEF2mVEtWmrSiwglKhuQKa2.jpg
129465,Hells,HELLS ANGELS,2008,ja,/wzakuhm5mMxZXt6oP6CbkJuA7rV.jpg
134572,Blood Relations,Blood Relations,1988,en,/o2iVp7bFxaBqw9e1IkfEWBanZD1.jpg
145996,Ghost Meets You,鬼同你有緣,2000,cn,/oVYISQE1IjT9U5Vf2TOdBCdG0gb.jpg
151022,Gerorisuto,Gerorisuto,1990,ja,/bHOdQQRjeSkrSBT0YQHFYUe8X7i.jpg
152357,Kana Kanmani,കാണാ കൺമണി,2009,ml,/94huaMTsf6dltbjCQ5CQRPq5VEf.jpg
152810,Moonnamathoral,മൂന്നാമതൊരാള്‍,2006,ml,/srMkWZnS0naqvxT9AmsGimW6Dwg.jpg
161160,When Twilight Draws Near,宵闇せまれば,1969,ja,/78s81p7KAfzsnDeZAxE2SllnwPO.jpg
163617,Ghosts,凶宅幽灵,2002,cn,/uJeW307HXACHMA5sHgVoCvmbTtY.jpg
166201,Bog,Bog,1979,en,/3ZLzEJl2S1ro0NJXVgd1E3bNHkv.jpg
166271,Haunter,Haunter,2013,en,/gBsO7Sp3g1oOaxQ44pomsJLm7m7.jpg
171367,The Jar,The Jar,1984,en,/1mhXTLL1xJGaXl7kPv3LY6a09m3.jpg
174838,Atman,アートマン,1975,ja,/h70qCMirvroESUDhR1UyA3k6xdq.jpg
194759,Reel Horror,Reel Horror,1985,en,/5oFEDIs7hJHqOaINGNpZDdpUipH.jpg
194809,Anandabhadram,അനന്തഭദ്രം,2005,ml,/d7f3ZFCobD9Em3dUMDP2Rk7NB40.jpg
200402,Prema Katha Chitram,ప్రేమకథ చిత్రం,2013,te,/7m8mNU3EyW7Mc2uS5fIkzjmA76R.jpg
201343,Satan Bouche un Coin,Satan Bouche un Coin,1968,fr,/nOOY0OMZFrN3a6feUNZAgGnjWFa.jpg
203009,Blackwood Evil,Blackwood Evil,2000,en,/duJ88UxyhpAyLtTDnQHtF9ficeO.jpg
211258,Wax,Wax,2014,en,/8T41L1DfsLgeczCV591KxGE5BMr.jpg
212930,The Ritual,The Ritual,1996,en,/4jiKgkDSmFa5odwphWn9uUqYABT.jpg
227992,Necronomica,Necronomica,2013,en,/hUQ9ZKjKhTJqqlMCsrGQNuOwBGP.jpg
233203,Hong Kong Criminal Archives - Female Butcher,香港奇案之雾夜屠夫,1991,cn,/fgMf6zCP30AA0RROjr8d9uDuYVG.jpg
235348,100 Years of Torture: The History,拷問百年史,1975,ja,/ddduWzcMsftCbYIf9eF0rhQMVxe.jpg
237449,Four,หลุด 4 หลุด,2011,th,/2iw8U9PmGhZgHM7tnSbDBNj67lb.jpg
239815,Ascension of the Demonoids,Ascension of the Demonoids,1985,en,/7vR0nf6oACGvmgoJTa21ZsnAIfj.jpg
240157,Devadoothan,ദേവദൂതൻ,2000,ml,/po0F3uK2NeJ0ZQdmD6FnLGEtVah.jpg
243837,Hotel,होटल,1981,hi,/pPOyvWtGLtAji0uXz3GeMdrueFR.jpg
245492,Geethanjali,ഗീതാഞ്ജലി,2013,ml,/5dMgvRdsmzf9jv1sizPQRsKsede.jpg
246548,The Rafters,The Rafters,2012,en,/4oy9LBvnzm7XgkxmILvMRDAEzc6.jpg
250417,Clay,Clay,2007,en,/fvMoDYJ3AxHS20J21eSoqKyQQdx.jpg
250574,Creep,Creep,2014,en,/qn53D574tT0YRyLgirEFHQwGUXw.jpg
250883,Nak,นาค,2008,th,/cpcuzrsHQsh1J4VuStE7i84nC2R.jpg
253477,Torture Chamber,Torture Chamber,2013,en,/o7TKEdXtGi3f1t5wtxAbIAEy3Fm.jpg
254250,Till Death Do We Scare,小生怕怕,1982,cn,/rKsCWB2E4oeQjC8si7kgyJQJJFQ.jpg
255291,Animosity,Animosity,2013,en,/8eJItu11ks3JgK8zHCjxX59jFnF.jpg
255537,Ashes of Doom,Ashes of Doom,1970,en,/eoBAkI7zOPaxWWoKEzYR9gnaxcI.jpg
256030,Muck,Muck,2015,en,/bPYH46Qtc85jeeicjAg4hyL8uC2.jpg
257567,Vanished: Age 7,七つまでは神のうち,2011,ja,/29Wt6DOMzl94JSpEOnEwx4QXeAY.jpg
259512,The Devil´s Weed,La hierba del diablo,,es,/qZRuePlWCsTQAquan7iMPYIGEjM.jpg
260704,Birthright,臍帯,2010,ja,/pzbtAsndUgnPOvLgFNSoQfisBbs.jpg
262600,Shock,ஷாக்,2004,ta,/ksp4bEWP3UWoW5ZdRgFWpr8DNQD.jpg
262872,Coyote,Coyote,2010,en,/xjI1mNkn5Quz5SDW6MHPBOkb1wU.jpg
265067,Vampire,Vampire,1979,en,/ftpa0bibAwI0SJItIU2na8zLUow.jpg
266501,Nightmares,Nightmares,2004,ja,/vAxmsz6q3k2S4RPuRAwZEyO0xOh.jpg
266539,Kamen Rider Amazon: The Movie,劇場版仮面ライダーアマゾン,1975,ja,/3gTsjrb3CXubv1pZSEhubkbfBx.jpg
269588,Km 31-2,Km 31-2,2016,es,/UhihZIu4krs3TVIqoQevAha0ij.jpg
270294,Erotic Witchcraft,La Goulve,1972,fr,/7qH0DZEg9NFVMpxmlmYQe0HOaCr.jpg
270478,Konthayum Poonoolum,കൊന്തയും പൂണൂലും,2014,ml,/2pB8NhjvbTADT2IKUIAe2nLIDdI.jpg
276488,Let Us Prey,Let Us Prey,2014,en,/7X5VhHwDaSLkrDoifRbfvGZJxFP.jpg
276748,Creature of Comfort,Creature of Comfort,1968,en,/egKSs9tOZZfOGiU694R74K4wvyn.jpg
279237,Bake Jizo,化け地蔵,1898,ja,/auSqbagc1RRUUsMdIioCUFKpq8i.jpg
282443,Hands of Purple Distances,Ruke ljubičastih daljina,1962,sh,/91GxSj5JKqhWALPLJNAtsKjqQfc.jpg
283419,Island of Hell,獄門島,1977,ja,/yCRibr1sKfuSH2VXAwqPyHzncFz.jpg
285981,A Dead Man Visits the Living,一个死者对生者的访问,1988,zh,/1mmwvJxDuvhxHfmveC6NrK6eUNQ.jpg
287279,The Missing Bride,La fiancée du château maudit,1910,fr,/rgAd4zudWlbItkKNtLZF5XUgHj7.jpg
287311,Beloved Sister,"Fahr zur Hölle, Schwester",2002,de,/5Xk9GDz7G3otO52VlV7qRqjsSY1.jpg
290795,Maligno,Maligno,1977,tl,/wvPUKdGhQ7dahONG3cwbpyWkkeB.jpg
297160,XX,XX,2017,en,/drcIFTEIBnWI4G3OQt6rXOI8hf4.jpg
300143,The Rainbow Man,虹男,1949,ja,/22FFDLHqExTbuBNDc5ITIWexfW7.jpg
300584,Carranca,Carranca,2014,pt,/3leakQkTaHQDqyag8BtHDbJadUS.jpg
301992,Prison Pit: Book One,Prison Pit: Book One,2014,en,/4Rox49oGHmFUMSfv1VTFD1NoAvH.jpg
306951,Haunted House,Haunted House,2011,en,/fnKfOeMBKCgBZ9OgxvQaIr60ooy.jpg
308037,Vanadevatha,വനദേവത,1976,ml,/atBm2T2EenGrpOdFfncmlccbaZc.jpg
308259,RE,RE,2014,en,/jii5C9iGtY0a1YDHblnPFUzu0Vw.jpg
312831,The Hallow,The Hallow,2015,en,/sOT4KqFPlvxTeEwyHOcn8agJnsI.jpg
314364,Sakthi,Sakthi,1980,en,/qVzs56c64BefTXP3B42hOdIdBJE.jpg
315708,Martins Feuer,Martins Feuer,2013,de,/pwamqGApVkgMMnHKSTkQ7ImtDV9.jpg
317578,Haplos,Haplos,1982,tl,/pY4tLA251A07IB7SvqCdw74euwQ.jpg
317712,The Legend of Sayo,遠野物語,1982,ja,/pDjqHUsqRkLF02G3duiwoDWC1vy.jpg
317873,Adam,אדם,1974,he,/6qV2WvZETYaikM5XK3O3hy89Mol.jpg
318931,The Witches,Ang Manananggal,1927,xx,/dRMuNY7UNz60CiAzSjw4LRAyjJo.jpg
319178,Hatanosuke and the Haunted House,日の丸旗之助～化物屋敷の巻～,1935,ja,/ytQlx97f6JrnqENP2S649tV0gQU.jpg
321738,Cheondong,Cheondong,1973,en,/5phFtXBFUYeTxz2pAgVmvPJeTHy.jpg
322055,"You Become a Star, Too",너 또한 별이 되어,1975,ko,/sNZZfpANsNaC0o5fd883k4OipR0.jpg
322436,Millennial Reincarnation,천년환생,1998,ko,/7Rh2W5XfWoWM7cCrReTJESnnRq0.jpg
322530,Fantastic Theater,환상극장,2011,ko,/yZeNF1Ko3W0FT99czt3iC47EShk.jpg
324021,The Tale of Himeji Castle,天守物語,1995,ja,/Aihtq7jeqLTR4Yyi8qAstjK1uXy.jpg
327568,We're in a Fight,We're in a Fight,2014,en,/whTFqF7yirYyhEMojLwtwCN21tW.jpg
328091,The Eternal Present,The Eternal Present,2004,en,/6jEaZw4QD24zGVgVULGacjkfiAo.jpg
328141,I Am Your Grandma,I Am Your Grandma,2011,en,/qcVudZ4HR3LSWgMWtNVzX0IqtBt.jpg
328963,Shadow House,Shadow House,1973,en,/rF1HlIJOwe7HhAgaWjGOmE7VQzr.jpg
329134,Massu Engira Maasilamani,மாஸ் என்கிற மாசிலாமணி,2015,ta,/qXJTn2ZMhrbs4TawcZfoI2Ifwws.jpg
329951,The Adventures of Filfila,مغامرات فلفلة,1966,ar,/A7gfsprcLW1Ik0qzmKo0eM4RAT3.jpg
330163,Gorilla,Gorilla,1956,sv,/SFy5dcTFScwqeYm0blljzwk7lK.jpg
330291,T Is for Thread,T Is for Thread,2011,en,/jbwNrScECFhcOPXG7x57W08CCvR.jpg
330425,Kanchana 2,காஞ்சனா 2,2015,ta,/oBaVzegjQza23C1XCOMfnQRhplw.jpg
333866,The Man Who Became Coffee,The Man Who Became Coffee,2015,en,/pr909pMUZ0QiqWE0URPlu4WZH3z.jpg
335650,Impurity,Impurity,2015,en,/tP4VOxHYOxc3zrgrx4sx08rfTvr.jpg
336048,The Biggest Meatball in the World,Самое большое кюфте в мире,2001,ru,/dCFrA7SDBVlHqHGdVRM9HbG9TUu.jpg
336766,The Legend of the Scarecrow,La Leyenda del Espantapájaros,2005,es,/1d2lWRqNpVBi2I3ITEVesbmwRSY.jpg
336809,Sangdil,Sangdil,1952,hi,/4GZWh21t0NZ0BfV7wqOUshmT6xY.jpg
337029,Frankenstein,Frankenstein,2015,en,/kzTvgsGFd7zpGbwDsA4p8Nkdzj9.jpg
337085,Estranged,Estranged,2015,en,/rxzm5G9XDs3OJzXk3gadLJlpdGw.jpg
343041,Lola,Lola,1914,en,/rymlclR44zMVlsQjlx1GF740Mc5.jpg
343886,Sweet Spirits of the Nighter,Sweet Spirits of the Nighter,1941,en,/8ONqbdOlbkW2oZQtuy4FMU0xBct.jpg
344161,Frankenstein,Frankenstein,1940,en,/nSo9KplymuAAFjAFA9MBZui0wAZ.jpg
346364,It,It,2017,en,/9E2y5Q7WlCVNEhP5GiVTjhEhx1o.jpg
346986,Feast Of Fools,Feast Of Fools,2004,en,/7HpFcjuC1nr51k4hbAxPbFbqqRU.jpg
347206,Vengeance of the Spirits,La Revanche des Esprits,1911,fr,/3cEnFvsfHDAt1qShxh567qTP7w1.jpg
348125,Rodentia,Rodentia,2012,en,/Ag93GJJKdsTosBFMfV0I9KqAaHR.jpg
352675,Pakalpooram,പകൽപ്പൂരം,2002,ml,/1Mv9q2ZqHXxd7EuahuqTh323RBL.jpg
353127,Exit,Exit,1990,sv,/qLUuSOEtHpo2J4iPn8VjCfwalge.jpg
353484,La chevelure,La chevelure,1961,fr,/6ndujddk7q7j1IVuQKJVEMfBBpo.jpg
354506,Pulse,Pulse,2010,en,/xtGQKAjMuXfFV3349b162PtXFqn.jpg
355156,Chiruri,チルリ,2011,ja,/mGOIkgHfbeYk8l545R9l5M5jAOz.jpg
361554,Don't Nag Me,Don't Nag Me,1987,en,/sjFm06lKqZvGjbioIZYersoPql5.jpg
361945,Sleepy Hollow,Sleepy Hollow,1911,en,/yvOClUlXpruMN3E4yzjStYA7Eh7.jpg
361988,Bad Moon Rising,Bad Moon Rising,2011,en,/r9b4XFYCRiDPW2D0DJqFfnHTZvk.jpg
363164,The Mummy,The Mummy,1911,en,/qb5bXnMDgdKT6rsEjhCFrxpyvzt.jpg
369452,Squid Festival,納涼アニメ 電球烏賊祭,1993,ja,/twvFyU9Agi4FeSqNYZK6cIFDcpc.jpg
369819,Sowkarpettai,சவுகார்பேட்டை,2016,ta,/iRAaS9lwt521WBwlV7oXKr3L4gH.jpg
370067,Vidayutham,விடயுதம்,2016,ta,/vtDCedGTgCwaTxdEJUeXKwXuCHe.jpg
370311,Fresh Acconci,Fresh Acconci,1995,en,/psVzg6jWFJJn9AStVi9YlMZjgFh.jpg
370808,Lesley the Pony Has an A+ Day!,Lesley the Pony Has an A+ Day!,2014,en,/pCjzO9BLbqQMbNLtyhtrr4jI5t3.jpg
370897,Whistle Stop,Whistle Stop,2014,en,/up3Dca8ZiBr0FKbMv5r12nkCuvI.jpg
376094,Doomed Disaster,诡劫,2015,zh,/cZVIhol0xo1GbTb0OOhI2DXH46r.jpg
377409,Killer!,Killer!,1989,en,/A9CeJkOff220TcWuUx4fqVNt17s.jpg
377787,The Present,禮物,2013,zh,/geYkFo1L3FnT3jYSiL89KOvykKZ.jpg
378020,Recluse,Recluse,2016,en,/7Of4oQqhgjeRGqsddVe2mXRPYqC.jpg
381283,mother!,mother!,2017,en,/fjny9chXPx69ln1LMJxbwi5yHMt.jpg
382290,M・Y・F・A・C・E,ワ・タ・シ・ノ・カ・オ,2005,ja,/mZTQPrfjDBFiRCJOGAPSYRZdMjO.jpg
383338,Escape,Escape,2008,de,/5nPdp5LZMowrXqk2fQN2k3M4s8s.jpg
384197,Mochibei,餅兵衛,2005,ja,/c0DiiUF910vJKXBIohd9HRzLV2p.jpg
386396,Mondomanila: Institusyon ng Makata,Mondomanila: Institusyon ng Makata,2004,tl,/3YAEns4nRHJcUJQJKa3ahZPDjKc.jpg
387063,NDA,NDA,2015,en,/k5KxK5RSDW8cUIFwRYZoLqkXaZE.jpg
387737,Maria's Stomach,マリアの胃袋,1990,ja,/7ToJDpVAivomFZdO9J61ioFtf8g.jpg
388994,Ayla,Ayla,2017,en,/9qJd7Fau4Ngw0XkyFjiAhFNDaeF.jpg
390674,Female Harakiri: Glorious Death,女腹切り・散華,1989,ja,/fvwrnUvdek6YhtTqomxCfU6M5sS.jpg
391529,Jajo,Jajo,1984,pl,/2yvBa6TmLW7UiwW8WJjE3Ajh4oy.jpg
392193,Soccer Moms in Peril!,Soccer Moms in Peril!,2015,en,/sWAlGrKZ2yyH6zITuxKyoo6GZhK.jpg
392432,Endless,Endless,2016,en,/t1lLx2HVnVrFsaPo490QXvYoQpa.jpg
392569,Aadupuliyattam,ആടുപുലിയാട്ടം,2016,ml,/tqu09JapP1T8Z5zzC1HgjfI1891.jpg
392595,Shadow Man,Shadow Man,2004,en,/9ZqUzjeZC7o2d85GoffkbeKg3ga.jpg
394860,Grimewave: Cockface III,Grimewave: Cockface III,2013,en,/aAaxkwfBC5igTgdDpsRmQPGNFUm.jpg
396493,Creep 2,Creep 2,2017,en,/a0m7WciFnBqpcyH1Yi8i4tdvk0k.jpg
396550,Sickhouse,Sickhouse,2016,en,/p7L0A9rfnjNvpyA8mhGzAiTV1cl.jpg
396818,Visa to Hell,Visa to Hell,1991,zh,/5D35xFeHdHMboIpz5oU9FD1k9Pe.jpg
398768,White Clothing: Harakiri,白装束・腹切り,1990,ja,/kFIO2l5cfvNj1xsJymmOCUE5caQ.jpg
399118,Night People,Night People,2015,en,/o7pscyTogn8Rob1mkF1FIHUgIz9.jpg
399701,Vampirisme,Vampirisme,1967,fr,/zZtlVqIjKjW4QPQnKpoj3NBpJ9b.jpg
400342,Judgement Tavern,Judgement Tavern,2016,en,/kTIHerD1XTThNtxnSWZF8tsMiY1.jpg
401560,View,View,2008,en,/uRQFpmeEnJucNBeYLHwgnFzdhVY.jpg
401714,The Carnivore,Carnívora,2016,pt,/49jTLhanVYdarFOyeYOTHeiQo2H.jpg
402721,Lollipop,Lollipop,2010,en,/nUKMjASrMD2MNtv679T04rZvigy.jpg
403654,Troublesome Night 13,陰陽路十三之花鬼,2002,cn,/peifKhU3JkX81AgEm3QT6RpciOm.jpg
406269,Interrogation,Interrogatoire,1989,fr,/1xgFLH2biglCI4urZJPtIJ3Cinc.jpg
406275,The Last Fly,La dernière mouche,1989,fr,/lJNFZWf6zlGxWVnwSTSvr6MRBGI.jpg
406591,Hunters' Sense of Touch,狩人たちの触覚,1995,ja,/9oOLiXuzGRWgBjaZ8W6yia5NIZw.jpg
409330,Is It You?,Oled see sina?,2013,et,/jJyqSllv8MPwLvRb9ogNbVfCPhx.jpg
411279,Pretham,പ്രേതം,2016,ml,/gzjXkR4nxfNz0AWCJgS7lZ49nlP.jpg
412102,Nenjam Marappathillai,நெஞ்சம் மறப்பதில்லை,2021,ta,/3hw8exDODhg55Gk046t4Igyr6dC.jpg
412333,Mohini,மோகினி,2018,ta,/fFTbwRo3vYvewwMDEalgDJcx5F8.jpg
413951,The Faceless Man,氷柱の美女,1977,ja,/43qo3fsxWYgP2iLQTRB0lPQ1CrX.jpg
415175,The Scavengers,The Scavengers,1987,en,/6MzGKlFd9rH4rQ3aMz6PvMt5cOP.jpg
418939,The Eye's Dream,眼球の夢,2016,ja,/29jWQqbENRCfGeo3iM5HPyQwbw7.jpg
419391,Grýla,Grýla,2016,is,/fShfedc778N32It4aywkZMC6oyk.jpg
420674,BoF,BoF,2016,en,/1kYK4jsnrYNtevOFxPLMYX76wAV.jpg
421197,Ghost of Nang Fa Thani,นางพรายตานี,1967,th,/tIcNLsWnbUMto2QLGtuM39gKXyK.jpg
422406,Red Account: My Bloody Angel,赤い報告書　鮮血の天使,1988,ja,/siDy5KCYEVOHvqp9V247LE8jWhC.jpg
422947,Snow Woman,雪女,2016,ja,/x91e6wIHRZ5vJqHHYrdZfPg2Gs5.jpg
423344,Eko Eko Azarak: R-Page,エコエコアザラク R-page,2006,ja,/ugUGssJKWkJJkuLBvFGqjL6kwWe.jpg
423870,Empire of Madness,Empire of Madness,1989,en,/7mP5cB6T1k62gLu1B0QSE0G5Sa4.jpg
424222,UFO: It Is Here,Ufo: it is here,2016,de,/2GnEKeMaO4nwv9y5ijLgoHkCYIq.jpg
424650,Affection,Affection,2012,en,/4O1zYrteiJbGCHfj8O7rU3hT694.jpg
426063,Nosferatu,Nosferatu,2024,en,/5qGIxdEO841C0tdY8vOdLoRVrr0.jpg
426293,The Detail,Das Detail,2016,de,/ztJuVuDWBJq77vyUGb9zgnn1oFb.jpg
431109,Inhumanwich!,Inhumanwich!,2016,en,/6hyd50wCk9cOz642IBy6P0TTDeu.jpg
432916,The Ghost Photo Club,心霊写真部 劇場版,2015,ja,/hOiErt8dojhS06jhhvvtz951glb.jpg
434325,Claws,Daganes,1996,el,/dICtyeMbiNdQnjDH3J6cd5wdI3S.jpg
437265,The Gods Have a Nervous Breakdown,スペシャルレッスン 変態性教育,1990,ja,/gpdAIQROkA0kbkLl5oy9FDHbDqv.jpg
438237,"Caracol, col, col","Caracol, col, col",1995,es,/ma16rFqYse58Og3jrGYHCj6ZWEH.jpg
440255,The Road,The Road,1964,en,/j4wQkPGAAPa1tWdeO83pEPmJJTx.jpg
440444,Piercing,Piercing,2019,en,/1iDIFMzYxY25X25KDeARA6VoDl3.jpg
443151,Crocodile Man 2,Chompa Toung,1969,km,/3NU4v1k9beeXV8SuUroEuWlZ95J.jpg
443538,A Strange Case,Ein seltsamer Fall,1914,de,/qsBBssvcpHKBrWzvL9iAagM1oxz.jpg
444483,Vassalord.,ヴァッサロード,2013,ja,/vyzS55N83jgDtgMeyYJOD7ppYMz.jpg
446904,Gone,Gone,2013,en,/ccuUHc1Yyyr3q7S9K6NJftjTaNw.jpg
447385,The Dream Woman,The Dream Woman,1914,en,/heEqX0kBiJvTyBkLSbdb9Nmxbfc.jpg
447722,Bloody Demon,流血鬼,1983,ja,/lDiprOb6421Ue9Dpk9LT0gaAfkp.jpg
447724,HighWay,HighWay,1987,ja,/3hFMhHXOsxnM1zY7jwK0xM0ueSl.jpg
447726,Ripper,Ripper,1989,ja,/uO4vOVyDaGTG4J5NITloYLUb2PS.jpg
447728,Nightmare Scoop,Nightmare Scoop,1993,ja,/znbcV85jfi7alhIqbO49XITmmBN.jpg
448194,Pyewacket,Pyewacket,2017,en,/3ET9MWmIx2ny2KP5mqY9ceb0WxF.jpg
450157,Urban Spirit Legend: Psychic Factory,都市霊伝説 心霊工場,2010,ja,/13CAyvgZuB6RpQTOdGC0Vupg1af.jpg
450512,Strange Tale at Midnight,半夜奇談,1955,cn,/c5B11wANq7klhibH868I7XCP0Do.jpg
450515,The Night the Spirit Returns,回魂夜,1962,cn,/5VneBc1G7TpeyM7NLlx8tA1tioe.jpg
450523,The Ghostly Murderer,鬼兇手,1964,cn,/2s2wne5MwwtgqB1fuPvUl1kwxOV.jpg
450934,Mokdugi Video,목두기 비디오,2005,ko,/r5ZszrH0WDnclIr6NuvLieX3U3Y.jpg
451331,Dive into Doom,Tauchfahrt ins Verderben,2013,en,/qFnkUs72zpXuDb8aJBLklJUvR3y.jpg
452250,Sivalinga,சிவலிங்கா,2017,ta,/vUOTPPqEmvYDC2BZJEMJTMp2sMm.jpg
452472,Insomnia,Insomnie,1963,fr,/aarqNFQ0mYaU33W05cyhvtPu9Pb.jpg
452900,The Cave of the Silken Web II,续盘丝洞,1930,zh,/ml56Uji0eS4se0C3wm5fWf5yl3r.jpg
453638,The Mad Monk,El monje loco,1940,es,/8uRNMi2iul3zhEXKf1en0m9g9PN.jpg
457781,Blondie,Blondie - A Loira do Banheiro,2016,pt,/PQIf2vkcE6tcetdHdsxweJSPUC.jpg
458612,Di Suatu Tempat,Di Suatu Tempat,2017,id,/cOW6wjgpurygSW7XtMCXF91MGfe.jpg
458716,Juego de niñas,Juego de niñas,2007,en,/ec0AVhjY7TfH77NkdQZt7CFp3yH.jpg
458971,Phantasmagoria of the Interior,Phantasmagoria of the Interior,2015,en,/j1IGFvDelNq4DwkLpF4V1NjUM2U.jpg
459856,The Pink Egg,The Pink Egg,2017,en,/3gE4Z3GmFz4PTvj8XG9QXfe30aK.jpg
462652,Alan,Alan,,en,/5pKTTX9Cdb9HILJO4DjjUN94K3N.jpg
463532,Raktharakshassu,രക്തരക്ഷസ്സ്,2014,ml,/cO6gQVEn4A1WVuk4GUrNocSVQqP.jpg
464261,Heaven and Hell,飛ぶは天国、もぐるが地獄,1999,ja,/dD0X5DMmZxqzsF8NsX8GWgiwaJJ.jpg
464879,Cabin 28,Cabin 28,2017,en,/crvqys951H0yVoPR38oSg6YAxSj.jpg
464890,Vegetables,Vegetables,1989,en,/wspfoT9f1KfdEGnYU1jIgYlBvvM.jpg
465996,Flow,Flow,2017,en,/lukWwr525X87CdNEWYiGC2RzljP.jpg
466088,The Traveler's Longing to Pray,حنين المسافر للصلاة,2017,ar,/q8LZDL4yhSF9GCPSGwqeY5xK5PL.jpg
466266,In the Park,En El Parque,2017,es,/wB2gh9Nz4atA2yXcAl15cmJ0vt1.jpg
467882,Rakthavira,Rakthavira,1994,en,/kiHkH8ykvlY4rMqJdz3yG2R7ADZ.jpg
468014,Mythily Veendum Varunnu...,മൈഥിലി വീണ്ടും വരുന്നു...,2017,ml,/ki5BY9BM4NPzQrH0INkGauWvgna.jpg
468496,The Sabbat of the Black Cat,The Sabbat of the Black Cat,1973,en,/84HNjoArGL9FM6JBRG6AmUrVQrC.jpg
469867,A Caverna,A Caverna,2015,pt,/xwQ9XAjHzRqjVtFI98XAsHwBNx3.jpg
469972,Self Decapitation,Self Decapitation,2017,en,/af25UQDWVAjzyqnwASs0kctZwV3.jpg
470757,Waxhouse Rock,Waxhouse Rock,2017,en,/opR3xPR8elH03dHusWAsyl9MRyW.jpg
473729,The Other Gods: A Tale of the Dream Cycle,The Other Gods: A Tale of the Dream Cycle,2006,en,/5Fo9k3pJgtS7y2eU6Xm28MKcwOg.jpg
473786,D. Jaime or the Portuguese Night,D. Jaime ou a Noite Portuguesa,1974,pt,/3CJl7S9aABZLsccwP4Cox4ctm5G.jpg
475899,Winston,Winston,,en,/jBo99QeEx8JfVniBhf7e6OcL8C4.jpg
476524,Mister Popular,Mister Popular,2017,en,/31nfR4KrArbSlEn9wpphz3WTeol.jpg
476855,Satan,Satana,1912,it,/l5VNeHOMVnYjKEnxX5xV2taWYjj.jpg
478149,GARO: Fang of God,GARO 神ノ牙,2018,ja,/ouhNC5r3YUrV6bXzEkhMwWq5xcs.jpg
478819,Zombie Lust,Zombie Lust,2002,en,/6ZaTOTNYM0oti8akPcJX7uDQdBf.jpg
479876,Emma,Emma,2017,en,/aEYhZkU4vbAGUR5gk9tgbDAlLOM.jpg
480002,The Cornfield,The Cornfield,2017,en,/dWadk0ANOddIA43bmAUyDpMoXMv.jpg
480406,Açúcar,Açúcar,2017,pt,/n5RQldxwOHNVzLIMgSNa07hDILH.jpg
480463,V,V,2017,en,/zXSYh9yHOFrcE0nCmu6H8MjW4xQ.jpg
480529,Popstars,연습생,2016,ko,/48PUh44vsWwkndURnrBSNvIhZJX.jpg
481125,The Giant,The Giant,2017,en,/cTtdolQB8lET3QJmahds89wmktg.jpg
481726,Jordan Descending,Jordan Descending,2017,en,/3Vx4deYe2HrRFUVPokUefzVWvmL.jpg
482192,Damsels,Damsels,2017,en,/lHHrYLhQUzFAMpRU0GG9nJ7j8Uf.jpg
482435,The Queen of Spades,Die Pik-Dame,1927,de,/xVsxXDAypQcibWdSMO7CRjl16xj.jpg
482531,Spirit of the Ancient Grave,古墓冤魂,1939,cn,/j6XKN1Zdt10YNLJC69f3BtHzt2X.jpg
482919,The Anonymous Phone Call,匿名电话,1987,zh,/k2QuYeeWwW3XGIiORdRsz3GGo9u.jpg
483178,Story of the Eye,Story of the Eye,2012,en,/pIbxOAmutnteyuQZLyXgBFl1239.jpg
483417,Dark Side of the Light,ひかりをあててしぼる,2016,ja,/amTtwrbsWycKmrYMDa3Rkm18y7m.jpg
483608,I Should Have Run,I Should Have Run,2017,en,/4RXbu4JPAOUWxHNEJz0nTGWR9sy.jpg
483940,Squareworld,スクエアワールド,1995,ja,/yU21hcAB5rxtMqHYIYZZFRvkT3m.jpg
484219,A Visit to the Spiritualist,A Visit to the Spiritualist,1899,en,/vfnLo133Mq8M4SXZOaWAhMVFgX7.jpg
484393,Paleni Carodejnic,Paleni Carodejnic,2017,en,/zzdLBaJFTPUOYHtROhfyYdRoVnX.jpg
484394,Door Light,Door Light,2017,en,/9cKFPU1QPrdPQngamZ98Hy3jHir.jpg
484396,Gargoyle,Gargoyle,2017,en,/773NLk2GVV9rS2RNQmYHEKft3Gm.jpg
484499,Keep Out of Danger,玄機,1980,zh,/7dP4lOh1iJCvjbOLdOjtfgDgTeA.jpg
484561,Vore,Vore,2017,en,/82V2psTaHkfP2MraAS2jhq8SOAy.jpg
484563,The Music Lesson,The Music Lesson,2017,en,/yvb5la0wZOgDXR5A2mKP0j6tvb7.jpg
484627,He Will Call,He Will Call,2017,en,/l4RnjbHu3X6lTXtOaKMu2BRKK2Z.jpg
484644,"Three Shots, Nine Shots","Três Planos, Nove Planos",1999,en,/oz2ZfW7QoXywKj20BSAlBtfwXng.jpg
485751,Agony,The Executrix,2017,en,/gRs9xjisdmbsh68yYgXFoeHhbhL.jpg
485789,Bhaagamathie,భాగమతి,2018,te,/quGwnd4DjXOX25aLwuuRJJ5YmlS.jpg
486515,The Gruesome Twosome,The Gruesome Twosome,1989,en,/wOesaf7hG0DgPuAlSL7VXVxtcJY.jpg
487857,Forest Murmurs,Forest Murmurs,2006,en,/xtBaaoP3kj5SyaSdKLOxpoowQw5.jpg
488513,House of Evil,House of Evil,1974,en,/7KAeGl8SDwziEHk5lXrHUvGK8pA.jpg
488930,GETEBUTSU,GETEBUTSU,2017,ja,/317iJtIifxE6lzDiCB3aUgTMiEF.jpg
490870,The Idol,The Idol,,en,/4sj3PZkPRkbKQJyEAqCESyeIB3y.jpg
491197,Henry & Aaron's Perfectly Adequate Christmas Special,Henry & Aaron's Perfectly Adequate Christmas Special,2010,en,/qAxFox8D6RE78yd96eUhgqhziQW.jpg
491564,Deafman Glance,Deafman Glance,1981,en,/nm2pOTd2cq3XesjuuLMxCmgt13o.jpg
493198,The Maggot Feeder,Ussinuumaja,2012,et,/jJtmjKNRN2ytkEo20n97LSnxuq2.jpg
494445,Bloodrape,Bloodrape,2011,en,/lVe6ULe2WmWAjfpUMgYuDc7U5WK.jpg
496292,Umbilical Glue,Umbilical Glue,2017,en,/5cjMxLXAqLerIBC8h3IkomRyJmf.jpg
497908,Submersion,Submersion,2017,en,/9Id2mhCKXpsXK0Dn2jHWHF6XDT4.jpg
498062,Luz,Luz,2019,de,/5xLen4n8FYYjW2HhBG2rtvFMUZw.jpg
498580,Kanchana 3,காஞ்சனா 3,2019,ta,/r01e7wDHHFl2WaXBBzMhGoZg50t.jpg
501753,Spooky Kitaro: The All Seeing Eye,ゲゲゲの鬼太郎 地相眼,1980,ja,/a6B3Ybor6ERODsR4K3BHxrjCxik.jpg
502617,M is for Make Believe,M is for Make Believe,2014,en,/jysUPbW6AQkALHD4gucq0LwfaGB.jpg
502755,Bimbo Bambino,Bimbo Bambino,2018,sv,/3TvnLx10e4dSCCpVD1HRiiWNvI6.jpg
505330,The Mother's Island,엄마의 섬,2013,ko,/2q2DjSVGJ3q7K9n4N8Q9hynFCdR.jpg
505695,Splatter Movie,Splatter Movie,2011,en,/gxYc8ah4ZlSmLDLIJOmtjVN89vA.jpg
506952,Raydon,Raydon,2005,en,/aDDBehNiRIlv124ZVn2h7fQWbfv.jpg
507040,Raa Raa,రా.. రా...,2018,te,/9bQ6apY8pgzxdy6ZuWjWe6muyx6.jpg
507489,Anti-Pervert Manual,"Lunatic, Maniac and the Psycho's Parking Lot: Hitchcock Presents Anti-Pervert Manual",2008,cn,/eKhem6ZLIEQH3nAlU2x2J10deba.jpg
507723,Rings,زنگ‌ها,1985,fa,/6dwXuTrRUW1X0OS8YbBEudTguV8.jpg
507961,Monstro,Monstro,2013,pt,/4726Cqrhsq1W9e3Y5bxxd9Ejevo.jpg
508385,Wayfarers,Wayfarers,2017,en,/j1pI16yAIeI2Rn9yLuwUXvUPzEQ.jpg
508388,Rodentia,Rodentia,,en,/kH0opBmRLCdqMfyIjzYd4AxsVpv.jpg
508495,Lovesick,Lovesick,2015,en,/f8iuFzilVkHwXAsquikHMSIKdbW.jpg
510552,Soon You Will Be Gone,Soon You Will Be Gone,2016,en,/5QWSeeNaDHp85x3mxK8TjfUs2Ng.jpg
512270,Shadow,ഷാഡോ,2018,ml,/8dwiSVq9v7AQXGwQ1UFwzU161O0.jpg
513372,Hoax,Hoax,2019,en,/hK7s0dsNLGyEFokHyvyyTj1KCYL.jpg
513665,Onaaigal Jakkiradhai,Onaaigal Jakkiradhai,2018,ta,/t5OpwwYn5DiH94xhCjUTHu5iJKJ.jpg
514101,Ambassador of Hell,سفير جهنم,1945,ar,/zQlLbnPMRJHHzeBVdSm9q0CMk8l.jpg
514233,Mister Sticks,Mister Sticks,2018,en,/wtXb3SPgfe91AQZltJruB9M2IEz.jpg
514277,Mara,Mara,2018,en,/gQDmXAef1Oc1SXci5mui2x5DJwt.jpg
514591,Autopsy,Autopsy,2000,en,/soEQtEX3eMsO60UQFmfeyyrQ3qQ.jpg
515376,Odokuro,Odokuro,2011,en,/aWYre09L4kARJsuafU4HjXgNaUG.jpg
515531,Circus of Dread,Circus of Dread,2012,en,/hEysKnn2Suk8XQHyCKLiygPiVWS.jpg
515627,C.L.A.Y.,C.L.A.Y.,2012,ja,/rOhwTKMyA3GcIVD0DFuSNlhtSuW.jpg
515906,Montauk,Montauk,2011,en,/k1k1v5bhEx56fUShthilMBPuzl1.jpg
516182,Broken Flesh Ecstasy,Extase de chair brisée,2005,fr,/hFDVDRwfwZmyh9R4t9ngXhsHdV5.jpg
516327,MAID OF THE DEAD,MAID OF THE DEAD,,ja,/m0m036zlS1kpekRm98UDocZH7BV.jpg
517226,Book of the Dead,Book of the Dead,2018,en,/eAIwAwHPCaOa6PXh0V5cirgtq8G.jpg
517419,Salvatore,Salvatore,2017,nl,/hCUHBJxifJtHtO2FtoMHbChE0Xi.jpg
517425,The Sad Man,The Sad Man,2015,en,/cMck0qTHI4OR6WWVGlYgowfuuOO.jpg
521634,Vargulf,Vargulf,2013,en,/2S2b6UiEf5PHGhr3Dsg47vqb3T7.jpg
522650,Tokyo Halloween Night,東京ハロウィンナイト,2013,ja,/fGEa1e2djcciMpa6gAmeTbY2yZL.jpg
522987,Inside Evil,Inside Evil,2017,en,/tYK9uDtbVGcwbIhPshAN2jvLK0.jpg
524086,The Pig Walks,The Pig Walks,2002,en,/5brY3fRjWDuD1YuFbAVIbvdQWDl.jpg
524138,Culinária Dumbo,Culinária Dumbo,2018,en,/uSbxnnZcz5HLu5wpaHZSWysBThG.jpg
524432,Devil Boy,悪魔くん,1989,ja,/icXpy0zTWyIfL7Riuaw21n0CjDC.jpg
524537,Cursed Part 3,Cursed Part 3,2000,en,/duGdexQOYx41lpxuMJx4DJSwnTj.jpg
525490,Shadowland,Shadowland,1988,en,/tWoW6B8ZfUjbt6iCUwQnB274uL1.jpg
526677,The Rope Maiden,The Rope Maiden,2013,en,/hKph3O2MNvqeKyLLIvxtIc4KixR.jpg
526783,I Will Never Forgive,私は絶対許さない,2018,ja,/pXzRSkDrJLql4CoY1fveT3XXi5E.jpg
527132,Chumbo,Chumbo,1998,pt,/sUzdqgPvQHKQ9J2nEDpph69EAh7.jpg
527780,Bag,Fukuro,2001,ja,/lcZKJH2O7OsjK4iaGgQLQeFP2Wn.jpg
528146,Aathma Bandhana,Aathma Bandhana,1992,te,/18sQwFf25QLdzkzFrZ1FdpYq0yW.jpg
528325,Exhumiert und Beschnitten,Exhumiert und Beschnitten,,de,/zZOjVRqUgL48hqZEPu6pUBQex14.jpg
528470,The Mystery of the Rabbit's Death,なぜ兎は死んだの？,2011,ja,/5hFMp4RJ7MU6YNzF7BzGZxDDWMZ.jpg
529087,Taoist from the Mountains,道士出山,2015,zh,/fuTcGTFROFC5PRoSRR7i2plpXDq.jpg
529122,The Night of the Naporitan,The Night of the Naporitan,2014,en,/n5h4qHczzWFE0g2MiaukWcTrKeq.jpg
529139,Moodswing,Moodswing,2003,en,/l0jEsPsZ0gGdTHQpZWeJi1ve9ud.jpg
529409,Empty Spaces,Vazio,2018,pt,/eKDhk2Zb3Ghd46T0evybTuS7Jzr.jpg
529438,Reflections,Reflections,2018,en,/5Cmn4h3r0DXWb7JRsndNu86aXQm.jpg
529717,A Kiss In The Darkness,A Kiss In The Darkness,2018,en,/jSJUkFjda3WhJ3faJHtMz9tCny.jpg
530253,D Is for Deloused,D Is for Deloused,2014,en,/5v9t5JgyCebHxcKGTE6oSiUJZFR.jpg
530571,Asoko no seki,あそこの席,2005,ja,/wFFQhE7EtIMFicfjkyJa1hLW16M.jpg
530670,Barbeque,Barbeque,2017,en,/p2rYrp6Lvlv3RMuCMGSR9nmy19b.jpg
530943,Bloody Flash,Flash sangriento,1986,es,/qSMrv861Y0y2b7RR8wJnhihMT7I.jpg
531502,Funnel Web Family Refrigerated,Funnel Web Family Refrigerated,2016,en,/cCCV91vyKgpuOOhXpxnsbKLUcA8.jpg
532225,The Shed,The Shed,2012,en,/wArv9HrcV8YYZTKRanX2Fx5PrRO.jpg
533565,The Devil In Mary,The Devil In Mary,2018,en,/mknCTCqeczuSWlWzphRSeSMRilD.jpg
534161,Dan xiao bie kan,膽小別看,2017,zh,/djjFVjhpwG2KWWjzANroq3gij1M.jpg
534478,tHE bIRTh of bRAiNFly,tHE bIRTh of bRAiNFly,2008,en,/k4YS4cSOSFHGHxhGUQ1d42hFY3X.jpg
535562,The Perfect Fishplate,완벽한 도미 요리,2005,ko,/3jWC7XmFZ3aJQPLJERz5b5xgX3h.jpg
536026,Trunk,ಟ್ರಂಕ್,2018,kn,/ypro0cnNvbVuh16lcYd5fB6TaA2.jpg
539714,Thin Walls,Thin Walls,2016,en,/8pV2yuR77EnvOcpBjpYagh1vCAP.jpg
540306,The Hornet's Disciple and the Scars She Left,The Hornet's Disciple and the Scars She Left,2018,en,/rUubcfIIAGbLMzqjuKYnufzrxnt.jpg
541727,Strawberry Eaters,Maasikaõgijad,2018,et,/2YeYD8dL0npWFpcmvabQebsjrtU.jpg
542104,Kinavalli,കിനാവള്ളി,2018,ml,/2QitEJSOSs5W5d5H8MtbtLhd3My.jpg
542274,Abhisaarike,Abhisaarike,2018,kn,/p116V068oSYE8HeJUXxjzDrcWB4.jpg
542580,Investigation 13,Investigation 13,2019,en,/ziYgvakhHQEaOV1w75hISCqQ4T8.jpg
543802,The Long Wash,The Long Wash,2018,en,/2Z4gayIPZD5FIqZDVb9tRLVlRfD.jpg
544711,Benito Tilmann: O Pior Cineasta do Mundo,Benito Tilmann: O Pior Cineasta do Mundo,2018,pt,/jtHLTnDUUgrKPAMliBu7W7WiGke.jpg
546711,Unplugging Nightmare,噩夢,2004,cn,/3dI8hzFCzwFkb8F0GMIaaIYjRFm.jpg
547034,Vellinakshatram,വെള്ളിനക്ഷത്രം,2004,ml,/gLKWDR5sd5GO6myJeGjGpsuUFFA.jpg
547078,Gwilliam's Tips For Turning Tricks Into Treats,Gwilliam's Tips For Turning Tricks Into Treats,2018,en,/uaNEd0kN4z8ZQwlCGhU1WYMSnFm.jpg
548027,The Three Crow Boys,The Three Crow Boys,2018,en,/yhHjLGNoB56zV1n1FewKzWIaOrz.jpg
548784,Hell Girl,地獄少女,2019,ja,/ejR46fMxskeUvAwvybmO5KwPQjq.jpg
549707,Time Cube,Time Cube,2017,en,/qvdG4RexYwRIweFvpB5Ha1X3LSL.jpg
550300,Elfen Lied Special,Elfen Lied - Regenschauer,,ja,/pHv4uCouLr5Sw2HtaG3vhJnIg6T.jpg
552344,Emma,Emma,2015,de,/icvy4XduVRslXiZLrABaFfAuLit.jpg
552843,Beware the Inside,Beware the Inside,2018,en,/bShcRzatomrAJTBkRE32QulVEmW.jpg
553054,Full Moon Sonny,Full Moon Sonny,2005,en,/skUVznRn8fWZlzgQIZzfbEP9liA.jpg
553075,The Catskill Chainsaw Redemption,The Catskill Chainsaw Redemption,2004,en,/vpbGJC6xKNKQc5XF2WjgodrmAu3.jpg
553530,The Way,The Way,2018,en,/w2rFdQkoo3UwphZKH4PbgV7KfFM.jpg
553880,Alone,Alone,2017,en,/cYC4J8KYcVn1jPLg9q87rNObVlp.jpg
555455,Beautiful Eyes,Beautiful Eyes,2013,en,/f2KjguJk9qwW824uVu7sq51S1wh.jpg
555694,Road Meat,Road Meat,1989,en,/m5tJc2I7RAPkUQh0oLjypqyprLE.jpg
556463,Anemia,Anemia,2013,ja,/zQjBg98zzIZcbasSOhqjHLaMZ7W.jpg
557486,Life’s a Wish and then You Die,Life’s a Wish and then You Die,2018,en,/sTaCcJWCj63OE5sFTefgwOeTV6v.jpg
557508,5 Minutes to Midnight,5 Minutes to Midnight,2018,en,/cZXz95s1udtX3wnVHyCONbV39x6.jpg
557513,Bus to Dublin,Bus to Dublin,2018,en,/8hMeXDaXJ5T99Ab6IBlMk7fx5Fx.jpg
557932,La ballade des amants maudits,La ballade des amants maudits,1967,fr,/vxU2IWxQE8XT9jix6fig8nhejHM.jpg
558510,FarmKill,FarmKill,2019,nl,/5SKx9zC2BQzgnaumpXAzB9AhFep.jpg
558899,Refuge II: The Ice Path,Καταφύγιο II: Το μονοπάτι του πάγου,2018,el,/4eAQLIKNvNa6SW6FQppFyEr412w.jpg
559934,Svetimkunis,Svetimkunis,2010,lt,/coNSgp4D3Yw2WJiUWb6gxB6kWH3.jpg
563197,Le livre muet,Le livre muet,1962,en,/2Qiw03Axb6GbWWcka6BGMFZkn4.jpg
565440,Frankenstein Meets Dracula,Frankenstein Meets Dracula,1957,en,/xpSG5GDC4HbF4afyY2kg8Ed3vKG.jpg
565441,Return of the Wolf Man,Return of the Wolf Man,1957,en,/mSu74pHKYtCG609GFsJBOkjlpDi.jpg
565481,The Decayed,The Decayed,2017,en,/fhbWieHqggsLR0oX34vBopXBoqo.jpg
565851,Red Velvet Girls,Red Velvet Girls,2005,en,/axcR07kxOO0XpvdA09C02vd0g8O.jpg
566025,Ghoul Log,Ghoul Log,2018,en,/jDAZUQ4XiHcIW1kocfBN3h9wVnx.jpg
566325,Terrified Woman,Terrified Woman,,en,/6BRWFxvU3RSfQGK4X7wFaTGZkwI.jpg
566417,Cavity,Cavity,2018,en,/r2Mwdi5S7k5wVIg6XxBl6aaHowi.jpg
566627,Venga Monjas: Malviviendo,Venga Monjas: Malviviendo,2010,es,/eZcjEwilBy2H5aRzy8A5OOlR6yD.jpg
566804,The Dolls with Attitude,The Dolls with Attitude,2017,ja,/ojZ7MhwZP5VwYbPoLoM0fzEdTaN.jpg
567667,Anachronic,Vestígios,2018,pt,/oD1vDUjxW1zWynqDJFrLWjTo0vo.jpg
568265,A Little Late,A Little Late,2018,en,/pUrGkwsbws0dsNuWxLHIzQ2RseS.jpg
568649,Wild Ride,Wild Ride,2018,en,/nGZ0XKsSMGEEvQqmsVMCmjRCVA5.jpg
569329,Coffins of Light,Ataúdes de luz,2009,en,/reSczrecSKq83JCtDXuraCpVuHy.jpg
570453,The Picture of Dorian Gray,The Picture of Dorian Gray,2018,en,/2RYRwBIApE0V8lotNNrof0H457H.jpg
571931,Blood,ザ・ブラッド,1987,ja,/pvNIf64sE7EJxJONwU9z9KzypQV.jpg
572600,Boys Night,Boys Night,2018,en,/1uUMpowa29BkZjpI4JcJO476aXx.jpg
574127,Bildabläufe,Bildabläufe,1972,de,/tkhjaFTSY8JFp3OdfhQWlWDOxpq.jpg
574790,Toby,Toby,2017,en,/52YkQvwCNymJmrklp2dykJkjE2q.jpg
577214,De mes amours décomposées,De mes amours décomposées,1970,fr,/eYiiqggStHPQnOafTLQNuQMu23N.jpg
578443,VCR GHOST,VCR GHOST,2016,en,/8S1sHUs66sN4UmX87TC6dejZqGp.jpg
578469,Nightshade,Nightshade,2019,en,/eZVgA1P5CCc4yUbnhbjC6TB5kbG.jpg
578897,Muffin,Muffin,2000,en,/lHnovO7IFC2qg4rJkTLLyypRGRP.jpg
580806,We're Still Here,Vi finns kvar,2019,sv,/sdq2TQ34Jq2xdasMVvNkWcWvPb8.jpg
581235,Spooktown II,Spooktown II,2016,en,/wUvOTwBwtQCJnYLPoM5Gu27jjuZ.jpg
582600,The Rite,O Rito,,pt,/r8alSiIBUuxRM8JqBfbht6j5spB.jpg
582892,Despondent Yearning,Despondent Yearning,1973,en,/bRHZcZZDGqOvjkD2FU3OzhkUCON.jpg
582894,Homicidal,Homicidal,1975,en,/2EAQsmxrqjoZTzlOkTWkGCJNS2V.jpg
583016,A Creak in Time,A Creak in Time,,en,/9y9MJEf16PS9dSiQBsYjf5sTkEI.jpg
584466,My Love,ぼくの恋,1994,ja,/jgbxotfmQrVzwFlKkNjGCxyaiW7.jpg
584682,Daydream,白日夢,2009,ja,/yfAhpoqAgKaUCLktsC6KP8LT9ra.jpg
586727,Exorcist,Exorcist,2000,tr,/gswf7ZX5lCDaWxZgOuMTZxxX8GZ.jpg
588856,Home Sweet Home,Jeul-geo-wun woti-jib,2004,ko,/itG9ZIBHKdqX23zeNkR6Bh1TaFa.jpg
588858,Night Crawling,Shab-chareh,2017,fa,/tQlwN0bEU9Q1d7ivSj7rCGkFfmm.jpg
589635,Cenizas,Cenizas,2015,es,/h0fYn9P7mx91OTpwpaMVmIWSdNJ.jpg
589637,Tierra,Tierra,2016,es,/iBLy3U4e7jghrskCBqfjbvXRPfb.jpg
591309,Here After,Here After,2004,en,/1B8bKKTe0B2AK1veoNx4YXOfouB.jpg
592912,A Live Broadcast,A Live Broadcast,2018,en,/khoYGEqIJGMihri6wvBnylQtNsM.jpg
592989,Memento Mori,Memento Mori,2018,en,/kDlOSDQdm1gR4Tqa3i9zcePQOzV.jpg
593676,The Legacy,The Legacy,2009,en,/yEQ5cXiV97RuYK8AizwAuJ5qUMS.jpg
594274,Vampire,Vampire,1964,en,/wt1m2gllYqTz01dZqlX5XtjtMvP.jpg
595379,Blood Spook,Blood Spook,2017,en,/jsw4eelses9bvjVWT0H1PP0lwn7.jpg
597502,Night Pastor,Night Pastor,1998,en,/57qQ3VDAkgEttlSfrYlAWv62YX8.jpg
600427,Groping,Groping,1980,en,/hvxk2CHTONEk4YulkmciQYMlnCU.jpg
601683,Ardin and Barray: A Found Footage Story,Ardin and Barray: A Found Footage Story,2018,en,/4qDXQgWGjo7aK3M860visxYxppW.jpg
603431,Spooky Kitaro,ゲゲゲの鬼太郎,1985,ja,/yg0o8na222dewYevbuksmHYJUb0.jpg
603644,In the Hours of Darkness,In the Hours of Darkness,2015,en,/nfXZCZp7MHyDOkueRZPkRAcnCvL.jpg
603943,The Well in the Woods,The Well in the Woods,2013,en,/7nlgqIcuf6eBw13Ln9lea4ipoJ9.jpg
604350,Life in Death,Жизнь в смерти,1914,ru,/oVOI2QpZGzI6m7ivsNFa2ZY8dtH.jpg
604519,Carfucker,Carfucker,2019,en,/zydVgJINgOa4aL3E0eQhyTck9d8.jpg
605635,Receptor,Receptor,2019,pt,/dyGkbN1LDZK5ovJYgUIjBiJYjeR.jpg
605802,8,8,2020,en,/mEot6Gg88yvIpLI9HTZNPvSkzTd.jpg
606373,House Among the Trees,House Among the Trees,2018,en,/gnkUexNgKUGwuJcavZJiXJyio5s.jpg
606519,M Is for Migraine,M Is for Migraine,2013,en,/sQNEjGmFL8INOOqMhHYDzN2CGVB.jpg
607137,Momo,Momo,,en,/fSGtxNn4OMO9yfzfPr5urmeA76S.jpg
607740,Skin of Man,Skin of Man,2021,en,/3KDbbiPgvV1GxaBYpJG8x1QKjE5.jpg
609080,The Phantom Violin,The Phantom Violin,1914,en,/6CQWpOU7fA1mpOUa9OmCdVXsobH.jpg
609245,Luminous Void: Docudrama,Luminous Void: Docudrama,2019,en,/i1OavztpX5escb01lF3U7nQqPDz.jpg
609302,Adriela,Adriela,2021,es,/5n8e1qTCR3lZ9HLdRXkKcQN4LH5.jpg
609323,Kawarasaki Family,河原崎家の一族,1996,ja,/o1sE22CVaFqJ0j2aXuAoK10E0XB.jpg
609374,Dreams Do Come True: A Nightmare,Dreams Do Come True: A Nightmare,2008,en,/7niUFlGzwVGESASplC74lAL6xMv.jpg
611636,Stucco,Stucco,2019,en,/4rIihYUWOjbwfSVIg516IUyjlto.jpg
612811,Lingchi: Echoes of a Historical Photograph,凌遲考：一張歷史照片的迴音,2002,en,/oHSRHTo3Y4yOEqPQ2jmP8O5FxG9.jpg
613506,Festival of the Sacrifice,Kurban Bayramı,2008,tr,/6A9qwmiJedRDVdV8n3LBRMAelBY.jpg
613515,The Pencil,The Pencil,2012,tr,/yuUsnqnAOpadS2qjgqgYpttqtxr.jpg
616185,The Urban Legend of Sugisawa Village,杉沢村都市伝説,2014,ja,/pFJ80d1FvDeZFD16E20JhGRPHpy.jpg
616347,Guest,Гість,1990,uk,/jGlIAOUsjzpHNJDv7Ee3R5bvO7v.jpg
616769,Aurora,Aurora,2009,tl,/2xmqadTNKDWTXF9eAkr1V4E7nuT.jpg
617761,Runtime,Runtime,2019,en,/fZmDizcrUv8LXEJuHPdUDPz1lmh.jpg
617935,Stephanie,Stephanie,2019,en,/ffSnpFDwtXQudrOeTK6Zgq6DsLA.jpg
622488,Gegege no Kitaro: The Great Yokai War,ゲゲゲの鬼太郎 妖怪大戦争,1986,ja,/A8J2m5C3j75GXojIQIyt856gEnb.jpg
623520,Z,Z,2019,en,/5kFQrl8fCIrQEXqFUc6bBUylrFs.jpg
625213,The Faceless Man,The Faceless Man,2019,en,/dkRZRUSul0qHDGCWOPhs9GgHgfh.jpg
626028,Daz Watches Found Footage,Daz Watches Found Footage,2018,en,/gQamq2hlWonV7XXOOMbeKV3xDnn.jpg
626229,Flesh on Glass,Flesh on Glass,1981,en,/wlWOnZH8fUEqpVixWxrVEMYJ0FI.jpg
630560,The Hunchback and the Dancer,Der Bucklige und die Tänzerin,1920,de,/hWJvGG6QU2ouIfaWtAggC0tW832.jpg
630979,Wat te doen bij een calamiteit?,Wat te doen bij een calamiteit?,,en,/lFIjBNNGtBZon3dsWcXr8MTwFvC.jpg
632259,RETCH,RETCH,2018,en,/rl7bVu788yY7r1fsUGZVsXdb5Eg.jpg
634171,Mãe Querida,Mãe Querida,2017,pt,/uT1ONBhXf3RHfJmvBQbCOheCtpU.jpg
634341,20.02.80,20.02.80,2017,pt,/89ogEQaLMra6taxhRgnaV0Ouq6r.jpg
635040,Xenia: Priestess of Night,Xenia: Priestess of Night,1976,en,/2Eu3vtdWnRqBVQpEkecohOnCXJT.jpg
637020,Bubbles,Bubbles,2018,en,/1IvapmiIlsC5Beb2mnTFOjyfvBi.jpg
638210,My Girlfriend is a Serial Killer,羊とオオカミの恋と殺人,2019,ja,/jMTsnTweu2eDgXRMaTnXp3nr72h.jpg
638988,Cut,컷,,ko,/2tp6jpkTZl2Zu0Nje9PVCyoKJDv.jpg
639283,Propagation,Propagation,2019,en,/9utyRjrGe26UeO1o3NPYpwb7yev.jpg
639495,Chloroformed,Chloroformed,1995,en,/75Pk75sYEUDd7QhbDd9iOTtHJCC.jpg
639571,Skin and Bones,Skin and Bones,,en,/v7A9rhtiw51t7zHwi6U6PS9UzTT.jpg
639730,Cloud Shadows,Wolkenschatten,2014,de,/1lNRYE7eabhBNBHMorgTNmBgDX3.jpg
640291,Je suis de trop,Je suis de trop,2019,fr,/gHaWwydDnZj4S7NCUIKQTF6Vzqg.jpg
640605,Memories of the Seaside,海辺の記憶,1982,ja,/neZppmSoWg0ycaiskBMBQzUO7O3.jpg
641588,The Veldt,The Veldt,1979,en,/squ6ehimGNOjLZ4WUMayF1n3dSE.jpg
642649,Level,Level,2017,en,/wa8791fCkQRWJgBUAz9gtk8JdZs.jpg
643213,Ten: The Sacrifice,Ten: The Sacrifice,2019,en,/srYHHAexZWNiMiC4RRrn7HegqM4.jpg
643375,Chiller Theatre Fiend Club Show: Volume 1,Chiller Theatre Fiend Club Show: Volume 1,1996,en,/tgkH6AzIn4H1H8kuOIIjKQJ8h6R.jpg
643377,Epilepsy,羊,2011,cn,/4eARDb02M8RNXTm4z7AuN4uDukr.jpg
643393,3AM,3AM,2015,en,/so35ymQ5YzNmIjzPf4jBD9gzwJh.jpg
643395,The Butcher Man,The Butcher Man,2015,en,/n22L403kaMILidsijZ4yd9qy2qP.jpg
643400,What It Wants,What It Wants,2015,en,/18n6uMFdnFknEtscabIZXJpQQ63.jpg
643889,Two Little Red Dolls,Two Little Red Dolls,1996,en,/eWPlSWjvqeiyewqbrfTpHnvb6YI.jpg
644665,Bramble On,Bramble On,2026,en,/vkcGRcPHf7OgaXoSPIPmMxP8yGh.jpg
644686,Sleepwalker,Sömngångaren,2019,sv,/dOlk633TnsAo4CGPHkMLXibtmYL.jpg
647156,An Absurd Thing,공허충,2019,ko,/nJYBzP6v63EcMUyjnTQs86yr87A.jpg
648473,Desirella,Desirella,2004,pt,/4DBIdlV5IuHQ3Gv4zJ5E8oJD1lo.jpg
648957,Silhouette,Silhouette,2018,en,/4hTS8mIeI7kuhgBUtJtrEeu9Ia7.jpg
649219,Sock 5: Three Skins Without Men,Sock 5: Three Skins Without Men,,en,/5UNtIpKuqXS2LRI7MHDSSGMGApU.jpg
649274,The Blood Alligator,狂暴巨鳄,2019,zh,/eyqsHzWxY2HhnaxW6xMfQPkLusV.jpg
650248,Nycto,Nycto,,en,/jL4M4Vj2bBGqYos6OEcw1p0CQvr.jpg
652441,Metod,Metod,2019,sl,/4X7EQicR9cyX1SJPgK98CTRnOXQ.jpg
652794,Cursed Words,Cursed Words,2019,en,/aAYbP4Oazn6NIO1GDUyUuqTqC12.jpg
652823,Madball,Madball,1988,en,/RXiU25W7KJEvnfJ3s7fHQv5fQ6.jpg
653355,Zombie Massacre,Zombie Massacre,2002,en,/2GGWzRZ1oTviIt2XDdYwOOgn2d2.jpg
653537,Whispers,Whispers,2019,en,/bSWfmpan3VTy4jJeP4yu8NwDYuz.jpg
655046,Hi or Coughing,Hi or Coughing,2019,en,/n6ULquMwLteq89JOKKcPnharcgd.jpg
655435,FEEL,フェール,2016,ja,/o67B6afCxY3EuuRMMAJUtww4M33.jpg
656147,(sorcière japonaise),(sorcière japonaise),2013,en,/xX1k3is8mI1wjkAi3O7FNm27h38.jpg
657191,Tomorrow I Will Be Dirt,Tomorrow I Will Be Dirt,2019,en,/7XkaGVOEyakm1HXNioHqFDosHVO.jpg
657625,Hampton Court Palace,Hampton Court Palace,1926,en,/1TVJvx5Qc52d0PciIklDBF1KEVE.jpg
657877,Awake,Réveil,2019,fr,/paQFjXs3xCTYUV4ZRE9W3PuSXvH.jpg
657891,Eve,Veille,2019,en,/1SOP3EWtveyGbvqKGpT3Iddmg4.jpg
659756,Service,Service,2019,en,/9DREzs2dcZXvXg28NHtZFhyxXbw.jpg
659822,VI,VI,2019,en,/8yTkltFGkcN6suab9mkODBqvfOS.jpg
662065,Mr. Yamauchi Ozawa,小沢くん露木さん山﨑さん,2015,ja,/fhrn4O8WXvQhvzFJfowD6gXcXAB.jpg
662109,The Room,ザ·ルーム,2014,ja,/sGj1fjyqN5gZqhaccSgEeMQpnL5.jpg
662509,Experiment 17,Experiment 17,2005,en,/k4HGyTR6Ti9SwU7o2TCdIGjjC1H.jpg
662521,Experiment 18: Das Hexenhammer-Projekt,Experiment 18: Das Hexenhammer-Projekt,2007,de,/mntHVQUbXVawiPQb5n08TafXNWR.jpg
663016,Paranóia,Paranóia,2019,pt,/y6VYLJDeD1TnK8NgHdTU5WixcZL.jpg
664049,Jasu,Jasu,1992,fi,/wZ1mZ37WTu75KuEl0UMDWVAj67c.jpg
664483,The Crow and The Raven,The Crow and The Raven,2010,en,/xiSrEegfwQGx9otLtL9Ds2E5eg4.jpg
664527,Solar Deity,Solar Deity,2019,en,/ijpKG7YJZmSMAKY5vtD6hARwkSG.jpg
664530,(R)eliving the (E)xecution of (M)yself,(R)eliving the (E)xecution of (M)yself,2019,en,/sKpywyBGAtdERZfCWVqqGxuIoPe.jpg
664748,Dr. Sadismo's Theatre of the Macabre,Dr. Sadismo's Theatre of the Macabre,1986,en,/iUWe9bHT1E0wLrR3eIlw8SC2NdW.jpg
665835,Die Tophar-Mumie,Die Tophar-Mumie,1920,de,/85c5gHorfpBhBaLko10iDaa3wrY.jpg
666771,Him,彼,2017,ja,/jlLbtVyRQ0UOdmgkzf83IDNfY8Q.jpg
667098,Organ House,Organ House,1993,en,/ywZZiBR63V3mdAR5Xc91N2BiKaJ.jpg
667459,Schizo (Redux),Schizo (Redux),2004,en,/m4BExRMYwGYEs4fwEjgkEpIDV5s.jpg
668184,Luzern Viper,Luzern Viper,1988,de,/f51nL7ri6KCdXWLDI8Pz0zw2QFG.jpg
668385,The Erl King,The Erl King,2020,en,/unG0Qn3hGUm2lNGjS73SHyOJPWp.jpg
668462,Multiplex,Multiplex,,en,/ytI2s4suQbmYTIST98tCNckl8RS.jpg
669974,Ashley,Ashley,2020,en,/mbqJRdtJ0tUwsmRMnvAPbt8Z3oT.jpg
670171,A World of Your Own,A World of Your Own,2020,en,/gjS1HwXHuXqv3MChXoFNFdbF89s.jpg
670638,Mother's Gut,Mother's Gut,2020,en,/rdjjAj1vS8bvpbEuawNJ3cQWQvS.jpg
671078,Safe Space,Safe Space,2019,en,/qWZYeWLsOmjfo15TYK3C10WUk82.jpg
672043,Masque of the Red Death,Masque of the Red Death,1959,en,/pW49cYnHAgeTnXErIRU4CRMZ1Yl.jpg
673850,The Clown Statue,The Clown Statue,2012,en,/6wCG1sF3B4vLctnDQpk4PcjzIk6.jpg
674382,NONOMNIBUSDORMIO,NONOMNIBUSDORMIO,2018,en,/n0TEg0rckbQUPnVcWafn1yZrcSh.jpg
674853,Schizophrenic Building,Edificio Ezquizofrenico,2019,es,/vv1GNda2kYg1NNBEVwAxdgaeXb0.jpg
674943,palyaço bobi,palyaço bobi,2018,tr,/nsiyyvi0kPCnQ36SBOW0PGy5xdB.jpg
675526,The Quiet,The Quiet,2013,en,/cY7haM7UXPxtrFvc5vGHWPVBTXg.jpg
676285,Smile Guide 1 - How To Effectively Apple,Poradnik Uśmiechu 1: Jak skutecznie jablko,,pl,/mk6KLQmXOGqTZZVctSoac5iHQjw.jpg
676291,Face Value,Face Value,1981,en,/8TTj8rrHE0mhWc1KLwrjVvKpxhd.jpg
676292,Smile Guide 2 - How To Make From  Paper,Poradnik Uśmiechu 2: Jak zrobić z papieru,,en,/ddd6ZcRsSnNa43eC4NC72bDCS8i.jpg
676297,Smile Guide 5 - How To Properly Phone,Poradnik Uśmiechu 5: Jak poprawnie telefon,,pl,/i14yw79Kh3hWJTkEihyUR3Qa0HT.jpg
676299,Smile Guide 6 - How Your Child,Poradnik Uśmiechu 6 - Jak swoje dziecko,,pl,/sllrtxKP4xEvx61YgeoKFeb8dn3.jpg
677431,El infierno tan temido,El infierno tan temido,1975,es,/51gOWbFAOlPsBehCqWZUZ7IXeUq.jpg
678278,Late Spring/Regrets For Our Youth,Late Spring/Regrets For Our Youth,2009,en,/cuNijUzSlDcXjXK911kbzUqeTFS.jpg
679785,The Machine,The Machine,2020,en,/39WejHDhdbMx22FEfjCScvqTzL6.jpg
679985,EMOJIHEAD,EMOJIHEAD,2019,en,/mGi3ilpWBETdzQE3rZgtVXIDEKz.jpg
680094,Ninja Masters 4: The Possession,Ninja Masters 4: The Possession,2015,en,/qDGLwyH7AtR7p3pECVT3aQLzRFB.jpg
680793,Micromeo,Micromeo,,de,/3XRNyw0KrYeLB8SbtVJxSOxdCVw.jpg
681198,The Great Muta: The Origin Of The Demon,The Great Muta: The Origin Of The Demon,1995,ja,/m5Uvb5C9bh2NIUVfVkCsEBP1SSp.jpg
684478,Mushroom Melody - A Ballad In Rhythm Jeans,Grzybowe Melodie - Ballada w Rytmie Dżins,,pl,/8unCnoZ8mtklTSkaCRHUULIdhg7.jpg
685826,Watched,Watched,2020,en,/fNEgSdlndOMDeLnRrEi3DCU7LpQ.jpg
686086,Rood,Rood,2021,en,/6JXiGLsGRRHbhycuJk4rtpPAyM4.jpg
687281,In Sickness and in Health,In Sickness and in Health,,en,/61u0ZEhKR7QsgbRVsMCahKICJVT.jpg
687766,Journey Through the Night,Journey Through the Night,2000,en,/kuLeLaNpzPJLvRR8JODvYczBwoK.jpg
687794,The Innocent,The Innocent,2018,en,/lx6Jb4WhbzQFPFIo8NSM6z3o3j6.jpg
687859,Limp,Limp,2019,en,/7ZRYZcj1q6lcAfkoc9kxFuTbwjh.jpg
689918,Cursed One-Piece,内田春菊の呪いのワンピース,1992,ja,/sl0q9bgHdjdv2roFB1nBHCJZpXQ.jpg
690122,Beauty Is in the Details,Beauty Is in the Details,2018,en,/ddqtuPkTOeCjv8ojZSKs4bPDe53.jpg
690127,Last Number Dialled,Last Number Dialled,2018,en,/5ZlNnoZsKsoNr1twhQGZM7I7ugQ.jpg
690128,Emoticon,Emoticon,2018,en,/pfe73clotG9t58zji1XDsgpWkDs.jpg
690129,Aquaphobia,Aquaphobia,2018,en,/ubW5pnpi2p0KTLKFStDpFSS9o3A.jpg
690131,The Deli-Very,The Deli-Very,2018,en,/kPP8oWlgyoGu8HNvbCnPH2i1KyD.jpg
690135,The Crows of Culver,The Crows of Culver,2018,en,/dCCHgI1AJB4FhPHF6fp7qGUK2XT.jpg
690136,Psycho Messenger,Psycho Messenger,2018,en,/gvse3kCFWmjUKzLqoDvFa9zzp79.jpg
690137,CPR,CPR,2018,en,/3ds50Zcb3Jw0WSBuYt1NNydBICS.jpg
690138,Broken Heart,Broken Heart,2018,en,/uthxApwzAYYO9SQTDhN31tgWbvG.jpg
690583,Armageddon,Armageddon,2019,de,/swxoaffYG9EjN7mVOZG5mQC5weA.jpg
690658,Biocrisis,Biocrisis,2002,en,/6gh18FN2dyf9iQFIU6Fcs1xWM7s.jpg
690732,The Guest,The Guest,2016,hi,/hL1h8oWahCMM8NMxvkZLPGxTvi3.jpg
690799,Horrors from the ID!,Horrors from the ID!,1970,en,/pXBMrzBnrtQuds2I9XjgDltL6gy.jpg
691155,Papierkram,Papierkram,2020,de,/33pLafYy0xsIPAw8RHZ0six5epI.jpg
691223,Ruptured,Ruptured,2019,en,/pJBBz5RHIXWOqjq4O2CWNCxKSfb.jpg
693582,Fate,Fate,2018,en,/bkYa0ABWJGW33q7RqApi6PHBM6a.jpg
693840,Hell's Bells,Hell's Bells,2017,en,/y22FSe8FRPOgEm5S9wca1311wlD.jpg
694435,The Dead of San Angelo,The Dead of San Angelo,2001,en,/zdc9gMj68H4zGfoMWUdBAsWVm7I.jpg
694439,Under Cemetery 2: Guanajuato,Under Cemetery 2: Guanajuato,1999,en,/j1oKIVElKZftZuZxdkrRzpmRcww.jpg
694441,Cadavericon,Cadavericon,2002,en,/gIMlfhNabZsibrjrnfbfGPBAWS0.jpg
694556,The Pit,The Pit,2010,en,/lbwjK9Bg4z7bXLXiPq6ya7UPySH.jpg
694951,And All Through the House,And All Through the House,1971,en,/32Ljy80Xl883nn9SZMe1MYgdI8y.jpg
695256,Obeah,Obeah,1987,en,/8vsWq3hSlM6R8fARDAHHUesIo2g.jpg
696138,The Philosophy of Horror (Part I): Etymology,The Philosophy of Horror (Part I): Etymology,2019,hu,/5lPiefwMbca330JUFDdTJBYpt4U.jpg
697402,Zombie Attack,Zombie Attack,1990,de,/wHRkcCz2AqD6PWCy4eUw3Gb5bNp.jpg
698649,Trees: A Tale of Two Trees and a Swing,Trees: A Tale of Two Trees and a Swing,,en,/muwovGUjfFeuwTWkwBSmQngTyi2.jpg
698826,Transfiguration Atelier,Transfiguration Atelier,,fr,/x21AL3unhM8zpZ86HRDGJb4xqSD.jpg
699317,Will The Summer Make Good For All Our Sins,Will The Summer Make Good For All Our Sins,,en,/aKtZGRf06y4Y8Q7n2ItrMt6ZtU.jpg
702649,Box,Box,,ja,/4TIGiH2zK22Lhd8lY3DPBnjCecI.jpg
705279,The Bather,The Bather,1995,en,/n0C5GocY2aL3Z0CiCyyn5alYNzx.jpg
706199,Ice Breakers,Ice Breakers,2014,en,/ypZq4pMo7UJevHZydH0M1x3mJm1.jpg
707786,O is for Orgasm,O is for Orgasm,,fr,/A5UdWRGou3DsjStl1ekhU7kXyHl.jpg
708591,8cho,8cho,2006,es,/fyPpgpcqzqUqsuSiY5RJL4nWznM.jpg
712286,War Hero,War Hero,2020,en,/8EezLDAZtSc77If6vE4DweTtsrE.jpg
713504,Blind Date,Blind Date,2020,en,/xbAP8ks4eA10SmbCjT5DeGH7fGL.jpg
715951,Not a Baby,Not a Baby,2019,en,/7cY76jVZmi9lhivqVLQVKu4pRh8.jpg
717972,Flick,Flick,2020,en,/1tAR93S6ie6bacxQREDvpF756V4.jpg
718859,Juken Zombie,Juken Zombie,2019,ja,/6YwbDY4G1tta3zPZ5lf3VylFKjC.jpg
719276,Viy,Вий,1918,ru,/syQxdFal59W88Ml6GIpJJkpdUHw.jpg
719279,The Afterlife Wanderer,Загробная скиталица,1915,ru,/8Cbes7qAXMemYj3xGKD2jmzFm0c.jpg
719280,Fanga,Fanga,,en,/5Q9eqoBGYE82lnCI7kMurxRqMIv.jpg
719384,Disillusioned,청년은 살았다.,2020,ko,/u7GQRhpPGvz3BHUTWNqkRwzyl7K.jpg
719686,Monstera Deliciosa,Monstera Deliciosa,,fr,/wM6MZttjVFkKIwGVjCDlvgDN0Ef.jpg
719703,Je t'aime,Je t'aime,2010,fr,/h2a65tlhor2ilYj9ZmJfuKv8WwR.jpg
720667,INFINITY minus Infinity,INFINITY minus Infinity,2019,en,/icRerj4LOJBG0a9UCiMDx5CmEhr.jpg
721139,Kulit,Kulit,2016,ms,/rEDDH9rSLpgIP2cA5K8b3rjxW6e.jpg
722635,Firehead,Firehead,2019,en,/jz1TRUVXkShYoCkO2Y44rJrtSbY.jpg
723531,Adult Swim ID ‘Mr. Pickles’,Adult Swim ID ‘Mr. Pickles’,2016,en,/lDHEGTt5a0F7PtzZJv74YkafxfX.jpg
724774,Devil Eyes,Devil Eyes,2002,en,/fJS3Wdpir6JjQ2BH6kY7Rj3QeiA.jpg
724789,Temple Time,Temple Time,2016,en,/lgo9TfGJajmaY0OMaC0DHkcJUy8.jpg
724919,Pressure,Pritisk,2020,sl,/bFf9AG66oY9EjIz46j6TkKZflvv.jpg
725836,Aubergine,Aubergine,2020,en,/424p6rfPE23pWLPCbsnIvNdMOni.jpg
726025,The Island of the Dead,Toteninsel,2012,de,/581CCn27GsIKaH9sZ9ISdsezZMb.jpg
726031,The Gable Film,The Gable Film,2007,en,/kuqdBXVFdFm9fTK3NFMQqXpdmmn.jpg
726062,The Musical Chairs,The Musical Chairs,2002,en,/AeQ0Fmvmtu5hKl0YAsQaQjwpsLP.jpg
726239,Dead,Dead,2020,en,/eu40V59ULl92GIWfRGLAuzu5EYb.jpg
726333,The Bride of Frankenstein,The Bride of Frankenstein,2020,en,/zHNQfN6EiwjA2ezR1Jklu0leoxZ.jpg
727251,Metachaos,Metachaos,2011,en,/eRHV2xisqYzwVGqMlnNfMVMMlPk.jpg
728218,Mean Spirit,Mean Spirit,2020,en,/y6YYvrDjwGfapiqn8hYYcjl6QU0.jpg
728236,Libido,Libido,,id,/hyK8uUx8mfXitGfFtQs8DyHe4VK.jpg
728295,The Death Vendor,死の商人,2019,ja,/xF3juC1qgZML7TSO8LEOXSoPwSi.jpg
728308,Bowling Balls,Bowling Balls,2004,en,/5jlAre5oX9n8ocBSs1xDVbczY3p.jpg
728872,U Is for Unearthed,U Is for Unearthed,,en,/Al0zhOkse8UHx1mc997dfJT4KJa.jpg
728876,X is for XXL,X is for XXL,,fr,/97WjMJ4YNQ2C2KMMHdmz8izfoVR.jpg
729565,The Tiller,الحارث,2020,ar,/sgjwvnn2QL4SvJaagy57pJXoqNP.jpg
729630,Mom's Heart,Cuore di mamma,1909,it,/t3D1wTQ4g2C2MjprNhkDbKwWeEs.jpg
729631,La ballata della strega,La ballata della strega,1910,it,/fuvaVTjlU7BZxcmMWHASRcYxGFX.jpg
729975,Porkin' Across America,Porkin' Across America,,en,/bFdzli97FrAnmVIZ5DAJMogs4aJ.jpg
730103,The Human Vapor,ガス人間第一号,2010,ja,/g26k75s76S4Ipr1Q10qoEEU098y.jpg
730375,Shizuka na ayashii gogo ni,しずかなあやしい午後に,1997,ja,/fLuE64TiXj5Dx9T7iNAlBW32OxE.jpg
730627,Abstract Horror,Abstract Horror,2019,en,/4XcNdEqYtW93PcQX7I4RrPx2zxx.jpg
731803,The Murder Rabbit,Morderkaninen,2011,en,/7Tj9ESIQBwdhmdzODls59OwvKxP.jpg
732136,Miporin,みぽりん,2019,ja,/14RSt0SY7uDQL1qCIx9EYLNmpCR.jpg
732945,Pesadelo,Pesadelo,2018,en,/3u0Gv8qXtZ5faIMBqjwvOZjWOiv.jpg
733126,Behind the Frame,Behind the Frame,,en,/lX80pZy6UWsWOC4i2KYZn7QOHii.jpg
733222,Cravings,Cravings,2019,en,/kqwJRnL8nJBwEm2azRnON91kqsT.jpg
734878,Obito Doce Obito,Obito Doce Obito,2016,pt,/d3pKaDU2kwIjmsZ5u9MQyVOxmh6.jpg
735012,Answering Machine,Answering Machine,2001,en,/vYK5Xq21cTin1ljGaPgJcdxIN1I.jpg
735504,Derailed,Derailed,2016,en,/klJmuXzKSwLVJ1zAXPIUxDoXhW9.jpg
735514,Actual Case History,Actual Case History,2015,en,/yaz6qLdfXeWeA2AzZ12JwCPzHeP.jpg
735951,Matroshka: Dolls of Doom,Matroshka: Dolls of Doom,2009,ru,/86JRBI1f1e2nrulO8VgwY6SrnH3.jpg
736189,Dorm,Dorm,2016,en,/uw61qv4BKvPVRQ8pkc6S3z54Ada.jpg
736369,Même pas Mal,Même pas Mal,2003,fr,/6EDiBOXG0zgQW32DNUg1rKcuiiG.jpg
738043,As Long as the Stratified Animal Lights Up,Tant que s'illuminera l'animal stratifié,1965,fr,/e70oJAInFuhzVnKACE1L4ahWRVG.jpg
738796,Hamster Hell 2,Hamster Hell 2,,en,/5QTfG6Bz0fXp0KQuEuQcqmSTAp3.jpg
739591,Adormecidos,Adormecidos,2011,pt,/ooQJZrZABxc4cyayHKInwr3lv17.jpg
741592,Cyst,Cyst,2020,en,/5nJwS765eHzCb5M8BTT2sl0lxxv.jpg
741808,The Truth of Grimm Brother's Fairy Tales,世にも恐ろしいグリム童話,,ja,/8isSyTQpiCRxpcz1IYSIVVCHQu4.jpg
742327,The Devil Had Other Plans (Act I),The Devil Had Other Plans (Act I),2020,en,/sRqbDCQUnSMVu2BOqm1sIGwIAUO.jpg
742899,The Teddy Bear's Picnic,The Teddy Bear's Picnic,2019,en,/8kAFina73DOHyzufbGxY9aC5ukJ.jpg
742948,Pieces of Me,Pieces of Me,2020,en,/ruEzVW4ftPw7R0VNm9BRd5cOcGs.jpg
743240,Black Forest Sanatorium,Black Forest Sanatorium,2020,en,/9NRHiOzloJHbUttEqjnGlCvocqD.jpg
743964,Teddy Has an Operation,Teddy Has an Operation,,en,/lLxf3YxjgZ8anHgXX2VJvehUsW0.jpg
744447,Soghoth,Soghoth,1986,es,/zF5IUd4EmkvrxVLmGd0rIPPQfzC.jpg
745047,Static Tears,Static Tears,,en,/o23owAHelyRQEV1IfSRsL6bI7ac.jpg
745282,Prey,Prey,,en,/q8O9wZ4BvwF1ui1BDXZN3a0Tfkq.jpg
745328,The urine crazed corpse catchers,Мочебуйцы-труполовы,1988,en,/qG9auFDA3xxPc4UPdcqAh79lAqh.jpg
746520,The Storm,The Storm,1962,en,/dVwqcWqwTujfdVeaSqZv9hJU7xc.jpg
746661,Cleaning Day,Cleaning Day,2015,de,/qqrxfNGtqyKjqJQF6Lrpeu41GRV.jpg
746971,The Painted,The Painted,2020,en,/fkDpVFJ49KCqyyXYQ4dDDfjn0LN.jpg
747005,The August Club,The August Club,2020,en,/wJKVNrPbCjVpZ3Zxxwsqeq9oZW6.jpg
747521,Red Light Green Light,무궁화 꽃이 피었습니다,2018,ko,/5ji6sgGBrxaK7mofl5Uug1izjJE.jpg
747923,Torgo Kills / Torgo Lives,Torgo Kills / Torgo Lives,2019,en,/7MTkhZXWWXkahG8KIxu79Urxi41.jpg
748694,Civilize,개화,2019,ko,/1tnfqzwzLeXmqFr0hE84Bm7CL8Z.jpg
749380,Grundy the Meat Man,Grundy the Meat Man,2013,en,/yvtPfmdFhQckHMdGRfvAgNzm9S.jpg
749416,Only the Lonely,Only the Lonely,2018,en,/KchNL9lskQxXRNbjmGswC4T3Ok.jpg
749992,Junction,Junction,2020,xx,/3WVPadc7TPiAMmU8WN9OaV4t5aI.jpg
750415,Seven,7,2016,en,/hj1s5RI58UDda1lbaXcSPRaabph.jpg
750923,Murder at Makeout Point,Murder at Makeout Point,2015,en,/irUcC4x7CrQE4Xk3e8wwJsviljq.jpg
751365,Telos,Telos,2017,en,/qf3QPKEoFbv8e5WgRadqgCT7C7r.jpg
751401,Pork Chop,Pork Chop,2020,en,/jAXhRHidEvddHRLqP650I5iZawB.jpg
751418,Cabal,Cabal,2020,en,/axvt8bzek9RziQh3imJanA1umDB.jpg
752819,Blood Bath,Blood Bath,1969,en,/nfXhiwdE6gpijULLgTR4u6dSxQD.jpg
753147,Gregory,Gregory,,en,/jYJwGvP9G5ADG15QKixrZk6tktq.jpg
753158,Old Maid,Old Maid,,en,/xlcl4fP21Jx7fb0TsOANWsJtxBw.jpg
753248,The Living Corpse,屍變,1958,zh,/tR3SwbTblusn1GLV8XVrEUs3anL.jpg
753328,Spout,Spout,2009,en,/1WXajyutGGPlmsIpr5dxJVyj4l7.jpg
753337,Gremlins: A Christmas Nightmare,Gremlins: A Christmas Nightmare,2018,en,/zXqUOeBZ9efGkahKBEcf12nx9Qg.jpg
753726,Halloween Party,Halloween Party,,en,/5aQ7rJScNkpm1wsPd8e5ZlkxyvC.jpg
754758,The Mystic,The Mystic,2012,en,/oiZeax2xzTYGOVAeuAu7LCGBxA6.jpg
754777,The Devil and Tom Walker and Me,The Devil and Tom Walker and Me,,en,/eUN8gfRru13637smyo6XlUqmeX9.jpg
755804,Sweet Tooth,Sweet Tooth,2018,en,/sYbHo2Y3jZQMSUwKIPwpbxC8k3o.jpg
756158,Kurt Cobain Horror Movies,Kurt Cobain Horror Movies,,en,/y4Ogeqem9kHGyDXrE50WTOWMhCs.jpg
756673,Slender Man,Slender Man,2014,en,/upnq3REL8fPcn0gzRcgQiNxdzqe.jpg
757173,Clownz R Us,Clownz R Us,2020,en,/5M9BBVk0CL5E1V5snpYxlVIfHjH.jpg
757854,Necrophiliac,Necrofílica,2020,es,/k5P8OJFFdkePU4x2nXXjPCtQtnA.jpg
758547,Surreptitious,Kasilyas,2006,tl,/Hr5UuQI1S9y9MEFQliSNausNPz.jpg
759753,I Ride My Bike When the Air is Crispy,I Ride My Bike When the Air is Crispy,2020,en,/ht1uVM9lYucSD0FVvDIPAyEjI8h.jpg
761055,Embedded,Embedded,2020,en,/ilEaCXUcTAxOfrsXqpzjHYklEcb.jpg
761837,Guests,Guests,2020,en,/uT7nQQEfeJhcbjI1z7gOa4yGrr4.jpg
761953,"Komaneko, Home Alone",こまねこのおるすばん,2013,ja,/w4OJb7PPVoCxKc7qWp6kZfJjW02.jpg
762305,Rhapsody in Blood,Rhapsody in Blood,2019,en,/86DajkLvQ2ZLtuAKNDTx7mTzygL.jpg
762655,Dr Turner's Mental Home,Dr Turner's Mental Home,1929,en,/cSEmFbgnqyFA9O36NIrEAms1Wx5.jpg
762660,Transcending Mirror Boundaries,Transcending Mirror Boundaries,1981,en,/rdZyFOGpQY08EDchg3ebi3RIc3x.jpg
762741,Mouthless (Gusła),Mouthless (Gusła),2020,en,/2m2UOVdxb5CkGxx6TZLZ9WwKib0.jpg
762826,TRIANGLE,TRI▲NGLE,2012,en,/mqnIMzwOMfCvt1RHaBN12pnoHlC.jpg
762838,UNICORN,UNICORN,2012,en,/33i5IDVGm09lbVkY8HwxBRqgPZX.jpg
763278,Llega la noche,Llega la noche,2020,es,/unnyX81r1E4MeteeCrdS5kCIUmY.jpg
763302,Haunted House,幽霊屋敷,2000,ja,/8E95W3CqzYPtN27GSX99vPFEW3N.jpg
763320,SCARE PACKAGE,SCARE PACKAGE,2019,en,/zB78bFjOAfG3iWlz2b74h2aQR9u.jpg
764309,I Am He Who Created Himself,I Am He Who Created Himself,2019,en,/wclvI1MjVrSYJds6ZAjJTA25B2F.jpg
764794,The Phone Call,The Phone Call,1982,en,/zH3N6LIIuHFRHKx6niBDrmj96bv.jpg
764923,Honto ni Atta Gakkou Kaidan,ほんとにあった学校怪談,1996,ja,/4qGmAKVud62zZ7v2Qe0ZuRccEVB.jpg
765190,The Starey Bampire,The Starey Bampire,2019,en,/m0mr6S1cfkLrBt2apaujMWqdu01.jpg
765193,Booklovers,Booklovers,2020,en,/hWWzf2wCaZZir6Cko3yzYW7S03t.jpg
765707,The Blaylock House,The Blaylock House,2012,en,/utfVKs2nS5vI7KSyR2qlWjHCrzW.jpg
765878,Alla ricerca dell'impossibile,Alla ricerca dell'impossibile,1962,it,/4Hu5HMg9M0vnvRAsYsz7GnpdUzj.jpg
766162,Life of the Artist,Vita d'artista,1981,it,/pIByvyICw0oUGVD7XfIblwM3V8v.jpg
766309,Páginas Da Loucura,Páginas Da Loucura,2019,pt,/96dWkZmjXgqKhvLQxEC7AJoZ1sz.jpg
767152,Stiff,Stiff,2007,en,/pSZ1anpuI5CHT2yh5JKv9eiHJrL.jpg
767243,Optica,Optica,2013,en,/rdaikpwGlaLkRiwc2WyOUpX4f7B.jpg
769303,A Vida de Um Homem Só,A Vida de Um Homem Só,,pt,/r7mgUJes6MrfkkBvZF4qWHQj5Q4.jpg
769804,The Color From Beyond 【GEMSTONE Horror Entry】,『The Color From Beyond -彼方からの色彩-』「ショートホラーフィルムチャレンジ」【GEMSTONE】,2020,ja,/8kZPdMdmFPRBcngFrszKYHzZu81.jpg
770010,Mekakure,めかくれ,2019,ja,/w9OxQjHK4goy5XWSfMG9QFD4ruq.jpg
770382,3 AM,3 AM,2003,en,/4p3WKA3jl3ri95AJFm4p4C3aERv.jpg
770491,Operator: Episode 2,Operator: Episode 2,2017,en,/o655BMdDPCJMXouUuAE8s6yAsVy.jpg
770632,Alone,Alone,2020,en,/hn4nBIg6buks187oNjAd8HsuxDK.jpg
770973,Krampus is Here,Krampus is Here,2015,en,/gn53LJ8sZoZtkEiJ9pdihKNPRK9.jpg
771266,The Wesley Verbank Octagon,The Wesley Verbank Octagon,2020,en,/2xK2ZorDkzXZ2fHf0GDnZuogWuf.jpg
771390,Macabre Night,Noite Macabra,2020,pt,/jJMZjnP26Ih8eeC4oP4RgmY2IFF.jpg
771550,Pandemonium,Pandemonium,2020,es,/rLKAwSiHeGxhj9O7wEjZIH2RIG8.jpg
772139,Keep Forgetting,何度でも忘れよう,2019,ja,/dXBWdh5rIJVG4KUsVHeYhkXCkDU.jpg
772312,There's Something Wrong With My Freezer,There's Something Wrong With My Freezer,2020,en,/mPRrhuzyHWquxTlxhBcU47Ft432.jpg
773620,The Bride of Frankenstein,The Bride of Frankenstein,1968,es,/9dmJA89lxa5cr2HyzPzJl8qyhQo.jpg
774559,Rex the Runt: Dreams,Rex the Runt: Dreams,1991,en,/fZ61lwTcLqdBqN58rYZTnklxjhX.jpg
774629,Ansias,Ansias,2018,en,/oMLxwtog6zCJc8aeGR4CXOZ9htU.jpg
775381,Goodbye,Goodbye,2020,en,/gjszYeaREI5O7P3JDtgNsXp1yKA.jpg
775857,Decent Work,すばらしい仕事,2015,ja,/fSFraCRIH0l2tSI6wcx75TWaE5.jpg
777177,Thursday: A Day in Quarantine,Thursday: A Day in Quarantine,2020,en,/uBGNoVN3H3jc2wvHcCqey9HIcvu.jpg
778190,It Gets Worse,It Gets Worse,2016,en,/j5nuXhoePagIAcfGf5wBjqetaGe.jpg
778521,Devil Boy: Welcome to Devil Land!!,悪魔くん ようこそ悪魔ランドへ!!,1990,ja,/9nu8vUk76KqdUpjvvulxkIwyw5F.jpg
780535,Flying Images,飛画,1989,ja,/gfpLwttyPfbk3vZ5I7D4siIvkR8.jpg
781004,A Halloween Carol,A Halloween Carol,2014,en,/q4hwwHl8w1tac7IFiojndC7Hf78.jpg
782214,Carnival of Sl*ts,Carnival of Sl*ts,2019,en,/gDF1l2z7HDHGbHnrvckYgJqABZP.jpg
782575,Que votre empire s'étende,Que votre empire s'étende,2019,fr,/sIORdxaqAcsQ1afvE1wZbLDnqtH.jpg
782676,Plane Jane,Plane Jane,2020,en,/qmTmlPWudM65yEw3SyEmIbeihwo.jpg
783963,Der verlorene Schatten,Der verlorene Schatten,1921,de,/u1994QwGZj66VKeMCewLZRVvajZ.jpg
784115,The Curious Adventure of Doctor Works,L'Étrange aventure du Docteur Works,1921,xx,/5AKXTQUhBo5nqld4zzEZnQJMwzy.jpg
785097,The Cask,The Cask,2014,en,/i55u27ZD1NDuzJHbal2Y2rXygdO.jpg
786018,Peanut,Peanut,2021,en,/hIh7VMp7TVD4h7sFkHUNYwEtClx.jpg
787046,Suicide,Suicide,1979,en,/zDRX4yDcJPyJyjCsYXCLHKy5PSW.jpg
787760,The Devil's Signature,The Devil's Signature,1914,en,/33BBckwmLJOixzoqL1771RJMMTt.jpg
788376,Complex Bereavement,Complex Bereavement,2021,en,/oTR5N7rlMfMNzjlJFU2CA4NZ408.jpg
789581,BUNKER,BUNKER,2019,en,/bXRP5T2CqVWT2ErcWw8ZJshZJkS.jpg
789859,HER,SIE,2021,de,/6a7mmtOzM2jugEZuWtRXywjXB2D.jpg
790252,Eko Eko Azarak,エコエコアザラク,2007,ja,/mMCDLhVL6H3STwboUP8QpdQokEs.jpg
790257,Horror News,恐怖新聞,1996,ja,/eZz7MlJcrDPeaN13dMKacJzSllc.jpg
791038,The Island of Dr. Moreau,The Island of Dr. Moreau,,en,/H1vNIr2gFoKi5AhgFjrLsMHUeO.jpg
791907,Memories,Memories,2002,ko,/yTojLGOaeQ9ApHheVpHBJ5dQrlX.jpg
791908,The Wheel,The Wheel,2002,th,/7fxa7U9q6iOiVs8XEzlaFm0nRuh.jpg
792505,The Alien Autopsy,The Alien Autopsy,1995,en,/k5PdPa0YUsTaLpvpAcJPJ0S8EZh.jpg
792672,Disappearance,소실,2014,ko,/sDoPNImoipqcSBbPhv3wBVhOtWz.jpg
794325,Monkey Man,Monkey Man,2020,en,/sDHSjsaTguRcm8pLLYAW0bQCqhE.jpg
794424,Unwanted Visit,Visita Indeseada,2021,es,/dlsnPmJMtoCDyOl0rvYxLpjYX1I.jpg
794630,The Terror of the Disgusting Worms from Outer Space,Der Terror der widerlichen Würmer aus dem All,1984,de,/zHPakxHqoH0Z31KS62TRl4K0oTK.jpg
795939,Kowasugimasu.,怖すぎます。,2018,ja,/bUbTfGoUz6XH8JdJpXBYPgPaa2w.jpg
795952,Television,テレビ,2004,ja,/qLDm2Akt9dEpUquPZa2REJGn2cA.jpg
795962,Zonmi-chan: Meat Pie of the Dead,【ゾンミちゃん】 - ミートパイ オブ ザ デッド -,2016,ja,/moYsAYvvo8wKS0Csxz7mV2MKG3P.jpg
795987,Love Bites,LOVE BITES,,ja,/cw1IichqHrccEylEuKUFhrO4uQ.jpg
796010,Birds Dream,Birds Dream,2014,zh,/nioVb3jWW5svc3UvPy5wr5TjCtZ.jpg
796057,Nanja Monja Obake,なんじゃもんじゃおばけ,1994,ja,/xf7JO3h5KEB9sw6ZJneZQALjO5Y.jpg
796284,Yuki Onna,Yuki Onna,2013,ja,/44kcOgDfWbGO0dmGTw3FlOe9CTS.jpg
796400,Look Around,Look Around,2008,ko,/zsxOBlC5WrkiVl4NkTDo2sd5w2J.jpg
796401,A Hollywood Blockbuster,A Hollywood Blockbuster,2010,ko,/r0LqEVPAqlNtyJMsxkKMUirEFcE.jpg
796571,The Dig,The Dig,2020,en,/qZPm81QwEBvx0bObh22QFZc6AaR.jpg
797006,Dark Night's Historical Drama,闇夜の時代劇,1995,ja,/cYhFJCDoXPwBmcRKUsid26yjnRN.jpg
797047,BORN BY MYSELF,BORN BY MYSELF,2005,ja,/4agulqO5vaxqTyJcVRCWpUr2gbM.jpg
797425,Beowulf,Beowulf,,en,/eieEES87wWUyCLsfjUpQHs6s4vM.jpg
797582,Norman and the Killer,Norman and the Killer,1991,en,/qnD1qNflv1R7M8WNwh3kxy7SHQe.jpg
797659,Space Yokai War,宇宙妖怪戦争,2010,ja,/crUvI0cMBpFEG5bEpDnOCIvN6Mj.jpg
797924,A WOMAN IN A FASHION BUILDING,A WOMAN IN A FASHION BUILDING,2015,ja,/3feIhjOakywxdhI08eAfMVQig36.jpg
797928,Faceless ~ Faceless Neighbour ~,フェイスレス～顔のない隣人～,2017,ja,/A4DApITiZOAk2BDCm1ZeyFBzpck.jpg
797932,Nosferatu Maiden,少女ノスフェラトゥ,2017,ja,/q4iIwibNTGTvDwjda4XbrsmKqNX.jpg
797937,Children of the Shadows,影の子供,2006,ja,/jtMipWEe9QOgB6AqReKVa8gBPQz.jpg
798823,The Retneprac 2,RETNEPRAC 2,2009,ja,/7KDiBLXlnVeESXZr9QGAnwXHGn9.jpg
799177,Bhediya,भेड़िया,2022,hi,/A2qPWAJmnq3wVk3zBIupTdyJfxR.jpg
799364,Burn the Witch,Burn the Witch,2021,en,/3nNuzJM7sVfJgec0qD0XjgRBisD.jpg
799600,Peter and the Wolf,Peter and the Wolf,2013,xx,/kCJDjEtOExh7TiiGkJxrfqFRgt0.jpg
799943,The Ouija Board Project,The Ouija Board Project,2014,en,/tYDT9qh5nsEunHxskPTqYmYhY9G.jpg
800137,The Devil Had Other Plans (Act III),The Devil Had Other Plans (Act III),2020,en,/3ZzDLfwlgNhT7galRdaE88tnnZY.jpg
800474,The Garden,The Garden,2020,en,/s0PYWQzHMRhOD4Ua7L8l8CIk8kV.jpg
800984,BUSSY,BUSSY,,en,/fNBAfKi0RWyehmfxsY85SpvJB2q.jpg
801527,Checkmate,Checkmate,2020,en,/sXzWjKaMCrCQcMENivz4fxGOLXb.jpg
802870,Finger Food,Finger Food,2019,en,/uYekbsd6pjycSM3P8qaX6pJGfhJ.jpg
802969,Branchville,Branchville,2021,en,/t2bBjzMf6T8qtMB5dDMuAtDYo9v.jpg
804330,In My Room,In My Room,2021,ja,/rsue1WwqRK1RhfGYe1UGe67uWbD.jpg
805201,Industry to cash ghosts,オバケを換金する産業,2017,ja,/8GNiAwCkji2MPEoNEmiTIVe9a8h.jpg
806715,Milk & Cookies: Christmas in July,Milk & Cookies: Christmas in July,2019,en,/qOtW2xiFX2dLZ3FPmhpLtlFySky.jpg
806892,Image of Perception,Image of Perception,2021,en,/dG46eflfdvsjEh0IPpH91Pyzjp8.jpg
809570,Trypophobia,Trypophobia,2018,en,/7cs5ncND0emwpvs1Qmu3KEy28Uz.jpg
809703,Dining Room or There is Nothing,Dining Room or There is Nothing,,en,/3nfCxHeX82sMIK7fwcrBArpZ32Z.jpg
809962,The Binding Box,The Binding Box,2017,en,/lr6MdgiM0FLCgNyoYwsmR4lcuET.jpg
810470,Shiro Yasha,Shiro Yasha,2004,ja,/f29UgESn0JWiNLEtORtYNUEHZvX.jpg
810760,Blackout,Blackout,2019,el,/qhsBDNz8ZbsW75GpicfjRgga4Fn.jpg
810896,Waiting Room,Waiting Room,1981,en,/4UACu3sBcrmQ9Yv9oT1mrAZuaBt.jpg
811825,Below,Below,2020,en,/5B4n47ZcoFTZc3XFsfQc2jI7D1x.jpg
812657,Miles Fisher: This Must Be The Place,Miles Fisher: This Must Be The Place,2009,en,/m7SAGakNZDL2ENTjI4nbkcIYqbm.jpg
812694,Slasher,Slasher,1998,en,/7ryjNup6FWILFegd9IaFNPvJgqb.jpg
812822,Feast of Burden,Feast of Burden,2012,en,/hO4y485NjZZnek2qmX8dZaU5PHC.jpg
812983,The Fly Papers: The Buzz on Hollywood's Scariest Insect,The Fly Papers: The Buzz on Hollywood's Scariest Insect,2000,en,/b0HKEaQ6p69TVNBNyBb60TuAl49.jpg
813313,Big Octopus,Big Octopus,2020,zh,/zB8uoMjSHjDvHTt5VLK8ju8xsuH.jpg
814951,Petrus et Lupa,Petrus et Lupa,1995,en,/3MctNEZRKss3g9WfZ6SH2ruFkeB.jpg
815279,Atrophy,Atrophy,2021,en,/2vlyzopNwXx5WqS4sZUXab4UlAB.jpg
816311,Dead Air,Dead Air,2020,en,/ifNTCYKwLCjUXRu5eWfizYPyWAG.jpg
816519,Handy Man,Handy Man,1999,en,/moXXfzXHcXNMrFhYUlRRgM6q4N6.jpg
817170,Lucky Feet 2000,Lucky Feet 2000,2021,en,/u2W8OMmHBYVkadV3Ze2JCwNZ90K.jpg
817514,Lesson 9,Lesson 9,1999,en,/x45Yy6HSjb89lqVLmcJGGBP19gz.jpg
817814,A good Day Fan Film,Un Buen Dia Fan Film,,es,/1OjOoERFzFgdaWvWsXTY697BXik.jpg
818442,The Immigrant,The Immigrant,1986,en,/5AsHRJYGptM4Vpy6tY7wNZAM5rP.jpg
818793,The Deacon of Dark River,Djákninn,1988,is,/2WIauFWF3RG2Nyej81Aa5MOV4gn.jpg
819401,Sonnet of Delirium,Sonnet of Delirium,2012,en,/smSW8JPoxkcZepHnAAHxV2iM7ZD.jpg
821418,Anzu-chan,あんずちゃん,2017,ja,/1PpqEsJiM5m0MyPyzDm8PBqLSA5.jpg
821501,Shapeless,Shapeless,2021,en,/kVqYcicseNaQC74cb299eDoaEH3.jpg
822821,Naaye Paeye,நாயே பேயே,2021,ta,/t4dRdRIOv5LKwJpyZZK7rNaUrvZ.jpg
823491,Out of Darkness,The Origin,2024,en,/9tG77VE7bP8ve79X86ABwHzDqbb.jpg
825344,Rats in the Walls,Rats in the Walls,2021,en,/jaPk9R3pajceCWeFfieqTviupxh.jpg
825351,Trouble,Trouble,2021,en,/qLoFxKmf1QCguSqWFEwCLhVKgRM.jpg
825691,Come to Me Softly,Come to Me Softly,1988,en,/pOfydl9wXGxVPZGBdkmqRkR3GQI.jpg
825893,Chain Reaction,链,2000,zh,/aupqsMWA4s0XlALuFYayHvaKejL.jpg
826092,Nervous,Nervous,2004,en,/hcGssiJYxMK0g5gHTnvJSRkeFNR.jpg
826099,dream journal 1,dream journal 1,,en,/A9zKZWCjMadjQJiZ4OLoF2Mti3A.jpg
826863,The Bird Game,The Bird Game,2019,en,/anw4yO74b44zvy3nXbUxa9xPabQ.jpg
827797,Lady of the Lake,Lady of the Lake,1974,en,/7ARaB2Fwle1VVQzFeuPtJZGxb3c.jpg
828143,El diablo,El diablo,1963,es,/4M9IyduutQlCshGC8VNQKQsG0ye.jpg
828651,I Stopped by Your House Last Night and The Porch Lights Swallowed Me Up,I Stopped by Your House Last Night and The Porch Lights Swallowed Me Up,2020,en,/aS83iJHCNCxUfthMvk0RXzVNWJc.jpg
829361,M,M,2023,mk,/rESIobLEipch59C8Qr0tRXufHYX.jpg
829674,Who Was It: The Beginning(Part 1),Who Was It: The Beginning(Part 1),2020,en,/m7oNkjm003k8FhWXKb1FqKyOss6.jpg
829882,Helpless void,Helpless void,2017,ja,/cBo4Q48SWyQpraergAf8aTZzLNE.jpg
830358,Dindon Sauvage (La dinde noire),Dindon Sauvage (La dinde noire),2016,fr,/oc0NGnt5oqcrvqA07f7m2ELtFY4.jpg
831012,The On-hold Music of Terror,降霊ダイヤルの恐怖,2019,ja,/zrrxMIdp0XLjodIQAonkrcag6XI.jpg
831186,Repugnant Mutilation,Repugnant Mutilation,,en,/jInR1h1eCKEsB9yL0CjLHTRz79.jpg
832543,VideoDome Rent-O-Rama,VideoDome Rent-O-Rama,2010,en,/2cT0BCdu40067s8QapYxbJV8Qy4.jpg
833454,Vampires Drink Blood... I Drink Sorrow,Vampires Drink Blood... I Drink Sorrow,2021,en,/uUezUCkxiKQoVlYYhsHDCBzOhc4.jpg
833677,tricotMOVIE7月号,tricotMOVIE7月号,,ja,/ohANwJAkZTuLbeE3SsSmoMqHzWd.jpg
835786,Giant Spider,巨蛛,2021,zh,/5ApvzOzDQHMvrp59tOiCF2yLh7d.jpg
836294,Play With Me,Play With Me,2002,en,/mgcqZ1QxY2swlwvAuPd0aWriXg9.jpg
836519,Horror News,恐怖新聞,1991,ja,/hOd2QbH9eD41VxOml9w0YvWJ0cy.jpg
836525,tricotMOVIE'13 8月号,tricotMOVIE'13 8月号,,ja,/pkUGz182YVqJZLCTSE3PPHazMTI.jpg
836795,Solitudo,Solitudo,2014,en,/gXcFzXXnTeFZD60NPDLRdRVeyC.jpg
838353,Detektive Thumb and The Infinity House,Detektive Thumb and The Infinity House,2021,en,/42LGIEIb4nPoVjgP8yGYguIjNbc.jpg
838474,Hitam,Hitam,,id,/wewJ3Sn8TlkUYYKxdGUtTZPFGK6.jpg
839347,Alone,Alone,2020,en,/axJRwKrU1aW9oBQnh8y5Wxz0RB1.jpg
840603,El Inmortal,El Inmortal,1968,es,/zf61yvjDCrpWTQTAfLOTS51e9U7.jpg
840805,Little Pigs,Little Pigs,2016,en,/xm4gyyP7LMX4D0HF8WeTqZUaANt.jpg
842120,The Rotting Woman,腐る女,1997,ja,/mth032cQuE9QWWWUwJP3owBPCOe.jpg
843290,The Freaking Family,핵분열 가족,2005,ko,/yn4IacpWGFTKX8CMgu3BsYWJ4yz.jpg
843784,Observa la silla de terror,Observa la silla de terror,2008,en,/hFvzmXcRngr4etbnbiKYNxnt7S1.jpg
843898,She Came from the Woods,She Came From The Woods,2023,en,/89uBJh6y1AQ7KE7bDO2u2mTU6N.jpg
844386,Ghost Station,옥수역 귀신,2023,ko,/6nNI6DBaxI31oOzKSayxU4hTcFY.jpg
845831,He Rang,He Rang,2020,en,/yqVOmdUMtMP5NRIFan3zi11OMdu.jpg
846867,Mad God,Mad God,2021,en,/sEULzxEZvrJvhz91wKxpbih25Sk.jpg
848239,Arthur Parker,Arthur Parker,2013,en,/hebCvVmQPMuMnW0WU9WqlQ7HGQ2.jpg
848483,Flowing,Piove,2022,it,/iOq4m9fF2EIGxPiybRMJnBdqpYT.jpg
849046,La maison dans la neige,La maison dans la neige,2007,en,/37YCgHqvCM11Va92ySbAmQ8Sfsy.jpg
849268,Dreaming to Accept Reality,現実を受け入れるべく夢を見る,2020,ja,/fOw17w0T8BKvwi0uO9DSwbJGi0f.jpg
849273,You Are Not Alone,搞什麼鬼,2008,zh,/nFtzKGNVsENrtaeqPUM1ssG0EJk.jpg
849585,Anna's Love,アンナの恋,2021,ja,/yH69cIDE3sOAv1dlHKBFfjO4Yjs.jpg
849736,Godzilla the Ride: Giant Monsters Ultimate Battle,ゴジラ・ザ・ライド 大怪獣頂上決戦,,ja,/u3AiPpIZusBMBvQKGsazs57Np6O.jpg
849774,Carmilla,Carmilla,2021,pt,/7ZF58ADKU0f0t65jUQ93pVnRjAO.jpg
849903,The Daughter,유산,2021,ko,/sGPXhT264sDKHxIDcHG9dJPiixx.jpg
850127,GH5,GH5,2017,en,/pXdHMArcXBc4HVLZUikDXc87jJ4.jpg
850236,Chuzhal,ചുഴൽ,2021,ml,/bopwKa1OSwpcFO3VzbEBRyPA0bU.jpg
850372,Ş,Ş,,tr,/eFZk0Ig4QT2bE4vyILXktQNscOg.jpg
850539,Nihon Meisaku Kaidan Gekijō: Kōya Hijiri,日本名作怪談劇場 高野聖,1979,ja,/os7aYaq68EyO7FX7vAk6rHYXum9.jpg
851731,Kumari,കുമാരി,2022,ml,/9nRd2JAPOngLX5PTyf8Bv4SCN70.jpg
852593,The Curious Tales of Alfred Wilberwale: A Case For Patience,The Curious Tales of Alfred Wilberwale: A Case For Patience,2012,en,/6el0abJYkYC6hUvKR4IxPZ6E9UI.jpg
852783,Protege Moi,Protege Moi,2023,en,/3CzQv2ydjj1tumk7nj8ElVVAEVb.jpg
852830,Torn Hearts,Torn Hearts,2022,en,/w8dSAuMHUgx0lYSB6wAAURStcGM.jpg
853034,Mephisto's House of Ill Repute,Mephisto's House of Ill Repute,2021,en,/w6ZfRKgV2GDfc3Smi7I6d7BpIDQ.jpg
853688,The White Faced Man,The White Faced Man,2014,en,/xZj0cd0VTJNbStNpdHeyj2ZgV16.jpg
853979,Permanentes Diarrhö und Hämorrhoiden,Permanentes Diarrhö und Hämorrhoiden,,de,/gapAyd1MhU89uC5D8WDI4MhqhIw.jpg
854113,DIODEs,DIODEs,2021,en,/5argw8updUnGCKcPSExGcIWl70E.jpg
854169,The Calls Are Coming from Inside,The Calls Are Coming from Inside,2021,en,/uJHN0KrMgDv7C3ypRmSZz409q24.jpg
854268,Hand,손,1966,ko,/oPgKfsSCQTmoT5nRLAJy44IA2Dx.jpg
854328,Psychic Voyeur Video Cursed Appreciation Party,心霊盗撮ビデオ 呪われた鑑賞会,2010,en,/7Ex0BaPJUyF70plvCCblJyeXyxQ.jpg
854400,Tako-San,Tako-San,2021,ja,/i6bitJRaR2PLUHpTZnXN51nyz7P.jpg
855302,Erotic Ghost Enamoured,倩女销魂,1986,zh,/tD9IlXDcZ1YRTJwaSkwBR0eHIKa.jpg
855472,The Aftermath: A 2012 Story,The Aftermath: A 2012 Story,,en,/29NPFBXZZKv4w6Jcv0onLRUQM4o.jpg
856091,Ghost Puncher,Ghost Puncher,2019,en,/ryo24z5d6ZS7xpi5WHPYAVtF27U.jpg
856613,Pillywag's Mansion,Pillywag's Mansion,2014,en,/orMT2PTK2HKUh1PrCkww3C1vmh4.jpg
857006,Sisters,Soeurs,2021,fr,/ouskQslK0y1247yireBHA1rAuFe.jpg
857250,How to make apple pie,Како направити питу од јабуке,,sr,/8z8RSyoQlQlCdl3cEpdnZWgIhXT.jpg
857504,a song in b minor,a song in b minor,2017,en,/qifhpom9smjTUEl98SVk1JcwCco.jpg
857721,Three Bloody Photographs,Three Bloody Photographs,2020,fi,/eAsLDcOUC0N4WpyplPPFRw9WvWn.jpg
858270,Occupier,Occupier,2021,en,/4Ma4z4Q28zvclpPetiXl4CTjiDU.jpg
859659,Julia’s Coffee,Kopi Julia,2013,ms,/18lb24ZCxi3s60zKzSaDti07ZZ.jpg
860458,Overnight. Friday,Ночлег. Пятница,1991,ru,/8RnZYYKFnzY9VQzffnEP2tQj4cU.jpg
861418,Dr Sander´s Hour of Horror,Sanderi õuduste tund,2021,en,/21qCiURsBHWA3bRQ8eQVHUV5LTM.jpg
861886,Reunion Dinner,团圆饭,2021,zh,/hrYuYhIvXf0Wh602WZbkHA9KUtX.jpg
862531,The Miser's Doom,The Miser's Doom,1899,en,/4HtSSjADqKKrwW6oIXQmgKxg5G9.jpg
863171,Tixie,Tixie,2020,en,/1Nr54X0DsH6ANofnQq7H9u0oPzd.jpg
864201,The demon in the mirror,鏡の中の悪魔,1981,ja,/de0ExmHrSV2dWVWZP7g92n8IkpR.jpg
864237,Minh Tu Le Scissorhands,Minh Tu Le Scissorhands,,en,/yOs2FXJtoUkPzYt2mML45oURABp.jpg
865949,Valentine's Die,Valentine's Die,2016,en,/6vc2Goc97cH0ahLeqj3l8DMBZuh.jpg
868551,The Pocong Shroud Ghost,The Pocong Shroud Ghost,2022,en,/1N7Y8c3Rl1VWaoX7ZKqlyBnUra0.jpg
870531,Scopaesthesia,Scopaesthesia,2021,en,/2S01pAFaHqbkfH94bQ4p94ZakJf.jpg
871132,Evil Blood,Kwaad bloed,2020,nl,/anPzLoqBeMZhRmVsq7mCf2SrBcY.jpg
871836,The Slit-Mouthed Woman: Chapter 2,The Slit-Mouthed Woman: Chapter 2,2021,en,/oXk1m5vnxaMn98sRGzfM8beZ30M.jpg
872980,Runnin' Away Gelée,逃猫ジュレ,2016,ja,/zMXAj2ig4y1WDvOFfam8cw8OhT.jpg
873668,Are You Ready?,Are You Ready?,,en,/botnLMa4J9VR5GGHPm3MjdK70wl.jpg
874051,Mora,Μόρα,2021,el,/gfxomnaE6v7qlyuhzzBYahnWXGc.jpg
874995,Bleu - Everything Is Fine,Bleu - Everything Is Fine,2018,en,/vYTnyWHKEkXLINod61Ie2pbkGnt.jpg
875137,Opsomania,Opsomania,2018,en,/ije2KYXC3zNQV0RyjqilzsGc3n4.jpg
875522,Journey Beyond the Night,夜を越える旅,2022,ja,/rLqTzkFnkN1BtzRNUA9BfEUV2qL.jpg
876158,"Zogugu, Strange Tales of Curses",呪詛奇談ゾググ,2021,ja,/3vWN1v3yT7AJF3uyqnND6XXSDFa.jpg
877255,Big Shark,大鲨鱼,2021,zh,/wdWT2afyMus9NGG1ac342Tj4ilT.jpg
877600,Cinderella,சிண்ட்ரெல்லா,2021,ta,/x3MyvE3aU1sRe5x1bXaXbsRpEr7.jpg
877621,The Linear of Nitemare,The Linear of Nitemare,2012,en,/crh6sfdC1W1AH1BdmSyo0RAn5P8.jpg
877832,Pei Mama,பேய் மாமா,2021,ta,/eKNMCvfctokzqYhjIS9TBVJi3dp.jpg
878720,A Life Hereafter,A Life Hereafter,2017,en,/sJ52MRyvIamemKTOt2f1yPl1Xvu.jpg
878844,The Plumber,The Plumber,2021,en,/4ToJZbQl9J2GJw8Mujh5upB7UMY.jpg
878853,There Can Only Be One,There Can Only Be One,2019,en,/3mcLVLzDMcVaDSigzValBJZ7017.jpg
878900,FLATWOODS,FLATWOODS,2022,en,/oizWNM2ouCsayY6m5jiEDhfHfQR.jpg
879165,God Lady,God Lady,2021,en,/iTdH6hI0XtAFrzWNgZuzyVIiq0i.jpg
879339,In the Bathroom..,In the Bathroom..,,en,/2onA8pGtwairol6wrvsEgVyrXAv.jpg
881308,Dreams,Dreams,,en,/cSHhPLGbR2RB6V2MpmxFQBgWf8j.jpg
881906,Portrait,Portrait,2000,id,/i5nk0SQSdDytAgCLNPCFoQZplWA.jpg
882186,Sleep,Sleep,2021,en,/wx1u7oXRaeFOccA4vvtozz57NEZ.jpg
882218,Wolf Pup,Wolf Pup,2019,en,/gamGFEJc3vMT4aUod1H6mf5NyOg.jpg
882502,Three Hos One Street,Three Hos One Street,2021,en,/gIBLRodcchpmwRll3W7zqR9nMKF.jpg
882530,Pygmalion,Pygmalion,2021,en,/bO8zvvKemuHzEvfaTStFXJyXU9q.jpg
882791,Kimi no haguki,君のハグキ,1998,ja,/qIlqUTQmUcoMVfotM8vyglcIQ2e.jpg
882965,Prison Festival,牢獄ノ祭典,2007,ja,/fn0clViXI3n5HOnXORBbCloyXvD.jpg
885754,Enter the Bottom of DOM,Enter the Bottom of DOM,2010,ja,/A16LhYDA57uoavGXJ45qA9145Ml.jpg
886218,Polydipsia,Polydipsia,2004,de,/25IxisH1qX1Ezeja2ztdyczRyGn.jpg
886638,"i don't know how, but i don't think i'm alone","i don't know how, but i don't think i'm alone",2021,en,/kW5JlzVatfgg4TE3pj79EQt2IFH.jpg
887924,UNINVITED,UNINVITED,2021,en,/gedP8Lm7WCnugiaAvrt7e7MOI5p.jpg
888827,Boutique Fantasque,Boutique Fantasque,2021,en,/8pifzj2wmZ4Hcs3c2A73x4z9SVY.jpg
889676,Dorset,Dorset,2018,en,/yEbKCX17ASOIBHp1BCS7r04GWWJ.jpg
889839,Ragtime,Ragtime,2021,en,/3EeLsD8HVMOxKaFkSQF1ZIjZW16.jpg
889850,Home Alone,Alene hjemme,1969,xx,/bZnR6hqhJJZReMt6Pw5aF8IEq2t.jpg
890513,Hontoni atta kowai hanashi 2020 Special Edition,ほんとにあった怖い話 2020特別編,2020,ja,/bMauSAKbja6Kl56Oi9FiRuT8MtT.jpg
893028,"Damn, We Went Back to The Convent","Droga, Voltamos Para O Convento",2011,pt,/dzDJzw3IkHlHHIft85wxEWeDYFM.jpg
893335,Andy,Andy,1999,pt,/nZty2Wk5RonbLz8GBQeJqplhpIy.jpg
893439,Perdigotos da Discórdia,Perdigotos da Discórdia,2012,pt,/caZWT8AjRBjU7aqxcEKN9aXLJxM.jpg
893955,Vanam,வனம்,2021,ta,/3Ez3alwvA3iEvIAMC9yr47jJaTc.jpg
895218,Turbo-Granny,ターボばあちゃん,2017,ja,/qVtktb4WRtzDAw4q8hGMk7KAw60.jpg
895499,I see are seeing me,I see are seeing me,2021,en,/lhzr1ie21n4HwAKafuX0PcAuUEB.jpg
896161,Hiya Janice,Hiya Janice,2021,en,/47axUhLHuCIDykQQtzrlhW8urBi.jpg
897791,Kevin Wright,Kevin Wright,,pt,/iNsLH1cWOMq2htWgJa5V92MCv2z.jpg
897874,Footsteps,Footsteps,2021,en,/oJIfkRaZ22XDvfm7uN24cmeWG1p.jpg
898348,Lone Signal,Lone Signal,2021,en,/x15rgssAJqBWp1YPMQbHDiQR3aw.jpg
899123,Kaibyo Saga Sodo,Kaibyo Saga Sodo,1981,ja,/rE1PgqvYZkXoGndAOnJH7EAynL8.jpg
899298,Undying,Undying,2024,en,/wFm6cJJ9mhGj1NAnoPpt1Xu8mE9.jpg
899675,Self-Portrait,Self-Portrait,,en,/lR6H4leFpQW4GDXocRFZFZBNKh8.jpg
900274,Monastery,Monasterio,2021,es,/wT3d1MBVt70APb3UF1xeyIYnm2g.jpg
901553,O Beijo na Morte,O Beijo na Morte,2012,pt,/5OopaS9QVN4eoomeyA1YG7MPZM0.jpg
904356,Japanese Archipelago: Horror Ghost Zone,日本列島・恐怖の幽霊ゾーン,1990,ja,/32pEt4ukyMtC6Z1byWgDvQxIIrH.jpg
904633,Our Enemy,Our Enemy,,en,/dJifQC3XgVs2L3FYKMlQ1dDHF5D.jpg
906200,Slasher House 3,Slasher House 3,2024,en,/dHvtlVEf2XEmnX94UugDgAs5S6L.jpg
910807,Fukt,Fukt,2021,en,/kmFFU1nUtBSYwwc9q3IBmMSiobg.jpg
911354,Scarlet Demon,朱鷺色怪魔,1989,ja,/6Qpslxb7USrDNJfzmzXLVCSBFDJ.jpg
911361,Baku Yumemakura's Twilight Theatre,夢枕 獏 とわいらいと劇場,1991,ja,/rj89f6IsB7v4KrJJqID8psrjcUU.jpg
911700,Shin Gakkou no Yuurei,真 学校の幽霊,1999,ja,/rTvhwf86QzeAeHexlFZ9OBZews3.jpg
911708,Star of David,バイオレンス劇画 堕靡泥の星,,ja,/xu3kj2gec0jA7VNjv627dgUMVkw.jpg
911731,Youkai Ningen Bem: Part II,妖怪人間ベム パートII,1992,ja,/tUEYRxqhrprjoIgvC0HRrN1WrY8.jpg
912163,The Terror of Terrace Street!,The Terror of Terrace Street!,,en,/tqhgIBr89VjFP7mecFjyNZVWuNh.jpg
912650,Vardøger,Vardøger,2012,no,/6oIUCOOC3ha9py6LB5AuvGtYX0Y.jpg
917791,GeishaCop: Fearsome Geisha Corps - Go to Hell,GEISHA COP/恐怖 芸者軍団 地獄へおいでやす,2010,ja,/h9xZb8eEjJ4N9S07pVaMnbIRquR.jpg
918045,El Sexto,El Sexto,2021,es,/dZCkOuP1duj40SUt7Tz9gijqbFu.jpg
918489,Lux Æterna,Lux Æterna,,xx,/sIS9N1Fg7Q045bLioK5NNnNdck6.jpg
918621,Let's Stop at the Morgue,Let's Stop at the Morgue,2021,en,/kLvcgzRHgz52aiomvEOgP7XcA3g.jpg
921935,Ballabhpurer Roopkotha,বল্লভপুরের রূপকথা,2022,bn,/84yy5xjv3sM8G2HbxUnKejKJgYz.jpg
922754,Lost Tales from Camp Blood - Part 3,Lost Tales from Camp Blood - Part 3,2009,en,/rjzPU8Ge09U1S8GOvuQXwbvT4kc.jpg
923635,Shin Hedorah,シン・ヘドラ,2021,ja,/hIa2ZDN8qXU3o02t2L9mzLISUhu.jpg
926070,Mimicry,Mimicry,2021,en,/cdaPzoFCGxjpIlU8JKqysJromhW.jpg
926074,Magic Man,Magic Man,2021,en,/pvxVyHCiuCv1h0f29r6OyV8gkv7.jpg
926370,5+Camera,5+Camera,2017,ja,/2NewlqKf6gpXj0sYEluxjSPSwOF.jpg
927409,The strange world of Gumball,El extraño mundo de Gumball,2021,es,/uEqYimFhzy9w9ZN7aBkJqR29NZW.jpg
928397,We Are The Enemy,We Are The Enemy,,en,/uEJ71ePX1hzSfBFMdr7ak5wY9YS.jpg
928782,Speedball Nosferatu,Speedball Nosferatu,2022,xx,/s0VcJwerCjWgAkjczKJuUcfIMRb.jpg
930187,Orochi,おろち,1978,ja,/t6WQpHVbnR2DPYjHREFkZOyvqP9.jpg
931099,Monkey Tester,Monkey Tester,,en,/uNqNaQhsPKEUNu1EZbz4vrMvJ0y.jpg
931317,Zombie Park,Zombie Park,2022,en,/hQunXUcHwPh34rZmbbVSGh6a59E.jpg
931325,The Howl of Winterland,The Howl of Winterland,,en,/t6GbgkFgTkNOVz3jYQzDKZbiZaH.jpg
931341,Ring Around the Rosie,Ring Around the Rosie,2022,en,/LOvD6JcJw78i22viOeXS2uQ1a3.jpg
931652,Darkness,Ténèbres,1969,fr,/1Ps8cHAPPu8UZGHWhJFb7uPxGMf.jpg
932481,Summoned,Summoned,2016,en,/5k9uZTj71K9bCW7STPVejzD6Cje.jpg
932598,Peachrings,Peachrings,,en,/qnBw9ikIs300XGdCN8eNWPIpAOQ.jpg
932914,Cafard,Cafard,2020,en,/ao7bYxPI0EAU89mgubyN1M2v5H2.jpg
933224,Cold,Cold,2018,en,/31EJsmELgEEKlj2PyxiVPSlGs4G.jpg
933246,Minsk 2020,Мінск 2020,2021,ru,/2qjBW15eD2T5Bt0xmUaTxOsvzGA.jpg
934630,A Midnight Episode,A Midnight Episode,1899,en,/zMBVYJ0Ecl9DqA3P4haHaIBmfuo.jpg
934698,And They Saw a Great Sign In Heaven,I ujrzeli wielki znak na niebie,2020,en,/ecPyOOdGNQfyLTGcV4st9SyBbDi.jpg
934812,Amulet,Оберег,1991,ru,/8O6A4iUm8oxWIEpZLwjbX0tfuLT.jpg
935076,Super Girl Maria,超少女マリア,1991,ja,/g85InKgyGc39seJhKqhmvJDH1TA.jpg
935097,Banette's Curse,Banette's Curse,,en,/9GoMp0GIao0QDsCnW3HT8q8n27T.jpg
935983,Head Start,Head Start,,en,/5sz7pN22kpVtlQxDeR2D7mM7fL9.jpg
937747,Closure,Closure,2017,en,/q9rJWVbINnYg9ytNjuSNkeIFpM5.jpg
938133,Bldg. N,N号棟,2022,ja,/v738oSE6A8n8oGbYAVReIfG1klA.jpg
938251,A Fool's Wit,A Fool's Wit,2021,en,/teIGbdttIDkbLS42i37KPtAJMDV.jpg
938671,Who are we?,Who are we?,,en,/rhEJ0logvigQlPww0hcZ4uOmaLD.jpg
939231,WRETCHED HANDS,WRETCHED HANDS,,en,/zN8E9ivq001ogqvdmQRXIoRsq1d.jpg
939823,Robo Macabro,Robo Macabro,1982,es,/3HM13mmdNbSiKIuyBpH1vZwz9H1.jpg
939839,La Silla Satánica,La Silla Satánica,2014,es,/5BoDsHSsXvfQJageHYoSGl5UAVa.jpg
940382,Epokalipsa,Epokalipsa,2019,en,/5P3WQzBzX1tA66v9DsLMXEF9Ij6.jpg
940754,Crutchnap,Crutchnap,,en,/inRMhoEZvLVCWw7lXcYnhh6JagN.jpg
940972,OH! MY GOD,愕然,1988,ja,/iQvy9Ltjl5pb4XhIW3XIJirN0uL.jpg
941189,Nav,Навь,2019,uk,/a5HoOjgh1RX2Q7QLv6FVHfeVdD7.jpg
942236,A Walk Through the Woods (Remake),A Walk Through the Woods (Remake),,en,/sjlD2rFaakyUFU5tONPAoNJra7d.jpg
942364,The Haunting Fear,The Haunting Fear,1915,en,/d88neYGE9iQsjJsTPD1KWw4ZqSk.jpg
942596,Molar,Molar,2016,en,/63Pl1SGYAXsd8tR6QnHHLTZcXiD.jpg
942888,Incarnation,Incarnation,2023,en,/ddw2VguOfUlYAVPvTPXDgZEiWk5.jpg
942936,Hard Front,Hard Front,2021,en,/zbCnw3J4HWrLUHnqsNVUMVHbZ7T.jpg
943003,Horror Diary,HORROR日記,1993,ja,/um5ObL7Fa2IkpTFpyNjBffVZ7Am.jpg
943034,Two Fools capture a Ghost,兩傻捉鬼記,1959,cn,/jylhb37kBtL27LKs5Iumk4iw37C.jpg
943600,Flesh and blood,Flesh and blood,2022,en,/lYzpQdy9awpjylagwbgFjbDAPyy.jpg
945423,Induvadana,ఇందువదన,2022,te,/eyYNrfyMQZcp8s49QE34gfVTztc.jpg
945920,Six,Six,2022,en,/sBpdOqydGdnMKZ22vi4UBRchWX8.jpg
946563,Alanngut Killinganni,Alanngut Killinganni,2022,kl,/hUMu20YKOaG6WJiEH6CMiaXVA6Z.jpg
947043,撞·死人,撞·死人,2020,cn,/ezbVD7SYwb6pqpneaODOkHW3T8W.jpg
947532,Necktie,Necktie,2020,en,/8wnEj8HfAqEL3A158BbGH1smTN6.jpg
948124,Work in Progress,Work in Progress,,en,/xXEPjmVtDLg1NBevX5i0H8UTNTo.jpg
949909,Kuntilanak 3,Kuntilanak 3,2022,id,/s0MJ12Lf412G3KD3VkNGplHtK48.jpg
950778,AI,AI,,en,/4s3hnjldqwrnuqMKepuf3l8Q7aG.jpg
950823,Chase,Потера,1983,mk,/lYusTbS5QbKF9btodsB3Egvgqqv.jpg
950950,Shennong Savage,神农野人,2022,zh,/cELpKa5rVRCFC2CXsqlaGag5bMx.jpg
951269,In the Bathroom 2,In the Bathroom 2,,en,/1T5Qxx2ebUNV2Ex6iq1l7t8rg9N.jpg
951980,Glyphs II,Glyphs II,1977,en,/1nTWDznQm44jJYVzYOGjb7HmKy2.jpg
952280,Kalo Chhaya,কালো ছায়া,1948,bn,/dNaShBAlBbvdgSvjdJLoRWNH2im.jpg
953160,Genshi-san,原始さん,1974,ja,/oXIfsoh1xQJtBguuwjhtH5BxAHo.jpg
953714,The Specialist,The Specialist,1971,en,/9qiPp8vYmVkKvu7eaQ26MOvHwpZ.jpg
954439,Fat Fleshy Fingers,Fat Fleshy Fingers,2023,en,/3nYI98hSjAO9BmDdBlsrxcZYSnb.jpg
955066,Babajanja,Babajanja,2022,hr,/t6A896XAqP5oAQB4n0aenFDeTtU.jpg
955204,Nikuianata,にくいあなた,1997,ja,/rCcCbcizNA9M89HOWdagU0Zb3tR.jpg
955242,O Lasanha,O Lasanha,2021,xx,/gmnSIhQW4ZMNKOQZZu2GpgaOmsU.jpg
955293,Mittel Würffel,Mittel Würffel,2022,de,/sHIxxKAciMkvxNKWtmM0RS8WcV1.jpg
955366,The Butcher Surgeon,The Butcher Surgeon,2021,en,/bL1sCQjVT6mv8P6o9KmrjvMRWtF.jpg
955672,Uomini con piedi con patate,Uomini con piedi con patate,2005,it,/oho7a6BdzH9wGYLYZ54ZufYd0or.jpg
955715,Best Seller,Best Seller,2022,en,/8u2kgk96BrCsFtwsNIZePV48ln6.jpg
958590,An Alien Claymation,An Alien Claymation,,en,/wXIJCGmHI9Yhne61eb1F5FV23CV.jpg
959233,The Honeymoon,The Honeymoon,2016,en,/cwqoYqJZpDSDdnkW64NRqXQFyzj.jpg
959595,Pigman,Pigman,,en,/uIdMExshfgkkfwHMkXgV4CKr1OL.jpg
959993,Kaibutsu-kun: Suna Majin wo Yattsukero no Maki / Kaibutsu-kun to Haniwa Kaishin no Maki,劇場版「砂魔人をやっつけろの巻 / 怪物くんとハニワ怪神の巻」,1969,ja,/2grWxFFEiS8WrlIDjgffXqXtcuG.jpg
960424,Where I Buried Him,Where I Buried Him,2022,en,/xbPWKwtDjCqbFogCcwzxFsa2onv.jpg
960498,Tokaido Yotsuya Kaidan: Northern Stage,東海道四谷怪談 北番,2022,ja,/k37P4BhHg2DziEDoxCC0xRTp3yG.jpg
960678,Chainsaw Bunny: Deleted Scene,CHAINSAW BUNNY Deleted Scene,,ja,/pOTdMAjmikqSOkpOZ99UdmWmnAK.jpg
961652,Shokuzai,贖罪,2021,ja,/beiSphYqZV8GZM1nnbaqBeXCEBq.jpg
963824,Eyes on You,(Ära) vaata,2022,et,/6deAdIfsYrpqAXxRmi8X6Ha3Dy9.jpg
964181,The Family and the Zombie,The Family and the Zombie,2022,en,/2uzaTD2X0fRfqYpWXAXs86ZilLj.jpg
965847,Screaming Videotape #2,Screaming Videotape #2,1996,ja,/kESIeXImcy8NjVOwyHTRJNfMX0X.jpg
965982,Normal Porn for Normal People,Normal Porn for Normal People,2020,en,/fInotL9UO1AZaup34p5RxzEh4SJ.jpg
966560,Possessed,Possessed,,en,/cTL4SSLdxpvrXAFPjC3pBZVYJ7m.jpg
966661,Ghost Woman of the Old Mansion,古園妖姬,1949,cn,/m3z9IQEbVLr3pYDR3z0KIn4GQo7.jpg
967588,The Shadow over Arkham,眠れる森の吸血鬼,1978,ja,/sQ8RjQMloJ9lfuUt9rNjE5yGCgR.jpg
967810,DAISUKE ICHIBA Anime,DAISUKE ICHIBA Anime,2008,ja,/de2MFuMP3cFBrOVmlcPOr6W0BJv.jpg
967814,DAISUKE ICHIBA Anime 2,DAISUKE ICHIBA Anime 2,2019,ja,/lU9VVttloInvcfNRGc50qHfcEzP.jpg
967816,オピオイドリガンド,オピオイドリガンド,2010,ja,/qjoJ4AcGcd3CtNxdkYilHyXFb9n.jpg
967823,心タンポナーデ,心タンポナーデ,2014,ja,/fcWSPsOiKqD1b5NbUDE6NZrhGTJ.jpg
968127,Neighbors,Neighbors,2022,en,/uvbgHUHqf4j2wQZhZkzmcHTmVNw.jpg
968202,古いビデオに入っていた謎の映像,古いビデオに入っていた謎の映像,2007,ja,/qeTF7w7KUXxTvXSsZmfENmxHcT4.jpg
970106,Story of Jang-hwa and Hong-ryeon,장화홍련전,1936,ko,/b2Ao5uTrU9gS71I7NOOzz94T7ct.jpg
970324,The Tell-Tale Heart,The Tell-Tale Heart,2022,en,/kxBPVSWJP4ruaKStD6lSUvL20b7.jpg
972988,Violence Men,Violence Men,1997,en,/1DzjKs8rJgIxnyGCVH49qodrnTS.jpg
973120,H.P. Lovecraft's The Terrible Old Man,H.P. Lovecraft's The Terrible Old Man,2007,en,/940ZXd2vdIJcutNOHejgqhuEGa6.jpg
973970,Deathday,Deathday,1971,en,/1ZzsH6KLOkKW9hxNM5B1PQEb31u.jpg
973978,To Lay a Ghost,To Lay a Ghost,1971,en,/zNKCRP7FiK5ZWcMNNrG7iUx3ftd.jpg
974720,Anna Ishibashi: The Missing Actress,失踪した女優・石橋杏奈,2012,en,/6efIyWpqj4tEQOknq26IB01nN7q.jpg
974733,Last Message Unread,Last Message Unread,2021,en,/bDT9IeFWONYv8VXdeiHwIlvN7hd.jpg
975026,Welcome Home,Welcome Home,1971,en,/qlgRQyYTSx0KIxVmVImjGAUeKny.jpg
975078,The Noise,The Noise,2018,en,/vNeaPriuhw9RUfVlMbkGKxfdDi7.jpg
976532,STARE,STARE,2022,en,/wbVSmorN206kAWyDHxivB33uUTz.jpg
977500,library,library,,en,/rYn0l0OrfQceJ6UZ8Zc8XfheEyr.jpg
977630,Gott ist gut zu dir,Gott ist gut zu dir,2020,en,/kt9AfWlqwK8wRcBXRKQjKNmsXPS.jpg
977633,Pig Caller,Pig Caller,2016,en,/lCzXlanPwidwsO1HgIEIrQhJxNv.jpg
977634,Tuesday Sun,Tuesday Sun,2016,en,/5cwkSdDRtYyArjPQ78DsaP7Fgbi.jpg
977635,Kiss Me Whore,Kiss Me Whore,2010,en,/yKeYh89GQ75iskWGQOLAdPFjUII.jpg
977645,Spoiled fish ate my finger,Spoiled fish ate my finger,2022,en,/mRwPV2DesP323TNSkhbFsjbWcVF.jpg
977647,Landscapes,Landscapes,2022,en,/bvb462QS42c1aYbuzjesWIRkKvy.jpg
977648,The Body Pit,The Body Pit,2022,en,/78NzBzAPgIU8OvamoaxUpaMM6nI.jpg
977649,Trapped Under a House,Trapped Under a House,2022,en,/zELMTzwyIrKG3tt4VXfSYbtcPx1.jpg
977650,Deep Glass,Deep Glass,2022,en,/29SonQ2VZPu3FofMb0RE0PI8nfL.jpg
977651,Ghost in the Closet,Ghost in the Closet,2022,en,/yiFofEvcxW4lyBplIMncM57LMvi.jpg
977653,The Birthday Suicide,The Birthday Suicide,2022,en,/vZ5FBffLyf6GBttgJLWUHgug3Ci.jpg
977654,Down with the Creeps,Down with the Creeps,2022,en,/xRemSKFW6iK2t0DVW7SYBiymVDS.jpg
979203,Hiraeth,Hiraeth,2019,en,/1J7fPsdxgpwiXixD4xbo9aJxb7t.jpg
979737,Stray Dog,Stray Dog,,en,/r12HsG7xLh1NqJQBhsaupV20106.jpg
980677,Bloody Dreams,Bloody Dreams,2021,de,/oyqZOT31taEqUnX4m399Ee3BgDn.jpg
980702,Ouroboros,우로보로스,2019,ko,/8FH0BSxdlVGMfIthKKyGYvRLBpm.jpg
982305,The Hands,The Hands,,en,/hRx7DFPuDtyoQe73YR9K4FPPzMt.jpg
982462,Felonious Bolus,Felonious Bolus,,en,/q5x8EBspaDvPXavXMLmVEukaeKo.jpg
983280,Operation Camerahead,Operation Camerahead,1992,en,/rJm6xnBzMSYw8juAbmZ2ngqAkhR.jpg
983471,Liminal Park,Liminal Park,2022,ja,/g7wyMjJdC1O2lL1SK3zJDo7g7AL.jpg
983531,Mass,Mass,2014,en,/p9AsgAFdlozxxMlO6JXJMTh4j5b.jpg
983565,Tokyo Videos of Horror 16,闇動画16,2017,en,/yrfD33OH5vkHm9nwSVAqrXlyfIO.jpg
983581,Tokyo Videos of Horror 17,闇動画17,2017,en,/7swmJM42ewbIniz4zkb66Uf9i5k.jpg
985615,Shine: Puppet Horror Short,Shine: Puppet Horror Short,,en,/anVgYc5TsJVsqrRPx9gC7JjTGgv.jpg
985814,Falling Asleep,Falling Asleep,,en,/zJm6R7j6ywd8WMnTJovZauEy3Ug.jpg
986398,El Sueño,El Sueño,2020,fr,/7E0fQZ4p21jhXI6LDMIVKzJ3Wfy.jpg
986615,Fiancée,약혼자,,xx,/sldmai4yIMGRjhtXwQBhwE3GoWB.jpg
987324,Cordelia,Κορντέλια,2022,el,/hK8XmcNoyeki6K8ei2kQ25EDh38.jpg
988054,Admiral Flipside,Admiral Flipside,1996,en,/czGDFxOwZ0aLkIaGqIs2lG3ut3V.jpg
989253,Sacrificial Lambs,Fórnar Lömb,,en,/wvOWpJV6VHlxpDo7X3XfYpqVgt4.jpg
991544,Mermaids,Mermaids,2020,xx,/5hKYuyH07zFlvRyv0bdklREdBnh.jpg
991825,Thursday Night Special,Thursday Night Special,,en,/7TzVQhkqeq7hy9LZe2l9H4DKvZ8.jpg
992286,The Angst,The Angst,2022,en,/jLtSr7c3NIXusxOjmEpG9wTEQrj.jpg
993299,BRUSH,BRUSH,2020,en,/vRN6rmkJz5FeaafHnyLEF8xtzlH.jpg
993921,Let Me Go,Let Me Go,,en,/jhhvUcmrsvnnf0T00U0qm1hmkWv.jpg
994082,Blackout,Blackout,2015,en,/pkQuGv05eGqdA8XBamJ0L8Mz5Cs.jpg
994084,FLICKER,FLICKER,2021,en,/1PIbiCKK9vriV8oujUHtJUO0B0p.jpg
994138,Dark Nature,Dark Nature,2023,en,/n77eq3pzs8sVzWUFgcreggohNZ5.jpg
994633,El ataque del vampiro espacial,El ataque del vampiro espacial,1995,es,/dOG3REOHRGGRth4rM9mTxPJaP3V.jpg
994640,Sustained Nightmare,Sustained Nightmare,2022,en,/5P659h5z2O1uGg0FWul1rKxHTGv.jpg
995593,Transmission 23: The Return,Transmission 23: The Return,2008,en,/oSIHqoOOBl9akFS8oD6RJJOp06y.jpg
996425,Le Dernier Scoop,Le Dernier Scoop,2022,fr,/ePRvVeQL6LQaQRsrDfTsLGhaC1f.jpg
996587,Cleanup,Cleanup,,en,/4VMaAEwProWSpuZebXcfAXF5m38.jpg
996747,Anniversary,Anniversary,,en,/fyTKxYv9eY7QHEKlHJnI9wXAjcN.jpg
997660,Nightsiren,Svetlonoc,2022,sk,/pu632OPOiSAbMrBhAXh2gXuYcFF.jpg
997833,Her Last Photo,Her Last Photo,2020,en,/vFL8vJgb5MwxHxT3NPTaqToUgog.jpg
999287,In the Expectation of Memory,Na Expectativa da Memória,2021,pt,/16BtdVfcaP12YYCwkN6kQ9Z8sM5.jpg
999981,Death Cabin,Death Cabin,2000,en,/xQWOBZgqgoCrsF6HZhZPfmjB6Np.jpg
1001297,Underlife,Underlife,2011,xx,/f1OBUvAiun5AKnXBGgbQrRxPFs7.jpg
1003471,Muchuu Tousou,夢中逃走,2015,ja,/3PPLQeDkbHE7JgZhsTS27MTsvvD.jpg
1003992,悪霊の棲む館,悪霊の棲む館,1980,ja,/ln6Gt5aajnnQDMSQVLsyCJL1kQM.jpg
1004662,Bell Witch of Leith,Bell Witch of Leith,2009,en,/iFwB8oL4uXhmCvBWRyZ8RjLcKpz.jpg
1004785,OUT RUN,OUT RUN,2021,en,/uDXqJgev4eoq6ryr6VNucNffOrG.jpg
1005014,Keiko Is,ケイコワ,2007,ja,/xvsrK3r8cs0mCcjeS4JRTmGGfKB.jpg
1005559,Heavy Metal vs. Dominator,Heavy Metal vs. Dominator,2005,en,/5JxTmW775OmZMFaKwoB7qYlWXzc.jpg
1006930,Las Manos Que Ríen,Las Manos Que Ríen,,es,/2jIMzheEWOMPIibYSS0wpZSDKtu.jpg
1008870,Sole Of A Salesman,Sole Of A Salesman,2022,en,/vuxyRa712f1wRmYcKjmBnOM7diM.jpg
1011999,Asleep at the Switch,Asleep at the Switch,1910,en,/qwAZNC05fonTWNyOcLMQqlJ9ve4.jpg
1012220,Three Kings,Three Kings,2022,en,/XVMC9IvsIvTsLSb1kYYEbaMUYP.jpg
1012410,Teenage Ghost Girl,ผีเอ๊าะ เอ๊าะ,1984,th,/7xHibGAwI6981h0nujVlV1p5STU.jpg
1013132,KINEMORTOPHOBIA!,KINEMORTOPHOBIA!,2022,en,/cX2LHd5gB1xc2ixnuNeYBWZJWEd.jpg
1013699,The Shining Pyramid,The Shining Pyramid,1979,en,/g8IlNYICgmLNZvb2Bl6FnZT3lpa.jpg
1013854,Alana,Alana,2023,pt,/1bvuorqv4Xet4ppFH0aWmxifBXY.jpg
1013870,Kids vs. Aliens,Kids vs. Aliens,2023,en,/f87UCQzVwMlzGFePtCtZS4TgAFp.jpg
1015327,PHANTOM DIALECT: A Road to Acceptance,PHANTOM DIALECT: A Road to Acceptance,,en,/u7uf3uWzfxjjsjBrXtdd1c2gDcu.jpg
1015370,Transfer,Transfer,2022,nl,/jc85vvbdCVkZ0KHIlncQmbzyBs4.jpg
1015416,"Go on, laugh","Go on, laugh",2022,en,/4ftpz9Xnl9b2hlLF90BU3AeKuh1.jpg
1015505,Flesh,Flesh,2022,en,/uGl8jwZ9LSLsqe5Nox72BroyVvJ.jpg
1015706,Gasumasuku no Itō-san,ガスマスクの伊藤さん,,ja,/rhytrIqfQBjEAmcziTnK62Ow8hj.jpg
1016385,Flowers,Flowers,2022,en,/dO1jo2CMyWlEZDYCbtADGGKRU5E.jpg
1017030,Unmasked,Unmasked,1929,en,/4iYfl5uo0w95l3LZjnjjzekRpgq.jpg
1017612,The World You Don't Know: A Mysterious Love Story,あなたの知らない世界:  不思議な愛の物語,1990,ja,/q09eJnMu52vTapuLeBOicV8yide.jpg
1017732,Debris,Debris,2022,en,/j0Mj5Ss9bfVyCSC26PSRPDeGV8d.jpg
1018190,Spooked: Banshee,Spooked: Banshee,2014,en,/zQaUQpWaWpFdORkheiP0MUxSlO6.jpg
1019996,The Terror of the Goonie Monster,The Terror of the Goonie Monster,1982,en,/asj8Blf5WyUuQhXY473Gu1FoGn9.jpg
1019999,Halloween 4: Dawn of the Dreary,Halloween 4: Dawn of the Dreary,1982,en,/6uc5qJuPPylmvrtwJnR2ovfnJpf.jpg
1020266,III,III,2021,en,/wO1dHtGiLbl0ZusCKt0iftFJbC5.jpg
1021742,I'm Here,그리고 집,2022,ko,/twDIqKW9XJzWbUfyabEkFr01Eay.jpg
1021798,The Youth Who Wanted to Shiver,The Youth Who Wanted to Shiver,1978,en,/2Fa1YaKsnv5qEboZ8w515gunpFS.jpg
1022680,Sticky Sock,Sticky Sock,2022,en,/hkiI1UPSaAVPOg7vf8xCw3H6ScU.jpg
1023184,Deluge,Deluge,2010,en,/tHed92rkiUvgPgnTFyKoQyRBPQU.jpg
1023253,Tales of Horror Reaching from the Darkness,闇から届く恐怖の物語,2018,ja,/fkEkIJAR6NCWid0hBP6YuO7ki0u.jpg
1023262,3 guys 1 red bed,3 guys 1 red bed,,fr,/gwm6HSiiqGRaX3rmfM9kkpldtt6.jpg
1023716,Sweet,Douce,,fr,/8nnAHXCJkSf5rXajw5px8YazPQn.jpg
1023724,Bite,Bite,,fr,/gkXiXsEi7Pk0tXPigi8bXYpCbnd.jpg
1023947,Tape20,Tape20,,en,/fOEogKQTaTeXYK9cXTP9ejiQRVn.jpg
1024207,this is my world,this is my world,,en,/4LvGHGfXSgsoZJb4rPhbW2hTiTK.jpg
1027409,Panorama horror,Panorama horror,,el,/wR48BG3L7z404AZOQUBdEZkcCoR.jpg
1027629,The Elevator,The Elevator,2015,en,/d5eqqUVlzjYEtQhVWKAMc9OdSfZ.jpg
1028617,The Tomb of Frankenstein,The Tomb of Frankenstein,1964,en,/4OZXh5RNeEjq95S6VLCAckpMSrH.jpg
1028623,Piñata,Piñata,2017,en,/fLDM6AVSpkeyfFg5BHeh75alsg5.jpg
1028653,Shortest Horror Movie Ever,Shortest Horror Movie Ever,2017,en,/56XePfXaSga6q0l8GgW09ffPwIE.jpg
1028909,Two-faced Killer: A Modern Thriller,Two-faced Killer: A Modern Thriller,1951,xx,/qaIVDbB5r5YyFQuZuYDGIKAAQDG.jpg
1028999,Do Not Watch Me,Do Not Watch Me,2017,en,/jumhzgt2DCl2uhcwWwdGXUXNiZK.jpg
1029683,Houe of Dolls,Houe of Dolls,2017,en,/vcDPrjrN2bnwTnTjzecMXB0Con9.jpg
1029686,Drowners,Drowners,2017,en,/ugHD5jgnkvk9TRg8Sc1SuNsNzm3.jpg
1031828,The Sadistic Tragedy of Blue Rose Mansion,青薔薇惨劇館 第一話,2006,ja,/xwi50xAyHiKFnaRW7UI0PRHzdj5.jpg
1031898,The Apartment,아파트,2021,ko,/8M9rZ2AtXYEYuYq8sB8dJ2Z6BdP.jpg
1032152,Last Train,Last Train,2022,en,/qCPtrrd4FULmDrICO6ZMufqE9ZB.jpg
1033095,Secret Formula,Secret Formula,,en,/5GTTNqHwXfqqnBPrZAv0DVoWfjr.jpg
1033710,¿Por qué se esconde Drácula?,¿Por qué se esconde Drácula?,1980,es,/hOYy8pWdunyYVZj0LfkdeJDx2IS.jpg
1034590,Virupaksha,విరూపాక్ష,2023,te,/fqMn4h9ctOyumII2nXDnm5mRTxQ.jpg
1034771,Bloody Shadows,Bloody Shadows,2018,en,/nqmKyoROAMjfFOwWhICLttdEDzp.jpg
1035936,There Is No Such Thing As Home,Ev Diye Bir Şey Yok,2022,tr,/pANT5TBPTqc914RRLhORM2FyWXB.jpg
1038711,Red Flooded You,Red Flooded You,2022,en,/laOuN7IfonxAe6iav6vtbmdmyCi.jpg
1039200,Voice Over,Voice Over,2007,it,/pkdsPXzUIuBao2cfNJoLpXGq9M3.jpg
1039801,Fester,Fester,2022,en,/8qZaB5JiltGiAxw6EUgof23CHmj.jpg
1039898,Burying,Burying,2022,en,/3s69sDczxEs4TaRPKIqUqFWvmAQ.jpg
1040551,Home-Killer,Home-Killer,1967,en,/etFxbGdIRVtrmQwCfZ96TdWEQ3v.jpg
1041478,Hora do Cálculo (Calculation Time),Hora do Cálculo (Calculation Time),2021,pt,/kUkj5lVkl656uQ2WjSI0WH0YrmI.jpg
1041554,Carneirinhos,Carneirinhos,2022,pt,/s7IzXFXElKSjpYirqNw2GwScamz.jpg
1042720,Sympathy for the Devil,Sympathy for the Devil,2021,en,/tJeXqn69fhoVuoGnp6J8I8sWm0Z.jpg
1042835,Slains,Slains,2020,en,/fVH3DZBVJEE0XFvHE9yj1nVLswo.jpg
1043814,Het geheim van het slot Arco,Het geheim van het slot Arco,1914,xx,/tZQUUM1OiIw6dDaVliWaV2qiFaF.jpg
1043848,Short Lease,Short Lease,2010,en,/dOPRLNwBFee2MROCYzXAB2wFy4F.jpg
1044115,Exorcist 2: Human Exorcism,陰陽師 2 人魔調伏,2002,ja,/3BybUfrFgo2NRRHkNXbyrf0uUNU.jpg
1045536,1911,1911,2018,en,/jN0qRCl9GsLOBDbehAo7joV4Pfq.jpg
1047810,Tap Man,Tap Man,2022,en,/3Xz032JUA4SZyKyiFWOn165QKQ.jpg
1048107,Night Crew,Night Crew,1979,en,/cIqyhM2XLOyvsXUOTzBwdBCCzwY.jpg
1048140,Don Cheadle is Captain Planet - Part 2,Don Cheadle is Captain Planet - Part 2,2012,en,/h2KsFCeDTuqCetZXd5aRLgsxOcW.jpg
1048149,Don Cheadle is Captain Planet - Part 3,Don Cheadle is Captain Planet - Part 3,2012,en,/s5hxQE5qarRQt6uavOT7CcG6aW8.jpg
1048156,Don Cheadle is Captain Planet - Part 4,Don Cheadle is Captain Planet - Part 4,2012,en,/7KTQt8Av89TwvTrBXPpBgQ9sofW.jpg
1048232,Our Lady of Sorrows,Our Lady of Sorrows,2022,en,/cI7IuYvrLQoq9LyteLEeDU1N7oK.jpg
1048512,人間レコード - Live Action,人間レコード - Live Action,1994,ja,/sPMMOqiF86brkkUc7lpTdmGnzH7.jpg
1049134,The Horror of Dracula,The Horror of Dracula,2010,en,/nZRPX0VlMfpNFQS7dzTQnV2m8TO.jpg
1049324,Bloody Films (Excerpts 1982-85),流血映画群(抜粋),1985,ja,/doYN2i1rYPTc254YSfOwljLa2oW.jpg
1049608,Tokyo Videos of Horror 21,闇動画21,2019,ja,/qe9JZGPErxPe72RPOzd4jpl1rJx.jpg
1049935,Tokyo Videos of Horror 23,闇動画23,2019,ja,/jsRW6Qgx9rEhVAiCQC0nUoqadOk.jpg
1049946,Tokyo Videos of Horror 25,闇動画25,2020,ja,/5wCsAkboQkXW7byra6O9G0RpGlc.jpg
1051809,Saint-Belmont,Saint-Belmont,2011,fr,/6fNjBEC7MlN9p4Kpeajt7aub76N.jpg
1052849,The Watcher's Woods,The Watcher's Woods,2017,en,/neRxwMfSt1q29v4wtshme49bSgN.jpg
1052857,Bigfoot,Bigfoot,2017,en,/6x8mlQpU6Dl3MVu8YYYc3FQzlFJ.jpg
1053050,Xibalbá,Xibalbá,2021,es,/jwBhTXnb94G1nCIDpURN4uSqUOm.jpg
1054022,Japan's Map of Grudges!! Investigation: The Curse of Sugisawa Village,日本怨念地図 検証!!杉沢村の呪い,2001,ja,/mPWMRJXCeMXkYrnUB2RA26gLWaH.jpg
1054285,Shura Land,修羅ランド,2017,ja,/uK5vlvSktDLRux25l5GomVsNfKJ.jpg
1054626,The Bhootnii,The Bhootnii,2025,hi,/7hY958sJ5xfXSBS3hiBtMxpOqRK.jpg
1054958,Last Known Interview With Zachary Weinstein (100 Years Old),Last Known Interview With Zachary Weinstein (100 Years Old),2022,en,/szSFh444LdSbCtkTRqH5NrvfYMJ.jpg
1056607,Spirit Box 4,心霊玉手匣4,2015,ja,/20nX7d8SR8H9WfUKLKeXRFucu5V.jpg
1056861,The God's Eye,The God's Eye,2018,en,/bFmxf4TkqmHzZiN9L3hqfBv3qY0.jpg
1057228,The Y,The Y,2023,hi,/6YjyVezHvoFbuFPvxSRMFBLV1hX.jpg
1058860,The Girl in the Gramophone,The Girl in the Gramophone,2022,en,/lMJcqS7D31IcCWaWEPP85xV8E6C.jpg
1059537,Kill Time,Kill Time,2022,en,/1Ror4u1rWg1VFbVthVtZAdTYXVJ.jpg
1060195,O muzi a zene,O muži a ženě,,ru,/m2dqoBxgisfnWeeWeoAN738CDlh.jpg
1061032,Ophelia,Ophelia,,es,/1kqsDgmCewDq6tMqSIY3vVFqUpP.jpg
1063055,T Is for Twig,T Is for Twig,2012,en,/jo9tDcDRLSf6aAM0wUy71vQng9P.jpg
1065374,Path of a Demoniac,Path of a Demoniac,2021,en,/Ap7xVKZWlYD6K2Y90nTxt0jTsco.jpg
1065769,Reflection of a Tormented Butterfly,Reflection of a Tormented Butterfly,2019,en,/pQtWTO3Fr5Vz3ZTQd1Y3U1Ba7Kp.jpg
1065934,Bug Complex,Bug Complex,2012,en,/tI44xiixBUHQaiGuD83wcAHbmhB.jpg
1065938,Tequila,Tequila,2013,en,/6alMEHKWh2xzC3JRrUDioKRRglt.jpg
1067138,Dancing Mistress,怪談色ざんげ 狂恋女師匠,1957,ja,/5Ri0m5m5ftXJ0V7seUbXpS6PghC.jpg
1067509,Untitled 001,Untitled 001,1999,en,/dhQ1ACoI24go6HEHqSuX9ed7W60.jpg
1068425,Wild Duck,Sorsa,,fi,/eW0z5JagsdM0HSwtNLijwTeBsHi.jpg
1068449,Kôzuki Yaya: CLONEz,光月夜地：CLONEz,1997,ja,/z3ZBv8Q232bLuf43BXm8l5cR2b5.jpg
1071644,Nightmare,Nightmare,2020,en,/gI6XmE5iT3uIVuUqeQUsbToM8RH.jpg
1073917,Massaker vom Obersee,Massaker vom Obersee,2023,de,/8d3DWgbWYFA1cqQ7hklGfZqjv0r.jpg
1074141,"Flowers in the Mirror, Wind and Moon: The Ghost Appears",镜花风月之艳鬼现身,1982,zh,/8NBypSSTcv75PgygdIMMYmw0UcU.jpg
1074216,The Spectre,Prikazen,2017,sl,/hq7ddrdWHJgu4A5AknpHaCylWxB.jpg
1074246,Slow Burn,Slow Burn,2023,en,/inhK0k78eRYDdCHZ0bzhj8gv70t.jpg
1074249,Fungi,Fungi,2022,en,/sCt4B1j7CHgYRAmbTRe9S7q81Cl.jpg
1074648,One Winter's Night,One Winter's Night,2011,en,/o806riaoUC2bUTGpiggigxuQCoB.jpg
1076001,Inc.,Inc.,2023,en,/sxeEwvYyg2pUSVOkHxlq9IK2F9i.jpg
1076352,The Puppet,The Puppet,2023,en,/1HpMRpLolccOVl1cNbPxyp8YQlZ.jpg
1076692,Poundcake,Poundcake,2023,en,/aKJlUSUxt8PXsOZF6yD0cBjJpFP.jpg
1077097,Faust and Mephistopheles,Faust and Mephistopheles,1898,en,/8ZQZdHEqT92JjyjiEgFpn13FOnj.jpg
1077817,Corpses,Cadaveri,1982,it,/81KxNcNz2yKcb6jU6OG2CkFfXNr.jpg
1078307,Won't be a thing to become,Won't be a thing to become,2023,en,/lPtKIrLWVf7wy8jkSieGyb0tZo8.jpg
1078317,Gothic Hastings Experiment,Gothic Hastings Experiment,2022,en,/61ZHBYqp9SUqL608Tov1Xwfdhqr.jpg
1078318,Blood Daughter,Blood Daughter,2022,en,/z8tFB6ssRPLMqvNRREYng03DJGE.jpg
1078453,Sacrificial Birth,Sacrificial Birth,1990,en,/6OAWT7Pdw5DaqVsTjjM1Hqw7O0A.jpg
1078470,The Shifters,The Shifters,1991,en,/2KSIn2YJOkLIuTZVsW7dalUsD9b.jpg
1078474,Dementia,Dementia,1991,en,/wcCOPG7eOnRwUUGKwHcNFLudndr.jpg
1078479,The Harvester,The Harvester,1992,en,/ci81bLlDlp5kaPQHCvDHBqwMzjW.jpg
1078492,One for the Road,One for the Road,1995,en,/m0W72RRoHiE84M5D4X3tEwBSH6y.jpg
1078664,Regeneration,Regeneration,2022,en,/7hGuwFLc6zzGkG0qE7sP1rUPKRH.jpg
1079740,Modified Apocalypse,Modified Apocalypse,2022,en,/gL0UBFHuzODtqQZzdYRBIIem85o.jpg
1079928,Subliminal,Subliminal,2022,en,/z9M6tK2e4Zcs70u4E0X2HZg8XoM.jpg
1080732,Honto ni Atta Noroi no Eizo: Urami,本当にあった呪いの映像 怨,2014,ja,/7s4neaDs7mSzkKso360WEEUwOEE.jpg
1080942,Salem's Flames,Salem's Flames,2022,en,/kuStAQu2s9zvIj0aVfKKzgs8ER2.jpg
1081790,El Muñeco Diabólico,El Muñeco Diabólico,2012,es,/HqJrTkSGvtrTF36dLZ4J4AiSUb.jpg
1082344,Frutabomba,Frutabomba,,es,/jcwAT0kWAuZ8qVgxHTyYP1b1k4v.jpg
1082614,Bug,Bug,,de,/lrcw7VKmvq5HSvXl6PwYHnMzLbQ.jpg
1082779,Metzger,Metzger,2022,ru,/tfOHthVxvBiKcJNzpJdTQEeppqt.jpg
1083022,I Saw My Death,I Saw My Death,2022,en,/hfaL436BpxjFOpF4haYHZzx7EbB.jpg
1083771,Women's Crime Records: Edo Torture Punishment Chronicles,おんな犯科帳 江戸拷問刑罰抄,1994,ja,/jSJtzXrA2thKiwhCVtQZvvznYni.jpg
1083816,Haunted,Haunted,1998,en,/Av169CmH6c5BzTto9aZrK96NEPk.jpg
1084089,My Inner Circle,My Inner Circle,2022,en,/g98Daw3NApjy06wlMKREXbb5J8b.jpg
1085079,Trapped: Concrete Cell,Trapped: Concrete Cell,2008,is,/bUuoZv81JBAgXiVVe22o8pFUuPi.jpg
1085386,Killing Time with Lizzie Boredom,Killing Time with Lizzie Boredom,2019,en,/kwJNq4dcZT7vexGNXafuL2I2FC7.jpg
1085581,Obsession,Opsesija,1983,sh,/wshjoni1h6fEanRosf7c4xvElF4.jpg
1085694,The Bowling Alley Screen When You Get a Strike,The Bowling Alley Screen When You Get a Strike,2019,en,/qixH5NoBTlVR74b7dNjSBvazlVq.jpg
1086046,Rotten Dark Image,憎腐暗黒映像,2016,ja,/fuJfB1ZWlniOrjBMr36K5kKFE3k.jpg
1086851,Aradia,Aradia,2019,es,/pXxglaA1b0ssr5HfRKIrfNGhH6A.jpg
1087767,When the Lights Go Out,When the Lights Go Out,2023,en,/jc7aqwUVasBeHZOOioB12DGoc8y.jpg
1088798,Evil Night,Evil Night,2022,en,/mNMjhro2hni5vlZXZ08qTZZ0nnv.jpg
1089838,23:60,23:60,2007,ja,/eZnyXjBDQTOd1bqZYPdFSGPev5R.jpg
1089959,Phantasmagoria,Phantasmagoria,2022,en,/cEKs7fY6k4UT8swfjZvEj5vA3JC.jpg
1090427,Posted Grudge Spirit Footage Vol.4: Demon Edition,投稿 怨霊映像 Vol.4 魔篇,2011,ja,/rgji2yVa0lJmGa4KiZss9SklNe0.jpg
1090518,Karungaapiyam,கருங்காப்பியம்,2023,ta,/6ssa2D45PoAdp9lqb5r9reOsREr.jpg
1091407,Blood Lust,Blood Lust,1979,en,/qYVqgTvzUXtu2LghwqWsQu0NbPz.jpg
1091669,ATAMA,ATAMA,1994,ja,/b5eZyXy8XLPnqORRRN9GTTV9Xqg.jpg
1091671,Flying Daddy,パパが飛んだ朝,1997,ja,/6bPT2dTOf8SbWbTgjFZJ45rMIVK.jpg
1092006,Sangre Dulce,Sangre Dulce,2018,en,/xuBmLfo9kBMNmEh7mTGSgiXnjG0.jpg
1092348,L'Angelo,L'Angelo,,it,/4ZXR0Dr08O75HDRgT0eiQXX42a0.jpg
1092519,Oh Dear Lord What is Wrong With Your Face?,Oh Dear Lord What is Wrong With Your Face?,2023,en,/1oqPDbF256SRJvNXqRQJKC0mz5B.jpg
1092549,Nostalgia,Nostalgia,2023,en,/aR9MCxeeLmZJw5btHrjaF3Lr54N.jpg
1093850,Leather,Leather,2022,en,/qB3rz9fI1NVEg9pnHvBEjfByrIt.jpg
1094113,Sally's Escape from Hell,Sally's Escape from Hell,2016,en,/zCGvIFyVJKSok8Zl7I8APSacFG4.jpg
1094206,Social Butterfly,Social Butterfly,2023,en,/oZe6ygE1378VsU8HrxaEHbukCKt.jpg
1094329,RAW,RAW,2022,en,/OcsPHU6HfsCkWdYlIJZcsGJvsS.jpg
1095001,Disco 3000,Disco 3000,2011,en,/sLTo9p4xB0J7RtW8B0dDC0hFju6.jpg
1095565,Maataraani Mounamidhi,Maataraani Mounamidhi,2023,te,/wq62QUSBhd5Ym9eiMjxmUPDQUXi.jpg
1096076,Fish Piss,Fish Piss,2023,en,/1M1UtoVp6CqSqBbdFuBoEkwV7u9.jpg
1096879,RUN,RUN,2023,en,/svP7rynkZMTcq3TORxSTNLQebuv.jpg
1097135,Sacrifice,Gisei,1959,ja,/2DIlnGB5N3pMk6rZ7QLc6DgbgIF.jpg
1097612,New Pen Fairy,新笔仙,2016,zh,/bq07QVrV6zxb9q7zJS9rT7bW73I.jpg
1098173,Animal Me,Animal Me,2024,en,/uQUZ8Nqw2JpTXvRzkl8BiAXlgLS.jpg
1099116,Kandhei Akhire Luha,Kandhei Akhire Luha,1997,or,/A1CTwq92sV7DdiVnSuBAdhEqEs9.jpg
1099206,Chrysalis Red,Chrysalis Red,2023,en,/fi0403xhU1IpCrZJo4kHQjLgI2W.jpg
1099694,Shanti Shanti Sayonara,Shanti Shanti Sayonara,2023,en,/xaf1sMrtIOG3tRfnvAljUggydLG.jpg
1099767,Head-Hunter,Head-Hunter,2015,en,/AvBYRFnEPJVI5JQNlCv5zTGVoNY.jpg
1100849,Sailor Fight!,Sailor Fight!,2014,en,/o1qPz6el9pAf3vmhKNMdJX5eY6O.jpg
1101683,BiPolaris,BiPolaris,2022,fr,/ayzQtlvAeiSaaAUnrp57YMuzzJA.jpg
1101703,新开心鬼,新开心鬼,2015,zh,/jHiFM1aFkJYxx643h2s8MUXi6YW.jpg
1102006,Angels of Death - Final Cut,Angels of Death - Final Cut,2022,en,/ejHK6PNecTsw4WSSxS3TB7bxfQ0.jpg
1103383,Fever Dream,Fever Dream,2008,en,/qU7WrW81YHO0RDJ19DgZWHlkM2R.jpg
1103509,Resident Evil Masterpiece Theater,バイオ世界名作劇場,2023,ja,/vOmIEeiBSlAzgEvvBulLZM803G8.jpg
1103830,"Color, Split Screen and Rear Projection Tests","Color, Split Screen and Rear Projection Tests",2006,en,/eZMLr8kPiHZWJ1CLjX1LD464ke.jpg
1103867,Her Beginnings,Her Beginnings,2023,en,/3T5BIpeA4frdf4qIuMx7pTTxDsS.jpg
1103892,Mia,Mia,2023,en,/4iDe5tdqXGWiQOjOt3occWxEZZd.jpg
1103985,Insulted Woman Revenge Pachinker Another,凌辱された女 リベンジパチンカー・アナザー,2015,ja,/jr42n4tXH9LqtJscs4Y4J79l4JD.jpg
1105435,Meat,Meat,,fr,/vvf5oWK4z70tp21dJ182yG2Q6mH.jpg
1106982,15/05/11 - ABANDONED GRAIN ELEVATOR,15/05/11 - ABANDONED GRAIN ELEVATOR,2011,en,/4iskGjM4JG8ljSEgdGbUT8C69So.jpg
1108429,Innocence,Innocence,2003,en,/sGp8RsZKX9SGP0JjGCVujKUjI1k.jpg
1108447,Seed,Seed,2004,en,/vNs2c54pja8PBWssKWjBCnSoIK9.jpg
1108784,A Quarter to 4,Antes de las 4,2022,es,/9gA7KJ6JpPoAYfAk3hl4UfeXTCW.jpg
1108895,undercurrent,undercurrent,2001,ja,/jzZoP6ArcvXRF8BHm6qjZAx55t4.jpg
1108898,Hold My Scissors,Hold My Scissors,2004,en,/cw2gYLhjEFl0yWrueef5cFcCItD.jpg
1110645,Elves on the Shelves,Elves on the Shelves,2022,en,/z6BDZQAKUIKadsZaGMwzbLAIiua.jpg
1110649,Elf on the Shelf,Elf on the Shelf,2021,en,/dxvIR2faEi39oGOlUJEGRJRC4dj.jpg
1111255,Prying Eyes,窺拍,2023,cn,/34AWLLLWqGzyG051QyD3kBlwyru.jpg
1112558,Dream Therapy,Dream Therapy,2022,en,/wyNTpzmKuvzNXjkH5vNwicdYJqT.jpg
1112723,Honto ni Atta Kowai Hanashi - Special 1,ほんとにあった怖い話 - スペシャル1,1999,ja,/w57U5sq8Um0xyIsnmHZf5RQzjPl.jpg
1113072,My Home Is Burning,My Home Is Burning,2017,en,/9anccY7heQ4YXIVbygNdh7rHLq2.jpg
1113573,Judy’s Turn to Cry,Judy’s Turn to Cry,2022,en,/eGa8ccIQvvAATmak2tT9HJZjBcs.jpg
1113900,Aswang 1933,Ang Aswang,2017,es,/jD8TFfa9AntkRCWigE8AAdg6MQt.jpg
1114142,Queens Gold,Ór na Banríona,2022,en,/ff5U98wvMq5qTTvbeAfrFZ9v7LU.jpg
1114750,Niemand,Niemand,2019,fr,/aJeRb737Sb43GtI2Lx2ltgh6PLu.jpg
1115700,The Angel of Forms,The Angel of Forms,2023,xx,/34nrLql1BRVeqzgPFo4NZz5QNPS.jpg
1116457,Parlour,Parlour,2023,en,/fxz6lYXSJ6MWc6Mqrg46jytUHYz.jpg
1116481,There is Something in My Drain,There is Something in My Drain,2023,en,/xGIeMyvHIGcyYwcZmflcjf8aMkI.jpg
1117099,End of the Parade,Paradens Slut,2017,en,/5BqSs2hVfBPixOiMrQaP4RagkuX.jpg
1117424,Street of Gravestones,墓標の町,2000,en,/hwJwAYfFGKh8byb9fQsSG0LvFB6.jpg
1118185,Pyre,Pyre,2023,en,/rjdv1sOgyPKKWa3syu6ZsHUdHwf.jpg
1118367,Ida,Ida,2023,fr,/eiJfvxFlbTKzbJSiFrDl5PvUpqM.jpg
1118857,Christinas World,Christinas World,2023,en,/jgdupeOCyHzCRqiWVrfabgM6Bam.jpg
1118899,Liminal II,Liminal II,2023,en,/aNNt3oonTl4E9ir0HYTphyQvvp2.jpg
1119244,The Earthbound,地縛者,2015,ja,/45XtB7pqMajeiwqTTXupf99Xns3.jpg
1119249,The Yellow Wallpaper,The Yellow Wallpaper,2011,en,/mdzYgLN5vOq4AIRUDNxqYPxFe10.jpg
1120011,Namo Bhootatma,Namo Bhootatma,2014,kn,/4f5Ur15GptYmkdprphmK5hMEPSP.jpg
1120062,Pułapki,Pułapki,2011,pl,/loJD7jvyd2QAR7E9hJJ9xfyKREx.jpg
1121020,Let's Be Friends,Let's Be Friends,2023,en,/o6su0ub4Y0GV6N78Da0BbuCHlTY.jpg
1121405,Alone,Alone,2022,en,/hD8PjJB5rOkuzjNpkwfYotl0lDk.jpg
1121432,Phoenix,Phoenix,2023,ml,/jcmxwDdWYYXTlejkeTTabeZ4k82.jpg
1121583,Vesania,Vesania,2023,en,/mwbgyJ8fAJNi0JttN4XOBO8zhwn.jpg
1121697,Neverending Night: The Making of Blair Witch,Neverending Night: The Making of Blair Witch,2017,en,/90EyLlEj60tsnQkLooWjYfFFF1Q.jpg
1122140,ESPERA,ESPERA,2022,es,/3L0K72BLIBKwDYM0Aq1djvYoZId.jpg
1122220,Untitled Blair Witch Film,Untitled Blair Witch Film,2027,en,/1mi6QRfUaSoe9pTvSY4L9AHdazh.jpg
1123503,Big Milk,Big Milk,2023,en,/qq2EbNjFJStI3EucH3HspmNiqHy.jpg
1125365,Mr. Withers' Apartment,Mr. Withers' Apartment,1995,en,/jo6HrZhSWVsgFmpaV7T0NVcSWAI.jpg
1125585,Urban Spirit Legend: Reishi Gakuen,都市霊伝説　霊視学園,2008,ja,/t19SfKKFmViiWfnvSUl3jRd3Ci1.jpg
1125649,Folklore Strange Smell of The Strange Troupe,Folklore Strange Smell of The Strange Troupe,2023,zh,/6Z3D0jLsqsMMOMtn6lITC3BEZ8u.jpg
1126010,Plot Front,Plot Front,2019,en,/oeCYoLgxn6TlH23CQF2Utybvxxu.jpg
1126310,child vini's archive,child vini's archive,2012,pt,/9C4pho3bXkjRimeK7tLb3FShmf4.jpg
1126316,Every 90s Commercial Ever,Every 90s Commercial Ever,2015,en,/hLo2AXfCZ9i46g37T7MYLh3qBzG.jpg
1127143,Mama,Mama,2025,id,/o6K500W5qIZzVDiBcfQ1mCMMnay.jpg
1127560,Yatsuhakamura,八つ墓村,2019,ja,/snRK4JgUzCcglfNehmXniI8nz6T.jpg
1131282,Dumb Dumbs,Dumb Dumbs,2012,en,/p9Mt9XQQbVwOvvpGqcnjgm7Yqbv.jpg
1131806,Rèd,Rèd,2023,fr,/uW2rdmhpC1NiSj7OjuWl4Fewg4J.jpg
1133248,Removers,Removers,2023,en,/7IBye9cvSgfO0riLjEgfK0JJc38.jpg
1134427,Profondo,Profondo,2023,en,/2I5bRzJe7zH0020iqQ8EqcYV9Qe.jpg
1135482,"The Adventures of Dracula, the Literal Moron","The Adventures of Dracula, the Literal Moron",2022,en,/xLt7qLWAogIbBWnVmmUA3qKIfdk.jpg
1136043,O,O,2023,en,/5ox1AcblK1zYCWBxcHE4YBBMOt8.jpg
1136508,Strange Tangents,Strange Tangents,1983,en,/cP0pc8BsfTuAwZ4hMCUUZEB9LPg.jpg
1137251,GORE,GORE,,pl,/4dL79T1cvIwQdS0HaouHLx0K5pH.jpg
1137654,Last Order,1601호의 주문,2023,ko,/vDRYHz2lwBth5KgaS7G8RyeupWM.jpg
1139141,Sleepaway Camp 2: What Happened to Molly?,Sleepaway Camp 2: What Happened to Molly?,2015,en,/ld13mURh75KUFYKtR3JCrs4y3lE.jpg
1140480,Ultra Violent People,超・暴力人間,2011,ja,/yNI3GC99UFT1omToWGixMZD585h.jpg
1140766,The Carpal Tunnel of Love,The Carpal Tunnel of Love,2007,en,/yo220OQ5hQzOyWms7LPn8tWJkCK.jpg
1141302,Election 2020: A Horror Story,Election 2020: A Horror Story,2020,en,/cn9nApJSDkULofb13885fxf1TGh.jpg
1141754,Hunting A Pigman: Part One,Hunting A Pigman: Part One,2020,en,/4IaRC896NTYMWGwpJEp2S82tDFO.jpg
1141891,The Blood,白く濁る家,2022,ja,/sdg3xiSpzjC5lLpKBvv2GZY2N26.jpg
1141993,Reprieve,Reprieve,2025,en,/wzaJh4k8KiNRW92YBBgV6CIsHuP.jpg
1142325,Shadow,Shadow,2020,en,/80eX4Tee4op1Bweqk5oXDJuwYGb.jpg
1143007,Blood on Each Step,步步是血,1989,zh,/8lUl7KUs8DLp8ION3fYQRG1YPSL.jpg
1143697,Man dying in basement,Man dying in basement,2023,en,/3DC2KIhzia8WGRW2QQO4iPLtJhN.jpg
1144719,Okamuro-san,オカムロさん,2022,ja,/xeMOAIjUBuhIyTkVxYj3KMpZ1qT.jpg
1145277,Document Super Scary Stories: Okinawa,ドキュメント「超」怖い話 沖縄編,2005,ja,/mXmtTsW24NN6DBkrcyOauINzrDn.jpg
1145501,A Gift for Toby,A Gift for Toby,1987,en,/2SOsUUoMQhi5ITjGfxzPZFdq0Ix.jpg
1145846,"Water, Water, Everywhere ...","Water, Water, Everywhere ...",1971,en,/37IYLa4bZxkyVoKRk4FCmzSVyuL.jpg
1145880,A Better Man,A Better Man,2023,en,/Ab2KEBgJtWCJtDeqsX3uXmz9bM8.jpg
1146209,Shudder Girls,戦慄の果てに女は嗤う,2017,ja,/pnj561p1g9pGHMKaKaYhTEe3gse.jpg
1146542,Het Oog,Het Oog,1989,nl,/s1EzXg6H3jWOy416IoWnsayhDeY.jpg
1146575,Paku Tanah Jawa,Paku Tanah Jawa,2024,id,/waVn3InmSNQHjqcBKQzvumjrrGt.jpg
1146740,WRAAK,WRAAK,1983,nl,/bZ1rCl1gWUGf0zshhlVCMB9ZTXR.jpg
1147023,Snuff Film,スナッフフィルム,2015,ja,/ye425u5M6COY96MXM0xrHrM8wCE.jpg
1147348,Boredom,Boredom,1976,en,/7Lb83ejNkLk2TqzAQIVA9ywuBbH.jpg
1147586,Deep End,Deep End,2023,en,/hEkee7oHLcyTmZ5QtI4ly2YxNfX.jpg
1148524,Paranoid Instamatic,Paranoid Instamatic,1996,en,/pFTDuCt6eRRaeCaOh87cOyybQZk.jpg
1149514,Janha Ratira Sathi,ଜହ୍ନ ରାତିର ସାଥି,2023,or,/bLWnuQktcpvaLzkY8rfhZHjOnpV.jpg
1149695,Dodenspel,Dodenspel,1988,en,/iV0sZ6V3YyZDpRZZLc5UdRWboje.jpg
1149701,Young Faustus,Young Faustus,2005,en,/zYTe6uGurwur4dAfz44LQ3Jt9r3.jpg
1150649,Visitor,訪問者,2022,ja,/wZeuvNCFo4c6Dc9lq4P55LytK9d.jpg
1150696,Gendai Kaiki Hyaku Monogatari: Kaidan Tanhenshu,現代怪奇百物語 怪談短編集,2021,ja,/hezllpLreL2Dc46qjRJIVvFupbg.jpg
1151479,The Love Spirit of Nang Nak,วิญญาณรักของนางนาค,1951,th,/2sa8C8I3yPmnnyw0RVZgQazWMe1.jpg
1151565,Mae Nak,Mae Nak,1992,th,/nkvrlCFdvncXkZrFOJiIZm2yug9.jpg
1151593,Eyes,Eyes,2013,en,/wee2u97et3jQcBpXsdvgFykfdlD.jpg
1151683,WOACA,WOACA,2023,en,/zLH8zZzNZWqZGSRsN8Yn92ECz20.jpg
1151740,Morte ao Rei,Morte ao Rei,2023,pt,/6wHfsbqCxBLusCRWDf0ZYCVK1qB.jpg
1151937,Wake Up,破夢,2017,cn,/lh6u8QYJzBFC1nppmi0gWgjrIEn.jpg
1151960,Ghost Killing,人吓人,2023,zh,/sD3LyXKotplTnNnpMEoQeqYyRL3.jpg
1153403,zapeo,zapeo,2023,es,/i1gqwdJyjI3y7e8IJZmX2DbVyJa.jpg
1153628,Das Buch Der Blutigen Geschichten,Das Buch Der Blutigen Geschichten,1991,en,/5RzmZGzPOhWlMrs6QeHrlE4zKF3.jpg
1154187,Attack of the Undead,Attack of the Undead,1995,en,/dQA7P5MRVzdNFcWD7uY1a7U2dos.jpg
1155301,Nakaw,Nakaw,2017,tl,/qsqiSpNZw3pzKDSMPk8C2MPypLC.jpg
1155643,Tiyanak,Tiyanak,2017,en,/uEFuVABcyn3rl2bkb0fHv0wlgId.jpg
1157708,Creepy Hitori Kakurenbo - DVD Extras,ひとりかくれんぼ 黄泉がえり遊び - DVD特典,2009,ja,/4mOj1iPwZSm8wiDCaSpBrxvCD9n.jpg
1158484,Trees,Trees,2023,en,/9rdEsO7qfYWh09M7eIvdDAlc4u3.jpg
1159534,The Amazing Life of Hops,The Amazing Life of Hops,2022,ru,/tHjP1T2lFQl4EZek7HQ89kODi25.jpg
1159875,The Hump Back Angel,The Hump Back Angel,1987,en,/y0lR0dimT9pZpZOa3CErgVfcyxC.jpg
1159987,Presommar,Presommar,2023,en,/qVyWH1tvT0quaMp1qEjBdeBB766.jpg
1161738,Cure,Cure,2020,en,/kKkDtcCuSYuZEvKHjr5xeELnj5n.jpg
1162056,Peering into the Darkness,Вглядываясь во тьму,2023,ru,/xLGkRIYt6ZQFXi7vn7flSoHpJUk.jpg
1162791,Mamántula,Mamántula,2023,es,/iodTtVpD5iNqejWrXSPYtVrvewr.jpg
1162936,Babushka,Babushka,2023,en,/v82I6DZQX152J5we8B3RGMqa1vt.jpg
1163427,JOHNNY ANTHOJOHNNY,JOHNNY ANTHOJOHNNY,2023,en,/tA7ANoCy4HwLm4OBuIhjXHymrDs.jpg
1164853,Angaaragan,அங்காரகன்,2023,ta,/kPByMKPM4rrOAys32pu76KYIDyu.jpg
1165206,Tokyo Videos of Horror 18,闇動画18,2018,ja,/iCTojK0cvEFQimeve9rjp7B66eQ.jpg
1165396,Tokyo Videos of Horror 19,闇動画19,2018,ja,/v0ahXqq7zwLRH7xcw4Qbx998ap6.jpg
1165927,Maternal,Maternal,2023,en,/cWtJ2juQAc5RAPMb7uNQrQkELvy.jpg
1166109,Namade Kowasugi!,生でコワすぎ!,2015,ja,/68SLjbOtTAvAmYgVwuCS41UfGMw.jpg
1166538,THE OTHER WORLD,EL OTRO MUNDO,2024,xx,/fbfiraHRV8yKHGpURxPrYnXvflr.jpg
1166947,Haunted School,鬼學校,2001,zh,/6rdY8W3qxHZE29HTQQodGYvm57j.jpg
1167764,Sympathy,Sympathy,2004,en,/y5bbHWArS502tHbZIewiPMZFFoY.jpg
1168088,Screwed,나사못,2011,ko,/vr5pIstYKHD1bqUPudIHIWC7sTq.jpg
1169449,To Lie in a Field and Grow Old,To Lie in a Field and Grow Old,2023,en,/5KL5miqr2gpYcVfwrJsrqFKUH47.jpg
1169957,Spine-Chilling Short Stories Kowabana: Scary Woman Kyō,戦慄ショートショート コワバナ コ・ワ・イ女 兇,2014,ja,/a9iBOcwMsSlQnWvMSDcWXdabImk.jpg
1170057,Maniac: The Making of Documentary,Maniac: The Making of Documentary,2013,en,/mAQ5ShuVu9otrgxPPVDBIpgSuFP.jpg
1170797,Everything is Good,Everything is Good,2021,en,/67OaeMhwnukNaO5iJMq7sJF5wgR.jpg
1171035,Quest of the Perfect Woman: The Vampire of Marrakesh,Quest of the Perfect Woman: The Vampire of Marrakesh,1933,en,/AgGaKiFYZ1EBkcqU3b3J2o39AOH.jpg
1171300,The Abandoned House,The Abandoned House,2020,pt,/9AtLZx66ofxB7XdpxCE5p1aNumH.jpg
1171889,The Wandering Soul,The Wandering Soul,2021,en,/38oUGW34fDUtc4eWEgiuibYj8vA.jpg
1172010,Hydro-Samuel,Hydro-Samuel,2023,es,/j3FHlkxPzyeQrWrCuydWcEEU7Ba.jpg
1172388,L4ST,L4ST,2014,en,/qDaC49RoA2K7Jy85n3MG7gtmu8I.jpg
1172414,Aje and Bruja,Aje and Bruja,2023,en,/3XN9gShpz8tHwSW4SLQTn3jp8Na.jpg
1172571,Hov! (Famous Last Words),Hov! (Famous Last Words),1989,da,/9jkk3ZsQEtMuaRhAtN3NBW3AOiP.jpg
1172678,Cannot Play Title,Cannot Play Title,2022,en,/oVZYb103cNyednPMbCfhqxOuiGP.jpg
1173124,Pill Head Ed,Pill Head Ed,2020,en,/n2GIx0cYKoSNTAgNVeFNtCE1HNT.jpg
1173168,"That Butler, Friendship",その執事、友好,2009,ja,/sMV5acxGrUxDmRT7y1KIgXTOUlI.jpg
1173275,The Lost Goddess,The Lost Goddess,2019,en,/e9MJuXvM23AGCZreLJytQnWCGKR.jpg
1173424,The Ghost Chasers,夜半的鬼影,1966,cn,/biMRznxAkSM0nlOBkEPHG4gsUT4.jpg
1173434,Bitter Fear,冷月離魂,1966,cn,/3r4u1YHVTZpeHsDaDp9RzvuRGMc.jpg
1173609,Phantom of the Jade Chamber,瓊樓魔影,1962,cn,/v3nyT7AjyB4yaMl8UK4zIrsLXer.jpg
1173781,Trauma Under the Car,車底驚魂,1962,cn,/hHlFvvSyxUK5OreXWIWydzDyWnr.jpg
1173833,The Serpent and the Lovers,毒蟒情鴛,1961,zh,/m2iJi5iBmhaHs6XtVyyvLCB31Yd.jpg
1173947,A Shadow over the Chateau,紅樓魔影,1960,zh,/mtF1bYhEWhHpjTFfkQfD4Cc2ffV.jpg
1174247,Haunted Bridge,猛鬼橋,1957,cn,/e5TB1ZgrtE9PTgAuRpfSFlmmuRS.jpg
1174342,Burning Passion,熱情,1956,zh,/y9fOQ7QViv8RfDXjv6IgaOvpcBm.jpg
1174494,The Haunted House,鬼屋,1950,cn,/1IFCOhbBWctqUAe6qIIzOvMqZbb.jpg
1176999,NAILMAN³- RETURN OF THE REDEEMER,NAILMAN³- RETURN OF THE REDEEMER,2023,de,/1zc9lzVGQxkPKEuhzGtVcFGm3vB.jpg
1177018,Vampire,Vampire,1999,en,/oXTH1zMAPO1lRJJVcIb4VynkYUT.jpg
1177462,To Thine Own Self Be True,To Thine Own Self Be True,2023,en,/x3Kh2eA2fa22tKkpi1CV4OLJ5to.jpg
1178529,Zetsuosore Taikan Kimodameshi,絶恐体感キモダメシ,2014,ja,/iflpXVV1CKsZr8RMmUVrqN8xcvL.jpg
1178873,Dragging Woman,ひきこさん,2021,ja,/n4sk6xL6WSKdqj4Jzbt4Qc30UVq.jpg
1179402,Don Khamod,ดอนโขมด,1973,th,/nzC1vXYYv8PU8XgFRxBECAkgWo1.jpg
1179549,The God of Death,ยมบาลเจ้าขา,1971,th,/jt5RibKBwMMoiTh4XwYaQn3VDO8.jpg
1179729,Pi Kaew Nang Hong,ปี่แก้วนางหงษ์,1970,th,/e86MbeprSfw53beSk2A7htAj4Bp.jpg
1179790,Golden Sabai Goddess,เจ้าแม่สไบทอง,1970,th,/bR5RMcfDDQtuvXqGmEVWv5j7grZ.jpg
1179922,Plantlife,Plantlife,2020,en,/9WOA3f3JeDPtPHRr3NOmgqV9uJj.jpg
1179996,Golden Eel,ปลาไหลทอง,1969,th,/kCL8ac6Vr7ueR1Wo4ndsYlFF2Oy.jpg
1180354,Goddess Panthong,เจ้าแม่ปานทอง,1967,th,/8bXzUNpkj3ItVV0t2FHfl3TjCHr.jpg
1180377,Boonpeng Iron Chest,บุญเพ็งหีบเหล็ก,1967,th,/24iRFF0hJyeLqZOrgCWZdKkCiye.jpg
1180529,Blood Love: Nang Prai,เลือดรักนางพราย,1964,th,/eJKY9cwIRsLfOhiHpOplV41f2f8.jpg
1180756,Krai Thong,ไกรทอง,1958,th,/cFa75mrBY7uRMIuK5m0k2LuWtiZ.jpg
1180853,Autorretrato,Autorretrato,2023,pt,/wijsAP0VXGiMOST1VVM0PQZVRfp.jpg
1181746,515,515,2015,en,/6EV9YJ9NiiVljAfasQlIz07BqFr.jpg
1182169,Smoker of the Future,Smoker of the Future,1985,en,/utGU2zFm8VE9zuicAcbkdTQzntn.jpg
1182750,Give Me Something Good To Eat,Give Me Something Good To Eat,2020,en,/lAgoNmC2qlIaXOxhYf0tZQw0giw.jpg
1182752,Answer Me,Answer Me,2020,en,/m1ufnAkBjPIhgfoeQlvC4ZD2cE3.jpg
1183797,CannibAlien,カニバル星人,2009,en,/AhiMn4vMqvxNkvUvhN03rh9f7U1.jpg
1184925,Midnight Oxygen,Midnight Oxygen,2027,en,/1cbqKt4xp67ckCWD0zVRmN5qPyO.jpg
1185377,PCME,PCME,2020,en,/fmMByc54MhkvK351JDnf16baMgu.jpg
1185950,Black Forest,Black Forest,2023,en,/1xuxtGteqN8Z6TvOcaAGCF0y2dc.jpg
1185980,Black Forest 2,Black Forest 2,2023,en,/16jbZT2vDQIdS41SGyH9bTvS3Fg.jpg
1185988,Black Forest 3,Black Forest 3,2023,en,/6amaA9GonjhrPFuK1MHc5NaF08Z.jpg
1187964,Crazy Skier Man,Crazy Skier Man,2023,en,/s0XzAv5T49iNJLX6DczYWg7xELY.jpg
1189043,Party Monster,Party Monster,2023,en,/c2yH89njxLApIDyUkYou4ZXTjlr.jpg
1189352,Beast,Beast,2023,en,/ryF106pMHMZq2wAl7XLpLULyZY0.jpg
1189888,FARN PORM,FARN PORM,2021,en,/AqtlHy8s1XPiEJBneWmoVSa2fY2.jpg
1190772,There's Someone In My House,There's Someone In My House,2022,en,/jcbFxRy1EIgjmm0WJ77DhnCGzlK.jpg
1190953,The Mystery of Nam Prai,อาถรรพณ์น้ำมันพราย,1983,th,/4f0WwMn9uuiL10BCDxnhm1CKZDa.jpg
1192020,Wandering Souls 2: Exploring Haunted Spots with Oda Nobunaga,さまよえる霊魂２　～織田無道と巡る心霊スポット～,1999,ja,/sf8axFeCJXHrGoMbdDQGaMlCZ2T.jpg
1192385,The Injection,L'iniezione,1991,it,/kc3KJnivzry2BIVOv7NVUg7pD1E.jpg
1192386,The House of the Living Dead: The Injection 2,La casa dei morti viventi: L'iniezione 2,1997,it,/bsfWgLit3jyUFEiu6y4Qm4DgSZt.jpg
1192652,Scary Fairy Tales: Cinderella,コワイ童話「シンデレラ」,1999,ja,/gvn4GBOTJCjNYeM5mQfknWj1Vva.jpg
1192921,Toast,Toast,2022,en,/zxF8xRoWw68pa4MGWn2uOoqUIl8.jpg
1195581,An Occurrence in the Countryside,An Occurrence in the Countryside,2023,en,/fYij2tZNrH9X8B7BfFgSjRGDzer.jpg
1196070,Hellmouth,Hellmouth,2022,en,/hn1DEkGI9ZNbEN5jSOpuvoQVn8H.jpg
1198050,Tree Ghost Story,樹怪談,2021,ja,/5CJ0cVXjpRKb8C4l1dhfwFxKOFp.jpg
1198084,Amofinado,Amofinado,2022,pt,/4Mi7fAGIwququpndzWfCjFBc6kq.jpg
1198378,Lunar Oddities,Lunar Oddities,2023,en,/bca1EqcrQao0F8IXYxOPU4bFX8y.jpg
1198870,Return,Return,,en,/bgnpQbZf0fSVAtF80T0bJkDzRMi.jpg
1198873,Busung Katak,Busung Katak,2022,ms,/vwfUV1Rh7UCiYvnijerNnSZ7FvC.jpg
1198987,Fed,Fed,2023,en,/96n79mox2suJCTRUS1c4gncNMnm.jpg
1199073,Angel's Snake,人蛇浴血戰之錯體美女蛇,2003,cn,/20nk0qR1Ys5E0Xtj5HkXASLXitf.jpg
1199122,Scary True Stories: Night 2,ほんとうにあった怖い話 第二夜,2005,ja,/oln1s7oWHUocmEz6YfypbBERhM7.jpg
1199364,Emma,Emma,2025,fr,/qjEcIdirbkmvaM9r1KkRYhI4e4m.jpg
1199569,Sonorité,Sonorité,2007,fr,/oHI3HAmDchX7ehIT6soAcovlkGz.jpg
1199584,6120,6120,2007,fr,/9hQ4BE1x42o4T4rDP2AjNfoUNMe.jpg
1199661,Stripped,Despojada,2023,en,/pVoWFQCzip4gpHA0DG9OfsICqcz.jpg
1200167,Abandoned Explored,Abandoned Explored,2022,en,/iq2uTraTZbO3oGuoHY0FbYl0WoF.jpg
1200519,Spaghetti,Spaghetti,2023,en,/65TPNdfxsPjwYE2CmJHM2yS8mYW.jpg
1201038,After Sunset,해가 지면,2009,ko,/t1gLAjzw7eEaUMiSVQM9Z5Q843x.jpg
1201188,Ojos,Ojos,2023,xx,/9kSyYf9Jk1HCleFAo39okDM1oQB.jpg
1201198,7,7,2023,xx,/k5xewEPRNaDeZPfFv0x0QXYQ0Pj.jpg
1201202,M is for Matador,M is for Matador,2016,en,/nGmCv89FZesLbLxKRUbvRtrzfSD.jpg
1201979,KAMPA,KAMPA,,pt,/w10CkZJ3BaPJ3V2kmaWATxlLFiZ.jpg
1202100,Joshurei,女囚霊,2023,ja,/ef1DeARW4Bui3tfozPMho07GFI6.jpg
1202913,Insomnia,Insomnia,2023,es,/yTuEBdWJ96fYs7MvueaKeGX6Pcj.jpg
1203023,Travels of Lord Mito Pt.9,水戸黄門漫遊記 人喰い狒々,1956,ja,/eZxp9vVzGW4OricpqtbzqRL7DES.jpg
1203676,Clone #13,Clone #13,2023,tl,/eQzA0qPXwHT87hkNt61lDFMZ7cy.jpg
1204029,Schooleater,翳影隱校園，蹊徑食人獸,,zh,/jXRAKbVaiLt6X68FXqrwsyYls2t.jpg
1204908,Shin Kaishaku Banchō Sarayashiki - Okiku-dera: Temple,新解釈番町皿屋敷 お菊寺,2023,ja,/m7b3twbiLyfDL5wzzYsz2zJfOvH.jpg
1204910,The Middle Way,มัชฌิมาปฏิปทา,,th,/kgghdtQvZibL5YTviGtUOgRMeMY.jpg
1205084,Stalking,Stalking,2023,en,/xcwqVXJai2laTWdf2S0lFzOUtOF.jpg
1205694,Sisters,Sisters,2017,fr,/zIKq1UFA2gd2bOT7FuerPmjn6Gy.jpg
1206152,Aunt Tigress,Aunt Tigress,2007,en,/fP8fLLvdIOsdOBzUTvZIMERo31Q.jpg
1206471,AGOURO,AGOURO,2023,pt,/qj1KK9HVtw2uCnP6TbEQI3bLqDU.jpg
1206990,Skinny Puppy: Too Dark Park Archival Footage,Skinny Puppy: Too Dark Park Archival Footage,2005,en,/9UuOkdfs0dI3WrJ1OXwIh4TDXop.jpg
1206993,Skinny Puppy: Last Rights Archival Footage,Skinny Puppy: Last Rights Archival Footage,2005,en,/3Q95CxCPSXtd0k76VYiO4HfRx3l.jpg
1207227,Cruel Sea,Cruel Sea,2023,no,/rGvyIyVyIgFwptoXZQH3P2IZUAG.jpg
1208355,De Weddenschap,De Weddenschap,1987,nl,/vIKLlmMMkEk0NlHQBgdrXSk8zd0.jpg
1208397,Lexi’s Vengeance,Lexi’s Vengeance,2019,en,/7VurpucCfZWCtqW7F7TKkLCKAHV.jpg
1209994,Error,Error,2023,en,/1D9LRPyvwZZV1I5MND6R4wmAI19.jpg
1210047,Aranam,அரணம்,2024,ta,/im52GNQksPZkTWVHuWpk3cAMlDi.jpg
1211170,eksp111000anim111111.mp4,eksp111000anim111111.mp4,2023,hr,/gTzY7IJJyBEtZTsfxsaRapYTqpl.jpg
1211305,Howl If You Love Me,Howl If You Love Me,2023,en,/tEKTEeFGd75MDTDAhjNReETejZ6.jpg
1211899,Ghost Runner,Ghost Runner,2012,en,/qOpz4UziC0gINBuBZRTRIpiOYnA.jpg
1213180,Sang Remords,Sang Remords,1998,fr,/g5H3FMCYIAc4N7AP9ejURhsc0ja.jpg
1214905,Trinil,Trinil: Kembalikan Tubuhku,2024,id,/3TmCcafUXjqLuxO6JUT8jfjlCZd.jpg
1215044,Body Trap,肉體陷阱,1992,zh,/fSm8FGIeVSizQ3PcOVuUDELwXIZ.jpg
1216059,Olf’s Supporters,Сторонники Ольфа,1987,ru,/am6jl4u9o844pG2Kvkw7dYngPDq.jpg
1217141,Paroxysm: Fear,Paroxysm: Fear,2022,en,/uCD4117UC3CbB7JPgQvsihP2Cm.jpg
1218245,Hellhounds,Hellhounds,2024,en,/n5UA9BdqfhdPATA0HLSCntxVeU5.jpg
1218320,The Crimson Thread,The Crimson Thread,2014,en,/3FuRgkqC1ppCTpl2QSYzxMFuAYp.jpg
1219673,Morbid Montage,Morbid Montage,2018,de,/h72ovCQGoL764FpXIhhbM6KUHUb.jpg
1220252,The Pointy Slippers,The Pointy Slippers,2023,en,/61gBDzJtFGOnqYXGluKB2KNuPvY.jpg
1220993,Nightmare Resort,リゾートバイト,2023,ja,/tOFLK65MQ5zuIkheV2E7Z4dZRLt.jpg
1221032,The Secret,The Secret,2021,en,/aNmhc07kK8OAoUGlFpJU2Nb6jYG.jpg
1221066,La barriga del diablo,La barriga del diablo,,es,/qSvWPYyMalIYRCt3N9Iom8Rsdt2.jpg
1221574,Grandson's Summer,だるまさんがころんだ,2004,ja,/3i00ad9jWL4PdUN14l7gafAV98B.jpg
1221578,Specter,ゆうれい,2005,ja,/93ACHXHO0mMHzWshqi02VvqPQAC.jpg
1221579,Smoke Gets in My Eyes,煙りが目にしみる,2006,ja,/pFr0BZxTY5pOMQcNJEfXNuQ7dOR.jpg
1222617,The Monkey's Paw,The Monkey's Paw,2014,en,/cufuSQ8YjQWantF22lsKgZJLufg.jpg
1223546,Strawberry Lemonade,Strawberry Lemonade,2026,en,/n857xWnZix0dJQjPtUJoNufaaBn.jpg
1224602,Dear Joan: We're Going to Scare You to Death,Dear Joan: We're Going to Scare You to Death,1972,en,/7UiC0drORozd10jfRaX6IQBcC50.jpg
1224917,We can no longer help you,We can no longer help you,2012,en,/pfpn6cS4FvGuL1Gc80H5DXNtFp4.jpg
1225067,Silver Night,Silver Night,2023,en,/5a2kVHs5Ao0PQfw2i3FdgdHil9o.jpg
1226341,Kaidan Shin Mimibukuro Nagurikomi! Gekijō-ban Tōkaidō-hen,怪談新耳袋 殴り込み!劇場版<東海道編>,2012,ja,/28Y6PuUqmEMdpmADqn2bZUem7C8.jpg
1226606,Beauty with White Breasts,江戸川乱歩の美女シリーズ　白い乳房の美女　江戸川乱歩の「地獄の道化師」,1981,ja,/icHWWb0xCn0CjoMNH0UurxqO1r7.jpg
1227615,The Tragedy of MacWonka,The Tragedy of MacWonka,2023,en,/zCCg8KmK2B91Gu2xdglDA2CeWIr.jpg
1227630,Ancient Skeleton Joke,Ancient Skeleton Joke,2023,en,/5td8LhpiMMmLQfYW01aILWrkE7q.jpg
1228784,Squareworld (Short Version),スクエアワールド-短縮版-,1995,ja,/oyezEpJBCbZBg1vVkyp5Ari4LGY.jpg
1229212,Flickering Fears,Flickering Fears,2024,de,/8NFRuPCdVbAu4mqby7d4GddZfUh.jpg
1229799,Filming Hole,Filming Hole,2023,en,/47fCI0na1Oj509As2EBYDVmmChS.jpg
1229906,Family,Family,2024,en,/rQ58nnGx5FiSM4Gr3MaNnbTxaLb.jpg
1230719,THE WORLD IS CONSUMING ME AND I CAN'T RUN AWAY FROM THE FALL,THE WORLD IS CONSUMING ME AND I CAN'T RUN AWAY FROM THE FALL,2023,pt,/nTkmoh8uCpcXtxi51txOIc6DtgC.jpg
1230796,i am saved,i am saved,2024,en,/yai8fTRGnHtp67yv5SBSTSSxzLr.jpg
1230992,The House,The House,2022,en,/o94pZRb0l2zk1n9nAL9a9ab5MTb.jpg
1231045,Otis The Giant,Otis The Giant,2024,en,/lcaEc4Xb1lT5VI71eiVO2KHiiGz.jpg
1231268,Kyoto Yokai Map 1: A 900-Year-Old New Bride Living in Sagano,京都妖怪地図1 嵯峨野に生きる900歳の新妻,1980,ja,/5ZYNci9Wo5mEu39ce0dseQXdjJy.jpg
1231306,Blood Pizza,Blood Pizza,2024,en,/dkzPyp1TFeF2YFlWWCz80dtv73V.jpg
1231585,Just Leave,Just Leave,2024,en,/gB24BQLOZg8kk55kJRvHpbSvj6b.jpg
1231764,Stash,Stash,2002,en,/u850tsWm4vZScsCI3lt9SH9ojDZ.jpg
1232099,The Big Sink,The Big Sink,1993,en,/xcViXCdUiQ4qxWNyimWM4zDk5sd.jpg
1232290,Night Rain and Autumn Lantern Hear Strange Stories,夜雨秋灯闻诡事,2024,zh,/gY5atQIvrayB8Nx37Kfn9lbsEjz.jpg
1232818,Desintegration,Désintégration,2015,fr,/vBLSht2HZniRxvbDeJbj1MSsPUi.jpg
1233557,Offering,Tumbal,2022,id,/sETpLO1MYRGi351PhyUw9WBWg7F.jpg
1234069,Flame,Flame,2022,en,/dcJWJX1wmwUuadKFhG6Qw71PE38.jpg
1234070,Into Death,Into Death,2022,en,/3KVgCrtHEgibtPEgY93CqhQ6L78.jpg
1235608,Black Magic,Guna Guna,2015,id,/mMemMekbAh9B9oWW9DlOS192oXL.jpg
1236761,Gracey Manor,Gracey Manor,2020,en,/3W7C0XOLVopOzfoZLNFYJhhl4OE.jpg
1236998,Modern Urban Ghost Legends: Terrifying True Stories Surgeons Cannot Speak Of,現代都市幽霊伝説　手術医が口外できない本当にあった恐ろしい話,2011,ja,/iSTI501bi8vjOl1EvQstBbynFZY.jpg
1237783,Catula Theme Song,Catula Theme Song,2021,en,/vsijgplKdqraoKkXGcZsOQ23II8.jpg
1238437,Brides of Boogeymen,Brides of Boogeymen,2023,en,/eRKHB7FR0stTjQrYFUX8Ml76cUV.jpg
1238742,Photographic Valarie,Photographic Valarie,2023,en,/qfZa9rFAJLi0ERsDcMNeW9BhejL.jpg
1239395,Delivery,Delivery,2024,en,/4vG4coVEMNTISZbJZd0WZHYUg3C.jpg
1239602,"Bernisa, jača od smrti","Bernisa, jača od smrti",1990,en,/kyMAFCRwqIeq0FJnelATMhCOeHO.jpg
1240095,TO PLAY A MEMORY,TO PLAY A MEMORY,2024,en,/mEf4TgOWUhE3S1ADUjvaHUyETBw.jpg
1240711,The Crone,The Crone,2018,en,/ncHpIKywFx53PtLeF1uOxPpXl7o.jpg
1240814,Incidental 38: Strange Action At A Distance,Incidental 38: Strange Action At A Distance,2024,en,/rXdNLnsmuVOWL25rSaqKRau9X4a.jpg
1241429,Geji: The Spirit Hunter,เกจิ คนฆ่าผี,2024,th,/8nhaw4NaIoS7GVVBmpVZm7I8s3S.jpg
1241689,Junji Inagawa Horror Video: Pandora's Box,稲川淳二のホラー・ビデオ パンドラの箱,1992,ja,/d2qzlR6YYRA33kQ55jJfmcv5ZmK.jpg
1242176,Aviya,Aviya,2023,he,/l6UhiGWFAupNsNdYLgAHaZHj26j.jpg
1242644,Bits,Bits,2024,en,/yIrUncMzpWTtHA9iT8DyAh6cDyG.jpg
1242905,Spiritual Tours,心霊ツアーズ,2018,ja,/dy7tPhCvy4bKSGFlkeS9XPTl44n.jpg
1243795,River of Desire,慾河,2020,xx,/3XgsU2QU46S0gKz3tLCtJqZLEfY.jpg
1243879,Prom House,Prom House,2023,en,/ca9DNfQrjYRqNlBQeW0MztqKak1.jpg
1244017,Bug,Bug,2020,en,/8q2qfc369tSpoZcGmBta4oxljDL.jpg
1244062,Vimy Bridge,Vimy Bridge,2024,en,/yEpronip8rFLySLwmMUkvCVTmEM.jpg
1244831,Nozokiana 4: Cursed Video Edition,ノゾキアナ　4　呪いのビデオ編,2017,ja,/cmrLH2GFihScYMQgTcBaSFlYFeG.jpg
1245162,Headcleaner,Headcleaner,1999,en,/rOiSQwuWHdwM22SiKJOmKhmvF8k.jpg
1245342,Battle Spirit Footage: Fight of the Living Ghost,闘霊映像 ファイト・オブ・ザ・リビング・ゴースト,2017,ja,/2Efw95vDNz2GxV9ovKRZIcLsg4N.jpg
1246382,The SMILE Tapes,The SMILE Tapes,2022,en,/iDHHWyHxNndgc8bvzMy5ahglVBC.jpg
1246416,Vita Carnis - Living Meat Documentary,Vita Carnis - Living Meat Documentary,2022,en,/dElz0tbNrbKu6eN3v02ZBaCilMH.jpg
1246777,His Nightly Terrors,His Nightly Terrors,2024,en,/kjPQ5JYezkL6N81Ejp9pIhgOUit.jpg
1247181,Earworm,Earworm,2024,en,/s9BogzfTMtNEpYg2XsTCdnOhiTs.jpg
1249037,Dracula,Dracula,1972,de,/20rZXGb759ymSFMbeS0kucfB7g6.jpg
1249052,Kyoto Yokai Map 2: A 400-Year-Old Ice Woman Living on Kirara Slope,京都妖怪地図2 きらら坂に住む400歳の氷女,1981,ja,/pklHgVOruEu9wM7CTB4VdYEME8z.jpg
1249591,Terrifying Spirit Disturbance Video: Attack 1,絶恐霊障動画　襲ウ,2013,ja,/iICoGbA3w0f6qIrGM05GZ2KGgHy.jpg
1249600,Terrifying Spirit Disturbance Video 8: Darkness Edition,絶恐霊障動画 8 闇編,2015,ja,/wxLGtiJEuYhLR0DEymOyPp4j3Fg.jpg
1249950,Submitted Spirit Video: Omnibus,投稿心霊映像 総集編,2014,ja,/pTSnoNxxe8QVs0FhkY0mq9UL5ol.jpg
1250785,Pursuit,Pursuit,2021,en,/2c0gO2NZRfMSRX58NeeXXkDfi0j.jpg
1251427,The Garden,The Garden,1996,en,/cCFUAGEZvSaXTyYIir5CBrz4VfH.jpg
1252768,When the Blood Flows,Quando o Sangue Flui,2025,pt,/vRZ2SbBbtFNRdkdf2FgRZnJHRte.jpg
1254195,T. Rex In The Atrium,T. Rex In The Atrium,2010,en,/cYnpt0bW9dRddYJBg55rZWf0OFS.jpg
1255394,Ceremony of Innocence,Ceremony of Innocence,2018,en,/oXRiYhgBqj5Gn6WwMDrcYvde0Yt.jpg
1255452,Dokugeki! Noroi no Shinrei Supotto: Gokuraku,凸撃！呪いの心霊スポット 獄,2017,ja,/dpLOMOtADBTYZGrhmI81sELy6CR.jpg
1256281,Anansi,Anansi,2024,en,/1xd0vB456noEHIgwDrGo6K7NGTS.jpg
1256728,Short Shits,Short Shits,2024,en,/jKXhOlWc6JBIRr5noptwEulva5x.jpg
1256805,Mouse,Mouse,2024,en,/pCkTJjMk8xvtlaRR6lE5HNlbCBM.jpg
1259442,The Blademan Cometh,The Blademan Cometh,2024,en,/3IHmlRxqViWeSmQe19DcoUPPBal.jpg
1259973,Tommy Can't Sleep,Tommy Can't Sleep,2017,es,/mZDEf043NSb3HhVn9YgmpEVHdre.jpg
1260195,Zombie Door,Zombie Door,1970,en,/66MMZGHmG0Mci4S1JXyNyHmRh86.jpg
1260835,777,777,1997,en,/7nsbGYR3t4r9jBxdRCIZiKlzoPU.jpg
1261094,Infinite Skies,Infinite Skies,2011,xx,/t0Fv76ed8tUDrn0BEJexJzZd9Zn.jpg
1261260,Blood Relative,Blood Relative,2004,en,/qfdlFSqRBA584lJ1YuuzIPGvBZp.jpg
1261582,The Great London Mystery,The Great London Mystery,1920,en,/vFuLdNDDNyM8ck2Gqvv6MHvClqw.jpg
1261644,Der Hund von Baskerville - 5 Teil: Dr. Macdonalds Sanatorium,Der Hund von Baskerville - 5 Teil: Dr. Macdonalds Sanatorium,1920,de,/f7bHhJqi0APgiKiqUg814yUpzA1.jpg
1261861,When the Moon Returns,When the Moon Returns,2024,en,/c2D4xoRace4riYU4sbfYP9Na0Hh.jpg
1262456,Nailed,Пригвождённый,1913,ru,/2MfpYrGz1NW69a78wXacnexWeBa.jpg
1262808,Chewy Thanksgiving,Chewy Thanksgiving,2024,fr,/zlHpjZQmJXzDnvaI0yhBUWvi114.jpg
1263175,Night,Nuit,2024,fr,/lB5P8iyUxT2WA0xXetVaED7f5na.jpg
1263426,Heaven and Earth Are Righteous,天地正气,2024,zh,/kQka8mO1iXnSkTOrf8VDAyFgUhq.jpg
1263600,Samhain,Samhain,2023,en,/sk3XBdYHILwiiYsVypTmkIx55dG.jpg
1263634,Don't Trust the Doll,Don't Trust the Doll,2022,en,/3r6k9H0sfZum1fjTI1DvOolnRrq.jpg
1265218,Easter Bunny From Hell!,Easter Bunny From Hell!,1985,en,/n0VWI1L8q2dOcAeCrhF9W0A2CD0.jpg
1265611,Goedenacht,Goedenacht,2024,fr,/Cd5n87FwfW91x3eijavSX6jTH2.jpg
1265651,Algo en la camara,Algo en la camara,2022,en,/jxu0z8VnZ5s2np4IPw1eEgavy8k.jpg
1265797,Ritual of the Dead,Ritual of the Dead,1937,en,/75ynrvZ6YhmxHdPVZJAvrHpFj2v.jpg
1267079,The Ghost,打雀遇鬼,1940,zh,/mefi6BesPbsZjQ095RTHVCSzehr.jpg
1267153,How to CREATE a FOLDER!!! (Comprehensive Tutorial),How to CREATE a FOLDER!!! (Comprehensive Tutorial),2023,en,/znURDuJSCBMb61L1kpx2DKarKWq.jpg
1267268,Bride Meets Ghost,活无常,1913,zh,/3zHLrS34KXZ8DnFEJEKqe7RNvXN.jpg
1267318,Sawman,Sawman,2018,en,/4YrAUQRSQitDuD4zcZ0GkAiwJrf.jpg
1267448,Kodama,木霊,1998,ja,/wMNg4gFvV7JlFWcrPRJrCV01H2W.jpg
1268401,Psychic Documentary: Forbidden Spectral Manifestation - Do Not Watch!!,心霊ドキュメント 見てはならない禁断霊体現象！！,2009,ja,/3icdggmPM7cNPFDISBF1J995P7k.jpg
1269413,The Cursed Plate: Dish Mansion at Hell's Banchō,魔界番町皿屋敷,1981,ja,/vp1zEZ3nbA6NC9DRiwx11gdqVRb.jpg
1271419,The Jingle Man,The Jingle Man,2020,es,/pZUMGJtnbC8rDBe7mu3nL3UKgn.jpg
1271607,The Sclera,The Sclera,2023,ko,/e93xTEFBnlwX6oBKuAmYZetpcAH.jpg
1272300,Foreclosure 2,Foreclosure 2,2024,en,/4oURJWpf1kJlqNmPHVfOi1vQDIJ.jpg
1272407,Killer sprite mega movie.,Killer sprite mega movie.,2022,en,/ri9aFZjUDXMAkXo6rb5UVRLWHFp.jpg
1272803,Fly Trap,Fly Trap,2024,en,/3Ijy6hSezCyYK9hZjI8eidnOO1p.jpg
1272868,Our House,Our House,2024,en,/mwBQDd28lUEE55ZoZPgwElxKUVY.jpg
1272966,Sneck,Sneck,2021,es,/9HYelQ0MVv0JS1GlgZtmlZ7x6RQ.jpg
1274134,I Live Here Now,I Live Here Now,2026,en,/rzbbtzA50E66aUFNWcLMKFeUMTw.jpg
1275254,Dla otwartych oczu,Dla otwartych oczu,,pl,/pQ0pVnNN8bTDwXGV3VPVxeCdAfW.jpg
1277003,Empath,Empath,2024,en,/5BWK5lpQx3Hrjq5eBeVl8dfMb3R.jpg
1277901,NETIVIM,נתיבים,2023,he,/lnxHdageB3DA3O9qXOfbjp5IiGU.jpg
1278048,NOVO JOGO DO BOLSONARO,NOVO JOGO DO BOLSONARO,2024,pt,/dnvboteu2y4M4aT24sSv9QuQaS7.jpg
1279271,Deathless,Deathless,2018,en,/CBvpeDwhf9YAMnLWr7Lcx5baTH.jpg
1279626,Kumare,Kumare,2018,tl,/5dfHQgBlhgnhGh13zGbOJpFAjBq.jpg
1280081,The Vivisectionist,The Vivisectionist,1915,en,/3rqqTbmlPslJl62fqJRV7Rx8qA2.jpg
1280215,From the River's Depths,From the River's Depths,1915,en,/wYlx7MpxhsMvvf9hC23VmEEKlZk.jpg
1280274,I Am Not Here,I Am Not Here,2024,xx,/2TT9ZH1ZpH7GUkfNF7LvKxQstgR.jpg
1280889,Hollow,Hollow,2014,en,/qeRMFX3LATAHK2jw40dvVjz54gv.jpg
1281250,Inferno Circus,Inferno Circus,2024,hu,/bidWI4vWUHplXGUXKBQ8T77mkqU.jpg
1281266,disComfort,disComfort,2024,xx,/7FzefWzHBZhjF4CzpAfgBRkYHMh.jpg
1281720,The Walls Keep Talking,The Walls Keep Talking,1941,en,/8tgTO6dXRiHrCm3nuXwTQtE4Opp.jpg
1281861,Roadkill,Roadkill,2024,en,/xxOZjfjHMSw1As0bZkTvHMPKXOq.jpg
1281920,Missing Child Videotape,ミッシング・チャイルド・ビデオテープ,2022,ja,/b8T6GdAMfHdFL21O4psium8CIb9.jpg
1282069,The Man From The Sea,The Man From The Sea,2023,en,/7Hu60v52aRGkKZX9UCoCW3yQwuL.jpg
1282296,Insalubre,Insalubre,2024,pt,/unTxwZyOfUU1rnkCQ2G8xcYoPxs.jpg
1282649,Voodoo Massacre,Voodoo Massacre,1997,en,/6Gw7mkrmflqF5JnjtzDriVQjSxL.jpg
1284281,Absence of Mind,Absence of Mind,2010,en,/sUgN52sRN3n59bAilCiAd31EVQ1.jpg
1284304,Alouqa or the Comedy of the Dead,Alouqa ou la comédie des morts,1975,fr,/kyyPEKyucci0db2VQ8y9RG8z2hK.jpg
1284321,The Little Black Bag,The Little Black Bag,1969,en,/2mETNDCp09i0DnUqx49aXTY9xFm.jpg
1285310,One More Pumpkin,원 모어 펌킨,2024,ko,/dejHL178M1ad3kgCAfv24VYyWHt.jpg
1285732,Sayang,Sayang,2022,en,/g972FXLeZlAkDCmO8VAfuMeHtJ3.jpg
1287025,The Last Lonely Man,The Last Lonely Man,1969,en,/hn5V6hvkJZWrZRIzwl17KdEcZ2v.jpg
1287090,Monkey on Their Backs,Monkey on Their Backs,1970,en,/4GPPJubqNhNSPd64SS0Y8DsCGDG.jpg
1287099,Spook House Ride,Spook House Ride,2001,en,/dHtZcXcIg02w4CzWrYOcysnH4us.jpg
1287123,The Haunted Girl,寒月枯灯 寒月枯燈,1975,zh,/r6xQDYCcVWa3uUQkqeDJ53zl5Rq.jpg
1287381,Imperfect,Imperfektum,1941,sv,/y1M9Iskk5aZqW6bEaqWi2bNIjTI.jpg
1287440,They Call It Love,Lo chiammano amore,2014,it,/aANcYr1dHsaDCqYBP87nYLUVpWG.jpg
1287465,Octagon,Octagon,2020,en,/l9GrhHQpdCGxNebQB1MeD3RQmx6.jpg
1288629,The Animals Are Sick With Love,The Animals Are Sick With Love,2023,en,/obYiZYJsw8YlqJbOeALSZ6kKIDE.jpg
1289721,Albularyo,Albularyo,2022,en,/60g2959PphwSrKuHcRN9BDgJYPe.jpg
1289987,Together Forever,Together Forever,2021,en,/yTpTC5mCgDZ9UKk14vDC58ee3xk.jpg
1290310,Cute enough to eat,"Mignonne, à croquer",,fr,/cjKRYIpXj3uElNteGFK9GUpvjvZ.jpg
1290430,Yule Goat,Yule Goat,2024,en,/pKkzi2FhzXg9vxxWp3VJhFQUeTY.jpg
1290458,Penitentiary,Presidio,2024,es,/fqnTQHX19GmVBNGym0khsjDtaEJ.jpg
1290683,Limite valicabile,Limite valicabile,1992,it,/ugj7aInAATmA8qKDrGp63duRuJd.jpg
1291594,Beezel,Beezel,2024,en,/a9gZxhG98LATZJGy1vWssyjVkk.jpg
1291966,Broadcast Prohibited VTR! True Scary Ghost Stories... The Truth That Can't Be Shown on TV,放送禁止VTR！心霊恐怖実話… TVで放送出来ない真実,2009,ja,/hzVB5fXVIxlnpi8m8xgCDLl9CuP.jpg
1292442,Little Sea Death,Little Sea Death,2024,fr,/huxG3OKObx4HBh9xnm4dWH8iroy.jpg
1292645,Kuncen,Kuncen,2025,id,/8XFnCNU1SIa100lI3bM7QDLPTEZ.jpg
1293300,The Wedding Ring,The Wedding Ring,2020,it,/tQZkCxCYTmszSUf87VoYjLuxdbh.jpg
1293317,Creature,Creature,1974,en,/blOjTp6Y2XbaPlWEmvj2Ro1ygXm.jpg
1293320,Into the Depths,Into the Depths,2011,en,/xBMhf3zj5DveBOCXedWiqLjwjIO.jpg
1294687,Love Bites,Love Bites,2024,xx,/zNKPJwBlwMzM74Cx5pI2QfSl0LQ.jpg
1295287,Sun Fizz,Sun Fizz,1998,en,/eMvddYZmhkgn4fd2nlT1BcVkSQq.jpg
1295750,New Thursday Ghost Stories Ghost Club: Seven Wonders of School Edition 3,新・木曜の怪談 怪奇倶楽部-学校の七不思議篇3,1998,ja,/7oYbnF3gJ2wX2ilWGzZZoUS8xzc.jpg
1295758,Thursday Ghost Stories Ghost Club: Seven Wonders of School Edition 1,木曜の怪談 怪奇倶楽部-学校の七不思議篇1,1998,ja,/st0ZvrqwSSC5bhoSIFv8OjF75W9.jpg
1295890,241,241,2023,en,/xk7D8DLPOWGsF0PMp4kbwJlN89R.jpg
1296035,Shadow People,Shadow People,2017,pt,/aZKjsaN0Yjx1THBGvvdicbxPKKT.jpg
1296590,The Second Mexican-American War,The Second Mexican-American War,2024,en,/erJwO16VX6ATE3fHtV0u1cywyKk.jpg
1296798,In The Woods,In The Woods,2022,en,/bbEME79hTOwEmwQ39fGTy0FPfPM.jpg
1298306,Tasmogor,Tasmogor,2024,en,/2jMWnCrhwVstFyF2AO9aFeYWEj3.jpg
1299002,Vad gömmer sig i skuggorna,Vad gömmer sig i skuggorna,2024,sv,/nT1b0aPTwQvgPDSK6L3Ej5PnM79.jpg
1299043,Mirliton,Mirliton,1978,nl,/sO2dVX5YB9eqwgXnaF64pvDZJ2i.jpg
1300054,valo-valo,valo-valo,2024,en,/q2i31IIvXufjU78jGaSFeHAAfiz.jpg
1300267,Trip,Trip,2023,en,/1pGd8rcZ7RWMa3pnvNLGc0r5UBA.jpg
1300785,Anarbala,আনারবালা,1929,hi,/lBWzzBXF4mn8iN99RGIrbSsUMXy.jpg
1300942,solaris bled,solaris bled,2024,en,/fVjWXS0BjulsbQxegDxBRAmC4xN.jpg
1301061,Her Secret Past,人海奇女子,1952,zh,/jLV5pJODkTz5NGqyVZ94x761Yuu.jpg
1301068,Songs in Misty Night,新夜半歌声,1956,zh,/tTaLibtYkqMVQnr8dnXyoAio2Bg.jpg
1301110,Der Schädel der Pharaonentochter,Der Schädel der Pharaonentochter,1920,de,/dRgRtbJbOfZGkRAnD88NjNl7LiM.jpg
1301196,Frankie News 4,Frankie News 4,2023,en,/7vuUll3sPabjFf6xVCnh7qUbfwI.jpg
1301498,4:30,4:30,2024,ru,/hnCmMcPsOApTyX2pY5Q5HHgS3pS.jpg
1302609,Stuffie Day,Stuffie Day,2024,en,/2soP0cuJBfTnsL8gMO4L7imNM5B.jpg
1302691,Adicolor Black,Adicolor Black,2006,en,/zcsWFM1Oidcle2qt2h1OYgxaUbb.jpg
1304559,Columnas de Sangre,Columnas de Sangre,,es,/fd2WeazcjzIwIl0sT29hfd1OhFB.jpg
1304736,Pique Dame,Pique Dame,1918,de,/vrPhJRpVnU96hVVaZxl9jer9dK2.jpg
1304868,The Tragedy of Nine Lives,九命奇冤,1960,cn,/9pkBWhatIOtx3CvuDSG4TBeUjJM.jpg
1305094,STAY,STAY,2024,en,/wFo9rKkqnO4fXT9P3pez4Cva1SO.jpg
1305606,Birdcage,Birdcage,2023,fr,/5x72wDq6ZgyNHdqfhOyTDut5rwx.jpg
1305630,The Land at Night,The Land at Night,2024,xx,/kYxHdvYKodD6f5xf9M0CXzJ13NZ.jpg
1306112,Ruckus at Kwong Cheong Lung,大闹广昌隆,1949,cn,/4KBRIsEN6Q2h3y99C77HOKAfsBf.jpg
1306119,The Terrifying Man-eating Shark Woman,恐怖の人喰い鱶鱶女,1980,ja,/ussTyoF2MZSzpg611tTJKodmrgJ.jpg
1306511,Livin' with Steve,Livin' with Steve,2010,en,/86z3rZ3jcO9paU4I5BVU2LEim8q.jpg
1306693,Verte,Verte ou la Fille du Deuxième Etage,2024,fr,/7ZJ85L0lfyufYFXWVpzSTSxCFjS.jpg
1307267,The Sculptor's Clayground,The Sculptor's Clayground,2016,en,/jlSMkd45exDbu4kXnzrv14pwxHl.jpg
1307747,Capacitors,Capacitors,2024,en,/txjdPGHWSA4rAnUstLsxkPgDrUd.jpg
1308084,Federico Faedo,Federico Faedo,2008,it,/8BG623n6bF1YnBz8yIK60Sb9yed.jpg
1308238,Leave Me Alone,Leave Me Alone,2022,en,/cKOcjTg2LgAkUrVkLTjzNkhHqpb.jpg
1308328,Splitting,Splitting,2023,en,/ayyBveJJn9GdJFntDNr0L8KuWrS.jpg
1308382,Ice Forest,アイスの森／禍話,2022,ja,/af2a25P7yNEXQOH9oHNmFrlZwMy.jpg
1308384,OTHER SIDE,OTHER SIDE,2021,ja,/ykxqrAWV8Jhdrb9AvX45gB7erV3.jpg
1308975,La cama,La cama,1992,es,/lmaO3PNx0z4NUVmWo6l2dGruEBU.jpg
1309467,Deus Ex Machina,Deus Ex Machina,2016,sr,/yeeim9vFLYdrM4QYv4i6E9QGGIz.jpg
1309625,there's a light,there's a light,2024,en,/woeuN8CLcfcTvlO2DLfosZgrJL2.jpg
1309905,la fin,la fin,2021,fr,/o1vQp26OGTcsztU2FrrbZdQL0sW.jpg
1310396,The Reaper's Image,The Reaper's Image,2013,en,/nWfwvryRSo3kdtSkmudyLtF7Dwq.jpg
1310558,PayDay,השותף,2024,he,/t7N26CMuATjHN5VHQ32XjRaOSZt.jpg
1311483,Para lo que me queda en el convento,Para lo que me queda en el convento,2024,es,/6JO581MuOuXot0AzTXGEAPgZUOB.jpg
1312549,Spooky Kitaro,ゲゲゲの鬼太郎,1986,ja,/xI8pPMx2cw41uxKb6aiKLac3900.jpg
1312584,The Man Who Loved Flowers,The Man Who Loved Flowers,2004,en,/u8AtwXflPJ6dKiKNXFb616t8Aca.jpg
1313105,file_not_found,file_not_found,2024,en,/uMgZ6rhobLqE8BPvdNwqMwVwpTd.jpg
1313186,The Asylum,The Asylum,2006,xx,/jfgcq1YBRInou8JayzpbWmUAH2r.jpg
1313326,Satan Kingdom Babylon,Satan Kingdom Babylon,2024,en,/4LsWelGdaR22kWtkpHBnsbgovdu.jpg
1313863,evil WARbie bitch,evil WARbie bitch,2006,en,/qyw5rHr58hfMlddBVz7KQyrywCh.jpg
1315044,Female Zombie,女僵尸,1941,zh,/5JipakAFcr8q11f4F8yoK67vJWr.jpg
1315058,Flying Corpse in the Orchid Boudoir,兰闺飞尸,1937,zh,/fwTvNLJubHu3yKWg0fwLBcqQhn2.jpg
1315445,Painted Skin,画皮,2020,zh,/eIQdvMfydqDnSbLreD4ZAo4z802.jpg
1315466,Night/Time,Night/Time,2026,en,/bXlhBAa0TjEeTHidwKepBVCOtnI.jpg
1316334,Bird Stomach,Bird Stomach,2024,en,/5MDFtkhr1LAdvrk3s2vu7CzvxAj.jpg
1316525,VORE,VORE,2019,de,/hvpLGNet6RPHqyzAO5V314tx6oo.jpg
1316590,"Seducer of the Night: Terror in the summer resort, bloodsucking fangs for blonde beauties","Seducer of the Night: Terror in the summer resort, bloodsucking fangs for blonde beauties",1982,en,/eojZwhaCrhDMoBc9jqHE8Z1BHqd.jpg
1316620,Grudge Girls Academy: Serial Murder of Fear!,怨霊女子学園 恐怖の連続殺人!!,1981,ja,/rZ4aG4A4EWqav9IZYqiz5Jk9M26.jpg
1316641,Kyoto Yokai Map 3: The 800-Year-Old Female College Student Who Lives in Toribenyama,京都妖怪地図3 鳥辺山に棲む八百歳の女子大生,1985,ja,/AwG6tnMPYw1w39yPxxi5MtQrUfZ.jpg
1317033,Dead Fish,Dead Fish,2024,en,/aqDOOYvbtfa05PyZ2yLUP9Eft0X.jpg
1317072,O statečné Kačence aneb krčma hrůzy,O statečné Kačence aneb krčma hrůzy,1972,cs,/21UkM6iuPwpGv5PBRWOpaljcjdq.jpg
1317084,The Rick Sloane Fake Trailers,The Rick Sloane Fake Trailers,1981,en,/k5eoO35Q0bt9GknWzZ36Pj0M360.jpg
1317282,The Girl from the Darkness,闇から来た少女,1993,ja,/mBxbDlGhVVWuOf2eOyP56cMKlog.jpg
1317336,FOUR CIGARS UP THE ASS | Vora's cut,CUATRO CIGARROS POR EL CULO | Vora's cut,,es,/uQwqxCMpG7mlp8AJQ8YQvQaIIEs.jpg
1317480,毛骨悚然撞鬼经 2010夏季特别篇,毛骨悚然撞鬼经 2010夏季特别篇,2010,zh,/b6T1bv63FhqZgJE2Y6nrO8tLQAu.jpg
1317890,lovespells: Dark Rider,lovespells: Dark Rider,2018,en,/oxWeW8ipLlDdgxvsbatV64ZDkfS.jpg
1318004,4th Hole Hurricane,4th Hole Hurricane,2024,en,/hDTLQ62VWf3F3B7bMSQkb6lodV8.jpg
1318016,Pokerspace,Pokerspace,2022,en,/7ihrnhAUDrKgWmKLyzuzvqG1aqI.jpg
1318113,The House of Evil: Dangerous Temptation,悪霊の住む家 危険な誘惑,1980,ja,/nBcP9ZD8Oro3ZBG00nIObn5972Q.jpg
1318153,Corpse of your Choice,お望み通りの死体,1987,ja,/5BWccMQniPamOp4ljQCaBQcHh5U.jpg
1319040,Cease to Exist,Cease to Exist,2024,en,/eWsWreTrkdNZU3Bp8ybjhH9MIK8.jpg
1319093,Bandage Anatomy Woman,包帯解剖女,1995,ja,/b1wn17cVlLRVSmUwg6XSAINluNr.jpg
1319195,Luminous Insect,夜光蟲,1999,ja,/86B8YQO3BZLrJ5C0FG84lfAD3SP.jpg
1319818,Afternoon of the Evil Spirits,悪霊の午後,1983,ja,/4RG3KYEEQmTrCXAIWYgJfWrmsEr.jpg
1320091,carton ???,carton ???,2024,fr,/hDtkeethR6orNYDCrKjUHzSgLXV.jpg
1320176,Leurre,Leurre,2014,fr,/omCfMgWsLn81G7yFFvyeDQsBeH4.jpg
1320348,MOUTHFUL HOMERUN MILL,MOUTHFUL HOMERUN MILL,2020,en,/499qveMAEstnRyKVD0Hx0uIAoPn.jpg
1320527,The Monster,The Monster,2024,en,/xzyJ9Jsh9x5l9RcSf36F1VTh3tM.jpg
1320762,SNOT,SNOT,2024,en,/mfBiisMec7fcjwOxn2Vj6NQlO2.jpg
1320806,Travesaño Toxico,Travesaño Toxico,2024,es,/iDQhgQFTOq2pN5tx0Jh23a0UOKc.jpg
1321044,The Black Cat Mansion of Hatred,怨みの黒猫屋敷,1984,ja,/3gs9YJ3lKIZq15rEHuySIdnFlMd.jpg
1321049,The Cursed Bride,呪われた花嫁,,ja,/qJcbzRoEK6gmkDcOftb3ohs0kUQ.jpg
1321057,The Woman Who Calls for Corpses,死骸 を呼ぶ女,1973,ja,/cFXnxLBKWSYs6RBSv3t319vrrTz.jpg
1321069,Vampire Scream,吸血鬼の絶叫,1973,ja,/nGfk2vs0tTYXoSZNesq02RAAc6z.jpg
1321070,Cursed Hand from the Graveyard,墓場から呪いの手,1973,ja,/lCveZpQxFnfsGWodd94danCeY6B.jpg
1321163,Scopaesthesia,Escopaestesia,,es,/nqrhjxDfksN2eHJGyEJdxfxW5XW.jpg
1321187,Lóbrego Porvenir,Lóbrego Porvenir,,es,/9KzvCfcmrO1Pj9X5IySPtGQ6Wiz.jpg
1321209,The Visitor of the Night,El visitante de la noche,1985,es,/32SFDKldJacazwyz8CMN2Y9Sdha.jpg
1321224,Keiron: The First Voyager,Keiron: The First Voyager,1985,en,/8N0tz4At8jYAWXLrSaTOwlqqMyy.jpg
1321236,Chain Letter,Chain Letter,1989,en,/9XuEJKpsqXtp7wwo4A2o8WobTYe.jpg
1321789,Bakuro,爆狼,1985,ja,/tRf2FZUtcogIQc55yxudZlb4A8P.jpg
1321870,FAM-ILLI,FAM-ILLI,2025,en,/t34HggiyhKGDzcav7slMggu9FdZ.jpg
1322696,2 Girls 1 Gut,2 Girls 1 Gut,2024,en,/35c3mEgZm19ozyIPPHMErYDPGu7.jpg
1324082,Escape,Escape,2017,en,/5NlOcGMf977QONzdeg7JMtOxWys.jpg
1324108,Broken Dream,Broken Dream,2012,en,/tg3sJS5XxcvRV4LD3hwDlApgT3k.jpg
1324219,Elephuck,Elephuck,2016,en,/yPV3x5xCUx37hWVjoG6FmT49T7i.jpg
1324236,Braxton,Braxton,2024,en,/dgELUCxxU4ojRsfJ6HpMqHMgvrS.jpg
1324818,Dracula,Dracula,1956,en,/wWtMIG5yZfa4jLmeOqcl0MTbtaV.jpg
1325772,The Voices In FAO's Head,The Voices In FAO's Head,2024,en,/sIP3FKhD0aK6wfvoJ8nbl3OZhrv.jpg
1326334,The Phantom Doublot,The Phantom Doublot,1935,ja,/d9ZW9mYJCtnOJ9xhrMHMw3crvIs.jpg
1327426,CAT,CAT,2024,en,/6UDDfDEfxL6ERJ9M4dXyBMosYoi.jpg
1328157,Acid Corpse,Acid Corpse,2023,en,/oSYdkU0vlhejZxsS3qOBadFzuOd.jpg
1328527,Welcome To My Vibe,Welcome To My Vibe,2021,en,/eiIulawQNZ4G7gvScFokpcYpLlH.jpg
1329017,Bill,Bill,2024,en,/c5GH4CkKJy0ybCo8xYShMNPchAa.jpg
1330099,"God, Save This Women","God, Save This Women",2024,en,/l95X4aC6s3TFmS8HRG1GIqU7ebU.jpg
1330573,Pagoda of Peril!,Pagoda of Peril!,2018,en,/8s8bo6XgOS53XbIsZYqvI7yGuPT.jpg
1331460,The Witch Mark (Short ),The Witch Mark,2024,en,/iUs3zJdUuF13E8kBKGR1jjYkEoD.jpg
1333104,Snake Bite,Snake Bite,2018,en,/uiIPxuXkuF8QPb6sHpWRjGbdRqC.jpg
1334664,Phenomenon,ปรากฏกาย,2023,th,/D8euZOwFhpEIyHZnPIlQMQTTVf.jpg
1338346,Zanni,Zanni,2026,en,/gEf3185H3isAeAzpvRd1XGTTa1q.jpg
1338366,Morning Deliveries (Milkman #1),Morning Deliveries (Milkman #1),2023,en,/yZBSbzYykYV7aZhCkMaYkIHdTWU.jpg
1339296,The Hermit,Eremiten,2024,sv,/jvincU6PTMzLMZPg2zGZtGvxbKq.jpg
1339336,A Night in a Sanitarium,A Night in a Sanitarium,1973,en,/eaSY71gs0O65u8rSx1bE1nir4Yv.jpg
1339480,Popsy,Popsy,2016,en,/5Vtuurp5iZDHvIbWB0nAahHhhpM.jpg
1339508,Trilby,Trilby,1908,da,/2r3h0PijKpilyU6UvbBuoxfPnxw.jpg
1340233,Tent Burner,Tent Burner,2024,en,/emclGoPE3bXLY0B5NW0dNBaVlLE.jpg
1341041,A Haunted Romance,再世風流劫,1985,cn,/2TqIVoUH71ZwZBFtvG6Y8P2YY8l.jpg
1341178,The Spiritist Faustinus,Faustinus,1906,da,/s9wGIxXV3dK1d7RYz2jpkaOQ0BH.jpg
1341396,Cuticule,Cuticule,2019,xx,/nqckoQrPiDVcpNcizaFGoMFByvS.jpg
1341570,In the Beginning of Time...,Priča s početka vremena,2012,hr,/tjGP6RXfhDQVVRCe30Y9T2XiUTY.jpg
1341660,A Terrible Revenge,Страшная месть,1913,ru,/uAo7M3o4YvAki1W3fNAKLQE2c5W.jpg
1346557,What do you see?.mp4,What do you see?.mp4,2024,en,/hm6halEjOPZusbLNm4zpakZYjoy.jpg
1351825,Immediate Possession,Immediate Possession,1931,en,/55MtlX4vVH92p98OIRkPpeJjr07.jpg
1351919,Grandma,Grandma,2022,ta,/t8EKx0FqBTEaOcPWyw1OXUxId2i.jpg
1352257,Girls Night - Anthology,Girls Night - Anthology,2018,fr,/m0wicrYLmc6ej8ZOyAddoVFkg3A.jpg
1352962,Kalinga,కళింగ,2024,te,/y62MzCi3Auwb1T4aGDPNE2gLyIE.jpg
1353235,It Shivers,It Shivers,2024,en,/hNkq4exGhOhvnteiSPoFlvgki27.jpg
1354878,Illuminati Castrati,Illuminati Castrati,2024,en,/mJq53N4VtExZ72AaU6sReTrdysb.jpg
1355282,Ade Raaga Ade Haadu,Ade Raaga Ade Haadu,1989,kn,/ehEBw0Rn6U9EyYonfi7nWiE32Wn.jpg
1355307,Flush,Flush,2024,fr,/5bisk2HaOKHDLgTeteZW6Ktws0p.jpg
1356334,No Use Crying,No Use Crying,2024,en,/kCgmecQegaaJxMg5m8fOl0Qv7e3.jpg
1356347,Pontianak,Pontianak,2018,en,/zHzJ2mYfrojD7IkwZubkjggCcoy.jpg
1356353,Killuminati,Killuminati,2018,en,/9K821PuGdCY3aBQweaVXsRQSLnd.jpg
1358137,Night Shift,Night Shift,2024,en,/w6UkyRBFCpuQ2ADeK8D3c9B7YFe.jpg
1358152,Bad Frequencies,Bad Frequencies,2024,en,/fIWIAfk2RUtg0A2jajfKHwdFLYw.jpg
1358668,Dance Macabre,Dance Macabre,1982,en,/2nmJHkjwfxEfrFKTVbCF358jzZ4.jpg
1359373,7 Minutes In Heaven,7 Minutes In Heaven,2011,en,/rqSYSKFJ6YDg9LEUnrfccaho0nN.jpg
1359914,Japanese Spirit Photography Videos,Japanese Spirit Photography Videos,2008,ja,/6NYCAdD8HIlFtzWjVel5G3jYGvF.jpg
1361007,The Cabal of Hell,Кабала ада,1986,ru,/rs89arojkZAqhQm3In87PeF4VuW.jpg
1361326,Miasmata,Miasmata,2025,pt,/xNz3Dum4WjxRVrOGYKUh0XAQvqI.jpg
1361397,Milk Baby,Milk Baby,2025,en,/jMDSTuZxsJ0CDKfYoGXshlpnNxo.jpg
1361515,Habitus Fragments,Habitus Fragments,2024,en,/7Rv62eRl2xPTSxoqc5Gd4yZYsPn.jpg
1362905,Stiletto,Stiletto,2024,en,/M4RpdigGLqyruZZwrW6tWi8lPI.jpg
1363027,A Mother's Love,A Mother's Love,2025,en,/vazxT531r1dU8YHd7k3Ht9We4Er.jpg
1363600,O Assassino,O Assassino,2019,pt,/vKHAVpNJG8q1s1Hl5ATopGp46eV.jpg
1363688,Lucid dream,Lucid dream,2023,en,/4dex7batkH6cCT6llP6VxvRS3Vi.jpg
1364407,Lego Killer Pigs,Lego Killer Pigs,2024,en,/phyJ4YahkGvxNevLaCkqtH4rm92.jpg
1365594,"Whenever I Died I Died 1,000 Times","Whenever I Died I Died 1,000 Times",2024,en,/7VHwLGGD79WMua2TDyRqliyHHI9.jpg
1365751,Aliens vs Chainsaw Killer,Aliens vs Chainsaw Killer,2024,en,/9mKOmHSvnvrTnjLzbLP4FWfHDtN.jpg
1365835,A Nightmare on Elm Street 3: The Fan Film Recreation,A Nightmare on Elm Street 3: The Fan Film Recreation,1989,en,/3WhbdXan0tVmqzSNoFK2LlgRUek.jpg
1365853,Vampiros de Fontibón,Vampiros de Fontibón,2021,es,/jD71wzTf1A6rcf611LqbcMi4Cmg.jpg
1366342,The Scream,The Scream,2022,en,/xtKvFGBcZeDlkPzr00u0GIXlidR.jpg
1366746,Scarecrow,Scarecrow,2020,en,/5iTZdrScXCxywG1HwqujRggwOXW.jpg
1367277,Alien IV?,Alien IV?,1994,en,/1TkOYdGc6opC6w3yJgW923krxso.jpg
1368231,Traces of Snuff Mixtape Volume 2,Traces of Snuff Mixtape Volume 2,2024,xx,/2W8z0HpOJ4rDPUecGZkzwrFrHQ3.jpg
1368769,Honeymoon,Honeymoon,1997,en,/qpRGqIXbktKgJ4c67KHOqcSkWJL.jpg
1368953,Incident in a Glass Blower's Shop,Incident in a Glass Blower's Shop,1969,en,/790DVIZUOUNojWOoX0B8BGpmVLf.jpg
1369828,Mother,Mother,2016,en,/u1AeT5lvfs9viCjgPBAmChhce70.jpg
1370491,Scream,Scream,2023,es,/f5PUFwbrbZPFRCnxW4L9CNQEaAF.jpg
1371770,ALL YOUR DREAMS,ALL YOUR DREAMS,2024,en,/hUNkX2AGGtCCyv3bosuqi7l2nyL.jpg
1371850,Rock Springs,Rock Springs,2026,en,/dMyhb4TMCCKB4sqKWwogL35YhBv.jpg
1372620,The Isle of the banished,The Isle of the banished,2024,en,/r2NnCSPxsXLiLdLncpMALVBPQzN.jpg
1372634,Every Halloween,Every Halloween,2023,xx,/nJp9NchW08xjM9LmZ5twBk8XHX4.jpg
1372678,Anna,Anna,2024,en,/xiVy3RDs9oSIjkQVEt5M099NQ40.jpg
1372692,The Rash Moon,The Rash Moon,2022,en,/2OwQbE46VL5iVdoD8r9e067wyYZ.jpg
1372908,9 Ways to Cheat in Chess,9 Ways to Cheat in Chess,2024,en,/8trLasd8M6RK7P9Q3NPoNSd94jv.jpg
1373004,Sever,Sever,2024,en,/qg0sFldtHwwraOtMu2Yd3TdVgBi.jpg
1373173,Cold Hands,Cold Hands,1991,en,/eUxDzC7VH4YICHRntExX7ZxZg41.jpg
1373402,Silence Unseen,Silence Unseen,2023,en,/xNFWhBFHB5fqUPSTgzcsLx6M3mw.jpg
1373749,Intense Moment,步步驚魂,1961,cn,/n6rWxPm2yZil4cGHq6HoBxlGGbU.jpg
1373849,Toxic Mango,Toxic Mango,2007,en,/eSEHDndTsUCMyt4J4piBrWBUs5p.jpg
1374642,The Milkman,The Milkman,2023,en,/rAwS93k37oDM8cD2oQN74nXBESS.jpg
1375238,Alvin and the Killmunks,Alvin and the Killmunks,2017,en,/feKBTb5JcEXpb4MzwbtwyoMMhou.jpg
1375389,Spider Woman,蜘蛛女,1980,zh,/24xfHuxaZzXw2HIoEkJ05YiFIlF.jpg
1376048,Skeleton In The Closet,Skeleton In The Closet,1937,en,/oNbDJIY68q9s8OmBhwilpb9B7K6.jpg
1376404,Tret,Tret,2024,en,/anAjUlJozZbPYHZr8z4BfSwMps.jpg
1376445,6ix,6ix,1999,en,/rOUxbGtbFJpz7AmDASLReSLqXNp.jpg
1376681,Killing Time,킬링타임,2026,ko,/5KOOKKdyheNxkK1FALVrXsB93Uy.jpg
1377314,Radha and Maeve Become Vampires,Radha and Maeve Become Vampires,2024,en,/r5zgVEFB7BhDSnYDtrZPsYAitlU.jpg
1377383,The Cartoonist,マンガカ,2024,fr,/64Wxzj5y1HHK4Gf4juDMykEqD9C.jpg
1377690,Headless Island,首無し島,1978,ja,/4tI4M6qwqEljvN6sNYLJ7AzAJY6.jpg
1377705,White-haired Demon,白髪鬼,1978,ja,/v0v8w4e0O01P8CbsL9tTsXCPSRG.jpg
1377755,Settler,Settler,2024,en,/rQjPazxL4mVNdIpdcEbvR92eL3v.jpg
1378417,Butch,Butch,2023,en,/6862D2xWgRphGSLCdkzBc35Baw0.jpg
1379557,Spidal,Spidal,2024,en,/9b5PxWVZKo6anGC3yHkHJiOKTgz.jpg
1379699,Of Cat and Creature,Of Cat and Creature,2015,en,/8iHu3irx1KcxefTmcPGU1AFwu9Z.jpg
1379701,King Kong vs. Prometheus,King Kong vs. Prometheus,2015,en,/A0cwpNbwFFX9gXbEhZ5LdxBbRfO.jpg
1379708,The Tree That Refused To Fall,The Tree That Refused To Fall,2016,en,/zMzzAYSerpQ506UlfiegRfRABWT.jpg
1379716,Something Inside,Something Inside,2016,en,/ijQ7vzkxJcomH5wOLk6skntk0mB.jpg
1379731,Terrifying Lizards,Terrifying Lizards,2017,en,/nxQdvlROy8X7RX949lBLFTLmWex.jpg
1379737,IT Came From the Pet Shop,IT Came From the Pet Shop,2018,en,/tHO7E4nMVwI4Am2FLLBNFqa9TNa.jpg
1379745,Party of the Pumpkin People,Party of the Pumpkin People,2023,en,/zcNFO4eEqnlHbjAjHiDwtT9IahR.jpg
1380165,The Great Tokyo Yotsuya Ghost Story,大東京四谷怪談,1978,ja,/fg2vXBWLApEa5B4YIdXYEhZO7lX.jpg
1380585,Zombie Hands,Zombie Hands,2012,en,/eXGMAk4dpqlwGuSPAnYOyfusf0B.jpg
1381143,Asylum in The Garden,Asylum in The Garden,2023,en,/uKksHK5m5gX8PgYNoLZxnGfs2BO.jpg
1381901,Sisypot,Sisypot,1988,xx,/NjQWlM0IiXhgx0ZZk0yT3XMehq.jpg
1382321,Rostro Rojo,Rostro Rojo,2024,en,/8Qgto4Pmp6uR5UVkVCHJR5mraOQ.jpg
1382556,snow monster,雪魔女,2001,zh,/kZs2PkgMcXaaH1PP4L4t9z9ii9R.jpg
1382950,Maha Munjya,महा मुंज्या,2027,hi,/oT8gql42lcUb0WMLTvuh0SJiC18.jpg
1383197,Dimples,Dimples,2024,en,/cOAIdjZDGmXmZFVakCkNUfgmGT1.jpg
1383207,Monster Eyes,Monster Eyes,2024,en,/pmIZV0o9HKMORJUZTJjESVYWN04.jpg
1383323,Gennaro,Gennaro,2024,pt,/3DFk8O6xJDOY9f4aCfh1nskzepS.jpg
1383404,O Gato Preto,O Gato Preto,2009,pt,/7uLvQZuKT41SJVwQuAvxDXvlLuf.jpg
1383676,Springheel Jack,Springheel Jack,1997,en,/7CVseVMoGvSpuUNMfNTErkB4NuK.jpg
1385721,Belloe,Belloe,2024,en,/hNDDaIalOycRfMmGkLKgi1dwtMM.jpg
1385756,Despot,Despot,2021,en,/fap49mSXVoR6921BF4u9ugIq46d.jpg
1387485,Hell Is Other People,他人は地獄だ,2024,ja,/14Ue8mO0XnSZQg9TpJpoCPzS0zF.jpg
1387560,Room,Комната,1992,ru,/lXFD2pwEG0hynPrsvS6Z2ZoEU5H.jpg
1388434,The Day the World Went Away,A Morte Devorou o Tempo,2024,pt,/qYi7X9n0R4V8bNHfE7E5D9Fc2Xr.jpg
1388513,Crimes Against Pussycat,Crimes Against Pussycat,1989,en,/jze0qeJQmUNJrCrQ4n0Buu0ME2e.jpg
1389239,Dipolo Fase II,Dipolo Fase II,2024,es,/1kmSE02npoEAporr5ZHiA1bgMn8.jpg
1389323,Through Stale Air and Shifting Walls,Through Stale Air and Shifting Walls,2025,en,/xMtFRCMfyJnTxfxoqmL5FQRj21f.jpg
1389968,FIA,FIA,2024,xx,/yMvNfLM4mvrS0lI78oLPtqCNGPK.jpg
1390069,Deathfarm,Dødegården,2024,nb,/p3PFdSfcF7ZezOxOZAFe4hrx5Wo.jpg
1390168,Red Rocks,Red Rocks,2024,en,/tlCHOEU6VFVqDMGTpQCPAIO7uVE.jpg
1390497,Toward a Course Bend All,Toward a Course Bend All,2025,en,/nUMt1JWujonzJhHzHtjrtT7WGlR.jpg
1391118,Trauma,Trauma,2001,en,/dzv5AHG8SKV1yvqjWwz0w5I1zyK.jpg
1393564,Zombies of Oz: Tin,Zombies of Oz: Tin,2012,en,/bhQZc5YrSTVXiLEp2bett28MSUI.jpg
1393569,Zombies of Oz: No Place Like Home,Zombies of Oz: No Place Like Home,2014,en,/cjB6hKOXO8ZyXRdwt9bDrZZaUQD.jpg
1393570,Zombies of Oz: Yellow Brick Road,Zombies of Oz: Yellow Brick Road,2012,en,/pZhAlPyxgZw91Zgaygl7P097zLO.jpg
1393895,O Plantador,O Plantador,2017,pt,/4kTFVC92XfwzqawOILemEtgJ2QE.jpg
1393905,Reflexo,Reflexo,2017,pt,/bmKjlDd2SiipZlXvLcuUbQeKmUs.jpg
1394239,Family Secrets,Porodične tajne,2024,sr,/a9bBkLr0LQsumK3hu0007Yri3ig.jpg
1394336,Nightgaunts,Nightgaunts,2011,en,/3y4fpzrm254kE0SlcSMzYMSGstz.jpg
1395031,Diagnose,Diagnose,2018,pt,/s7r0pRGD82SSUIdDaxiXehtapPL.jpg
1395037,She’s Waiting,She’s Waiting,2018,pt,/e5uk8WmZ3DWT2HaFwChVSTFlIvE.jpg
1395083,Acid,Ácido,2024,es,/pvtF3RGqQ1QQfgCc121OKIu6eN7.jpg
1395464,Suspicious Night,Suspicious Night,2022,en,/dz9n0Qg6q98xmXgQ2z8u3Dgxfjp.jpg
1395614,Marfim,Marfim,,pt,/4aUnWsGsTahr6ARRNIz5IZaqegn.jpg
1395668,Loons,Loons,2016,en,/ekyFkhySXhgYkrHEDm5X7gnXjXH.jpg
1395945,Sandman,Sandman,1994,xx,/xCP8z0vlK6su4SolBuIME9okBZe.jpg
1396391,FATHER ( THE NIGHT HAS COME ),FATHER ( THE NIGHT HAS COME ),2024,xx,/yvaHADxIuXXQqG4e3LbGu14kRHN.jpg
1396619,The Sidney Barber Tapes,The Sidney Barber Tapes,2023,en,/6aOzmo2rdpUSbsimaHAGeH2zNYz.jpg
1397155,Preparation and Sacrifice,Preparation and Sacrifice,2024,en,/5SVIFSWlFQ1Wog2vZPoalG1Pss9.jpg
1397589,Palindrome,Palindrome,2025,en,/4Q436ws2ImTceSxgQvy8jRwVBqU.jpg
1398014,Prakambanam,പ്രകമ്പനം,2026,ml,/bExPPwAamQzVLtBnwEutiJ53jDZ.jpg
1398734,El otro lado,El otro lado,2024,es,/5GzqvKdqU1kQTtVyIQJ6msGtsY6.jpg
1398742,El despojo,El despojo,2024,es,/m0ENFPuTKzQOaIW6GH7AvkLHfVu.jpg
1399316,Blind Eye,Blind Eye,2024,en,/3qYv6nqBWtIRYlC3J886ugXnofw.jpg
1400029,The Briefcase,The Briefcase,2024,en,/8vxG2617t3AvOpibImXu86QXhf2.jpg
1401376,Deadly Domicile,Deadly Domicile,2024,en,/fpNF7QmKDaDx3bgRqaIT2fHXIuN.jpg
1401722,Porcelain,Porcelain,2012,en,/ivprC4rMQlORE2OH3RnAqBEXF5V.jpg
1408815,The Buffet is Open,The Buffet is Open,2013,en,/kMESotNRRtptXuci8fhMK3s87hU.jpg
1410067,Stella,Stella,2006,en,/gHf76s0UP8HyujsjIyoPgvAjK9K.jpg
1410549,Revenant Princess,원령 공주,2024,ko,/zBO9Le0BN6QDmQJd84wGLuArp4A.jpg
1411152,The Hamleigh Disappearances,The Hamleigh Disappearances,2015,en,/4ni4T5McMw5dsxxIweYQpr3bnLt.jpg
1411165,The Secret of Fowst,The Secret of Fowst,2015,en,/63rQFl7hPea1gIYVYyzycYPlsKq.jpg
1411588,Fear Itself,Fear Itself,2017,en,/a4J2hRKwytoJLGWG9xyvRadkErt.jpg
1411606,The Betrayal of Fowst,The Betrayal of Fowst,2018,en,/9mx2sd8mdbFX1XH2LJAzQmOZKPF.jpg
1411616,Acolyte,Acolyte,2018,en,/8TxI17taKMRWCp8bZdxPQ1mC7MH.jpg
1414506,IceBNB,ICEBNB,2024,eu,/6o9wNXBvlwo5bQfnYINFcIkQfEm.jpg
1414507,Chuva,Chuva,,pt,/L1M6aEr4Di9z7bgVcZMkwRHb06.jpg
1414671,The Werewolf of Chatsford,The Werewolf of Chatsford,2018,en,/91Na1u5RkmzbxabM4AZkGTztvMl.jpg
1414677,The Third Eye of Simon Harker,The Third Eye of Simon Harker,2018,en,/2tH5G2EQTz7lnMidYQ8jyEuXwVM.jpg
1415513,bourreau de travail,bourreau de travail,2024,en,/zLSt36vtsCUeZJmfDmA0EpGseJd.jpg
1415656,In Spectantis Oculo,In Spectantis Oculo,2024,de,/A1pFYDZtR1bUAY2obMIt2OqCIek.jpg
1416036,Spillover,Spillover,2024,en,/oFXkAKwaooNLdcPeiX8r79k5H47.jpg
1416196,SOUP!,SOUP!,2025,en,/d1EdVDIrkgxQZYqFTf5t5O8LsOy.jpg
1417270,M is for Magnetic Tape,M is for Magnetic Tape,2013,en,/12KlsBGJR68zVnleRsnihDUttv.jpg
1417605,DOGTOOTH,DOGTOOTH,2024,en,/4Bzizu1xcm3aB993K6hPKa60LGK.jpg
1418444,VIDEO PAL,VIDEO PAL,2024,en,/9R5gRqDNq9TZuuVORbSzC2TMLC9.jpg
1419440,Hunger,Hunger,2025,en,/pPRmDS9St2o2Jvn6EfL4sDwLhJq.jpg
1420249,La disparition du JAP,La disparition du JAP,2024,fr,/r9LiggSCUbQmIWW3uG9F7h42rxv.jpg
1421764,Katsue-san Appears in Tokyo,かつ江さん東京に現る。,2024,ja,/bNRrKJFxQEvJO66iR3etLnK4bMs.jpg
1422521,If You Hear That Sound,その音がきこえたら,2021,ja,/eY5Xrz7ZOPulrhhcLGjbWCtEeHJ.jpg
1422592,Burden,Burden,2024,en,/wn44lUh3oIQRvLODcocaGvQwjCu.jpg
1422975,I Hate School,学校が嫌いだ,2023,ja,/lI3dvu7yhP9w92MQvNN2V03faGh.jpg
1424738,Refraction,Refraction,2025,en,/loQ9UkhZpcxaU7znz4UFrL5DqIm.jpg
1424826,Tokyo Evil Hotel,変なラブホ,2025,ja,/lsxCvprjqONkqNPIINagHjSumNo.jpg
1426110,PRESENCE,PRESENCE,2024,en,/3L8TIJM99sMfm8c6URnXOdrT1OX.jpg
1427968,Meurtre du tableau,Meurtre du tableau,2025,en,/fnPjkGSoG0YfB2xJRz6pDLKMMSX.jpg
1428003,Firstborn complex,Primogenito complesso,2007,en,/9Eo7esLiOXI8VGZFf6D8MAvnTFM.jpg
1428948,Doom Boogie,Doom Boogie,2025,en,/zCM4ZJRa3ohroKRD5466EphcFka.jpg
1430915,QIJE,QIJE,2025,fr,/i1ikjiEwK99KmekqHOUPhpamvAH.jpg
1431559,Melody's Parade,Melody's Parade,2025,en,/A6j9s8qJPD0HFK3m9E7bl7Nx1Lx.jpg
1432204,BLOODNIGHT STAINS,BLOODNIGHT STAINS,2025,en,/coz06w5lA6cjR637HibmAYnz3Vn.jpg
1432516,"Goke, Slime and Ooze",ゴケミドロドロ,2004,ja,/cJ5GHwhsbys9c7wXBQvw2QQTQCX.jpg
1432538,DON'T TELL HIM,NO LE DIGAS,2025,en,/BlSvBQ0Ma5Hw4Zre6WYojBpznt.jpg
1433461,The Perry Subplot,La Subtrama de Perry,2024,es,/4pncT8ZRHF5fYg3dum0zD4D0HcB.jpg
1433466,The Stolen Moon,The Stolen Moon,2023,en,/nHYcVLGmC4J2Gk7MMaTAgf36mpK.jpg
1433723,Slag Heap Volume I,Slag Heap Volume I,2025,en,/94PoinU3O3XfOEpsvHNyJj9wHFF.jpg
1433843,Sodom-Akne,Sodom-Akne,1993,en,/11mVlreeHEX2qDO4v97JO1YAwSN.jpg
1433882,"Mira tu juego, chica","Mira tu juego, chica",2025,es,/9NfSuoaTEOP3lbO92FJTL0tFtOG.jpg
1434208,Taurus Test Footage,Taurus Test Footage,1965,en,/whkhXUFzRldt0rTy5Do0Ub9MHpo.jpg
1434418,Graveyard Shift,Graveyard Shift,1980,en,/dUcyxeVSyvSfxes8WRCDQyYgEI7.jpg
1435183,The Picture in the House,The Picture in the House,2007,ja,/8NSFamOfiYGuJZnDENxlMLaBRUm.jpg
1435731,Gothica,Gothica,2013,en,/uSdc21Co76OpHRa5hvFLa2UbQJ9.jpg
1436013,Campus Manchado de Sangue,Campus Manchado de Sangue,2022,pt,/nYA7OnXuBq7fAcSBrDAxTEApv00.jpg
1436194,Runaway Valley,Runaway Valley,2025,en,/zl96Y8arbAytJyu9YIw2oCqOykJ.jpg
1436243,Spookslayers,Spookslayers,2013,en,/gQUAUPsEa20Nm4muI5PZ06shx1C.jpg
1436569,Corpo Vil,Corpo Vil,2025,pt,/cG63szFYFITIAqafua2H5dRn5fX.jpg
1436678,Dinosaur Farm,Dinosaur Farm,2025,en,/2CmPxYdNRj811uuQUUYrNarWvM3.jpg
1438780,Bosnian War Movie,Bosnian War Movie,2025,bs,/u4JINCLbSaWDvuYsoSA2EPOXYOO.jpg
1439425,Beso nocturno,Beso nocturno,2002,es,/y8Fl29SpHkjvYg52OTuE4blRQmW.jpg
1440321,"É isso aí, meus amigos","É isso aí, meus amigos",2025,pt,/yTsdecdOKlE4lTJOKneBq6CQfBE.jpg
1440790,La Maschera,La Maschera,2023,it,/zkzPo1eQNqyqbJoemaSSp3bWCwl.jpg
1441305,FASCISM(s): A Film in Six Parts,FASCISMO(s): Um Filme em Seis Partes,2025,en,/5cFJwPTtL1t4kQwYEMdVQV7f6RH.jpg
1441945,Horror Friends,Horror Friends,2004,en,/tUawGGdJexyItJcmw6lkEJFeXq8.jpg
1443084,MORTIS,MORTIS,2025,en,/kcTROq1tv3h4xke3KldYBZUuaax.jpg
1443311,No Country For Old Trudy,No Country For Old Trudy,2024,en,/yvgNm7Q0M6rqk3ClO6H5MnwhtOx.jpg
1444302,Podres Alegorias,Podres Alegorias,2025,pt,/6IszspLPL12Wr7e9xoOtw0rsaUq.jpg
1445218,The Couple Upstairs,The Couple Upstairs,2025,en,/sW4edZkrOZ1Vj4z2crnYXRUmWeh.jpg
1445379,Corpse No. 1346,Труп №1346,1912,xx,/rXoerszWQvYiDPXYOVD7vd2yOsm.jpg
1449064,Fishes,Fishes,2025,en,/aVSOsvYLoPu3g5gZ9DiUzgzkUaN.jpg
1450635,Sumptuous Summer 2019,Raskošno ljeto 2019,2021,bs,/vSDNWwmSQgAZ8b0ESDoEIAvfOn4.jpg
1451499,Bad Jew,Bad Jew,2014,en,/gTp0eaB5V7TZXMZQEiA6yVnZoWs.jpg
1452081,Exorcism Pre-Event,祓除 事前番組,,ja,/j8EGm0lrseJDZTooqAfjnGeCMEp.jpg
1452443,Kaiki Hyakumonogatari: Minna Shineba Iinda,怪奇百物語 みんな死ねばいいんだ,2000,ja,/llMhgk7gDVoK8BfLt65uUM5UEnh.jpg
1453271,Sight Gag,Sight Gag,2025,en,/dSvXf3JdJMr4SqQoCmauHJzTbGu.jpg
1453411,Les pas perdus,Les pas perdus,2025,fr,/cKJB7n2qyXbO6xbEloOuqp0R0pc.jpg
1454100,Paying Guest,Paying Guest,2020,ur,/jy0hxMBJJ92RsYmGD13qY0S4oRr.jpg
1456370,Ray Rabenstein lore video,Ray Rabenstein lore video,2025,en,/flYy4uz9t9JztjDx3fEzWmMzB8v.jpg
1456954,Behind The Screen,Behind The Screen,2025,fr,/pap9Q63kyjpgJY60mw0bT3QjlRi.jpg
1457403,Toucan,Toucan,2025,en,/koN06MKF37LUCkxkD7Vtken6JCT.jpg
1457719,Winter of the Century,Winter of the Century,2025,en,/uXiUJ9q269o1ruLFmDQnNOp76uO.jpg
1457768,The Classroom Massacre,The Classroom Massacre,2024,en,/cqsjHJUhbvFJfRxZLexBUSyehum.jpg
1457820,Convalescent,Convalescent,2025,en,/kkhnWHfOpgZC5gF6UqW0QIYL13O.jpg
1457859,are you going to hurt me?,are you going to hurt me?,2024,xx,/fSjnajM8OSJooEZpLGjkdkOkg79.jpg
1458309,a memory stuck in the mind of a withering mortal,a memory stuck in the mind of a withering mortal,2023,en,/nTXK9TY9v6ogkGMk8Rp8I7ivmAP.jpg
1458387,The Bush,The Bush,2024,en,/32T4VHh2oMjPpeVEMqJvFoFPe3.jpg
1458602,Lost Pieces of Her,Lost Pieces of Her,2024,en,/2bELwBrQmIgHL3HmRV9SrQzZ8RR.jpg
1459576,"hey,","hey,",2024,en,/ignIDbOzp6rKJ6d8ZLzTobfO1XA.jpg
1460145,"Building 7, Apartment 3","Building 7, Apartment 3",2024,he,/dF0W3p02950dzkNVzLm7cnJC8y5.jpg
1460221,J’ai trouvé quelqu’un qui vit dans mes murs,J’ai trouvé quelqu’un qui vit dans mes murs,2025,fr,/t9hgbQwC8GbykBoeWpf8szmf7ei.jpg
1460589,Whispers Beyond The Trees,Whispers Beyond The Trees,2025,en,/zHaSDX2NlVd0qS2H0dnjVlnO8Ge.jpg
1462822,DEATH SENTENCE: LUCIDITY,DEATH SENTENCE: LUCIDITY,2025,pt,/wmIIJ5KqGAAv6TMHFmLmyWjaxx0.jpg
1462984,Predação Noturna,Predação Noturna,,pt,/x38VTcCJyizr0qg30PipmQGS0kH.jpg
1463102,dream girls,dream girls,2023,en,/8bOAcvCqIHTyDw3ys4K7T6vFWjP.jpg
1464025,Labyrinth of Roses,薔薇の迷宮,2014,ja,/sNaKBXD9JZFts7ga3BVNc1kRVvw.jpg
1464438,SCORIE INCONSCIAMENTE RILASCIATE,SCORIE INCONSCIAMENTE RILASCIATE,2025,it,/AktX3QTMXHVRontf7niN2xUqjw8.jpg
1464606,Gage,Gage,2025,en,/kumxEYQQy9aEhrhUuMlWxgeTXHL.jpg
1464715,Anatta,Anatta,2024,lo,/wMtSkrOZaxme59oqf5jp8mEupzM.jpg
1464992,Growing Pains,Growing Pains,2025,en,/ptDytBBXxi0gepOnfNE2NBEo3Ci.jpg
1465774,The Hole,구口,,ko,/pEi4s7ZdmWDzPJJt7yji0I0VkrS.jpg
1466920,Recall/,Recall/,2025,xx,/uI7QsIHcDBb9wRUWItD8geC8KSM.jpg
1468167,F(uck)lower,꽃ㅜ,2024,ko,/767Z9LyvHp8WIPl19TRScc5r7PR.jpg
1468351,E,E,2025,en,/zkgFXUJMZhiuapj1UuL8xKCEGKt.jpg
1468451,Kytice,Kytice,2020,cs,/dRi5Hrrbi2Cr3iTAfVjE05XqNpJ.jpg
1468846,Species,Sanguine,2026,fr,/fDvZvNmLIwUcKKQ4Cfb6TmQJM7M.jpg
1468983,The Cooking Show,The Cooking Show,2024,en,/aEbpnWJ7VlFcBXgCbKpX0pqw9mY.jpg
1471061,Khel,खेल,2025,ne,/hPjEnQu893FVVD7a0KflBVYUZGm.jpg
1472341,Bookend,Bookend,2024,en,/7CmeBf5eXwwGXYHyidgzcSs7quq.jpg
1474972,Couples Retreat,Couples Retreat,2025,en,/u4Qe21Mdnhl9XijtBEt0LTnenys.jpg
1475678,Loge,Loge,2025,fr,/zI2ZIviPMzCz41d1RjU6rFplfIv.jpg
1475703,Kodama,Kodama,2025,fr,/ux2CvAuJL4OxodSYfUDOcpPPnMw.jpg
1475831,The Ray Bradbury Theater: And So Died Riabouchinska,The Ray Bradbury Theater: And So Died Riabouchinska,1988,en,/4gUtu2NUWSevneTKGUuMwCXOpxi.jpg
1475837,Alnamnam,النمنم,2024,en,/bLoxbpczOylJ5WaLQNjsVmb9Mr2.jpg
1475943,Blue Hole,Blue Hole,2023,ja,/oZoeXMa5FWSa0fXSUB2KXlsFjYQ.jpg
1478029,Snake Woman,蛇女,2025,zh,/nAiJpgPEa97Ipeil0begvxsTvjf.jpg
1478574,Glossolalia,Glossolalia,2010,pt,/bFzMXsKq6ilGih9P5v3Nvp9nsLf.jpg
1478593,The Man Who Loved Flowers,The Man Who Loved Flowers,2013,en,/tPV6rUu45mef57s17uFHjRbWwzB.jpg
1479922,Preparation For A Time Well Spent,Preparation For A Time Well Spent,2025,en,/q0pNjf9EMPyorkGiDmNq457GjcD.jpg
1481010,Deadcast,Deadcast,2024,en,/lhfAsAbn3D1Xwa2M2kMupk9sVFa.jpg
1481630,New Eden,Nova Éden,,pt,/h3d9arm0yLdBbAlYUtBxDLXDDI6.jpg
1482573,Raha's birthday,Raha's birthday,2025,fa,/chjSMTFnD4RMbpQYmnXJGZJzPl6.jpg
1483306,Room Service,Room Service,2012,en,/85wqVmZenYa3dcG7SJaWCLXm50v.jpg
1483428,Enduring many days / blades / and selves,Enduring many days / blades / and selves,2025,en,/A6Ot49dF0B585xnSmWZlTkpIiHb.jpg
1483633,Blank Page Syndrome,Blank Page Syndrome,2025,en,/we4XShGJTgadGEs0UgQCp92o1hf.jpg
1484291,Derrière ses yeux,Derrière ses yeux,2025,fr,/es3iUYReVGQB08z0GFwDyn0heCh.jpg
1484387,Canvas 5,Canvas 5,2021,en,/izVPR0gN4IFCgBczrHfEgwHdkzw.jpg
1484731,Blood Stab,Blood Stab,2020,en,/4i46PIw7uI3ig5CNa4FztkpeJMd.jpg
1485535,Eternal Return - RED Edition,Eternal Return - RED Edition,2025,en,/6WwwrHOTbLBFOSLFMFIAUeUqorM.jpg
1485846,Tether,Tether,2025,en,/xenybkWa8oabXfiCOkdymSYF7xW.jpg
1486442,Pisces,鱼,2025,zh,/xnpjroWyNalRkZT81oZv4NvTXIn.jpg
1487210,Muddy Hands,Muddy Hands,1988,en,/eISlC1S9TKUCHgt1FP7aR7ZUBwg.jpg
1487691,Shemaleficent,Shemaleficent,2021,en,/7F8Ebd3L3v3cqwFDfUtJJe61HUm.jpg
1489275,"This One, for the Lady","This One, for the Lady",2013,en,/a5DEDt2YY4de9rbGnm1Ix4AIViN.jpg
1489389,Rosario,Rosario,2023,en,/qWw49026ZBHgDyCQRhStrZgMasm.jpg
1489597,The Substance of Earth,So E Youn,2007,ko,/79QsbbGtP7MHRD6v4wfVRwYZi2U.jpg
1489860,Homemade Gatorade,Homemade Gatorade,2025,en,/ybnIvGUJAM0NrcbUzqfaHqkVvlu.jpg
1491211,The Saxophone,The Saxophone,2024,en,/kMp2FmsK1Zh90I0QpypKDKYeyhF.jpg
1492155,Origami vulva TUTORIAL,Origami de vulva TUTORIAL,2023,en,/oxQRl42aNMuRSrCnXTtPUaP21El.jpg
1492635,Getaway,Getaway,2025,en,/6A1pgNJIH5P9H68gASH3XLheguh.jpg
1492769,how gregor samsa became a bug (canonised),how gregor samsa became a bug (canonised),2025,en,/a7qwS9ZCjR5JtbNTjTWXHCGFeAX.jpg
1493908,The Dog of Sarandi Alley,The Dog of Sarandi Alley,2021,en,/y7vxhkSjunLIZfW1jS4MyPRrsM1.jpg
1494164,Unknown Treasures,Unknown Treasures,1926,en,/ar1Gmkkf5jqtVNZWHEiVi3yvA5O.jpg
1494605,Hellebore,Hellebore,2023,en,/7c0Uh8VhELXPFpyDOXQZPNhLAz4.jpg
1494779,João & Alice,João & Alice,,pt,/gDVKwzSfVdOjlk6p9XmWtzKRBlq.jpg
1495253,The Truth of Grimm Brothers' Fairy Tales,オトナの童話シリーズI 世にも恐ろしいグリム童話,2000,ja,/a51I2Ta23EQW4RDcyVvsTb2tTrN.jpg
1495444,A Cortina,A Cortina,2025,pt,/nuekXBYmsa2ycDDzooLOVvye2uc.jpg
1495718,Baljjeo,발쩌,2025,ko,/xIxT1S2cxyT1szvCRh81iNe7wr5.jpg
1496388,Eternal Return - PINK Edition,Eternal Return - PINK Edition,2025,en,/7jmAyT4C0ACyeERHX0ZN29KsWMu.jpg
1496656,I Smile for 6 Minutes,I Smile for 6 Minutes,2025,en,/q5Lmkh0STMpIRLkIisx9l6u3FUw.jpg
1497764,Human Trash,Basura Humana,2016,es,/igpzY3yf7r0baHsEFX6IzSb4lfa.jpg
1497793,The Catman,The Catman,2017,en,/1z9hv59fWmhbXNLpS7UmrjLZeit.jpg
1498858,Only Fans - Allowed,Only Fans - Allowed,2025,en,/rijtoTM3fEj1vlJS23k0RsJUDLn.jpg
1499144,Cultural-historical Manoeuvre At Night,Éjszakai kultúrtörténeti hadgyakorlat,1991,hu,/wtlDJcjkaUER26veiHotVsR1aUY.jpg
1499297,Abissal,Abissal,,pt,/cAHbjtEG0gWTo6rF1TxQbHTzMBQ.jpg
1499799,Slop.,Slop.,2024,en,/iFJ0ZVgxhPB1yL3DtlvUJx3pDOi.jpg
1499962,Doble-6,Doble-6,,pt,/anMi8GXO9nuZJcaPr0Lkoiuf5JR.jpg
1499964,Gasp,Suspiro,,pt,/LZZT3tzNJYKTTRyEQBuVIrNm85.jpg
1499969,Captivity,Cativeiro,,pt,/cTJv2GYSd1v0IdUZPBxpnuPI4g9.jpg
1503832,Interview with Cecelia Condit,Interview with Cecelia Condit,2021,en,/7vTFnMeqwJECjUgH1aMUzGyFTOa.jpg
1504291,Six Till Midnight,Six Till Midnight,2025,en,/9ii5iI87c6rUXtdZD44SBU2NlYO.jpg
1504640,The Unusual Survivor !!,The Unusual Survivor !!,2024,en,/gF02QDyNWXioZnxbU83SHbcLDJN.jpg
1504654,Summer Vacation at the Small Town Ranch House and the Rural Legend !!,Summer Vacation at the Small Town Ranch House and the Rural Legend !!,2023,en,/1w8phrYqk0nAJ0MUUFwKW718zN8.jpg
1504677,Traveler discovers a Woman running from her Husband & In-laws but then...,Traveler discovers a Woman running from her Husband & In-laws but then...,2023,en,/cRXy9Vrr6pOXxfSvtPz5Kembrr3.jpg
1504708,Idol Horror Story,怪奇アイドル物語,2024,ja,/wxh7ENCmUUgz7H30KUREN5De43X.jpg
1504899,Recluse,Recluse,2026,en,/lDzoSYxEYO0ZAnkpwauwEOtDPcn.jpg
1505147,Ms. Kanyin,Ms. Kanyin,2025,en,/txVsyqY3TV9ue7Afe1F4RjtQ4WQ.jpg
1505379,Open World: Zelda,Open World: Zelda,2023,de,/hF3aO4u6cDUOScmt3r0XXwguFyb.jpg
1505977,Feed,Feed,2025,en,/rQUsg6OYRwSjH20z3rdiJKCA3xU.jpg
1506031,Capgras,Capgras,2025,es,/4ixSke99kyU9Q2YN2R4mOtl6sO.jpg
1506848,Room 404,Room 404,2013,ko,/3lOXjvT8LV1Ncdft1I7WYdTxDlD.jpg
1506946,A Day in Hell,A Day in Hell,2003,en,/k5cH29hUZHV3qKpqT5UdlqTvlky.jpg
1507156,My BFF,My BFF,2015,en,/xoSRA8Am9D1Ntk3L52SFugg3fY5.jpg
1508311,Hymenoptera,Hymenoptera,2025,pt,/ffSb10ZHZx6xgaEiyCh8sDxeBzW.jpg
1508830,The Scissoring of Lydia Kollins,The Scissoring of Lydia Kollins,2025,en,/4OUUnzyrFTeYEyXwZYHLPUIYiti.jpg
1509197,Oídio,Oídio,2025,es,/sxovQLsxPgEnGqZbaCGfRb3iegd.jpg
1510207,Vexo,Vexo,,pt,/7smJDACtV1b7g0wkQfK8TMqNqtT.jpg
1510423,flower,flower,2023,en,/3Ue9Z3uHtStR5rPwZisYWDQdtG6.jpg
1510606,PAYDIRT,PAYDIRT,2025,en,/8B8mvtWBUDiAw2KmduJWMnBRAOd.jpg
1510609,All Hail Sacrifice,All Hail Sacrifice,2025,en,/2y7RcjpCCIjsHwAjyuqckx1765P.jpg
1510954,Nuclear Death: Unalive in Texas,Nuclear Death: Unalive in Texas,1990,en,/4aEAno48uNhAByUbUiUjBQ9eeAh.jpg
1511035,popstar,popstar,2021,en,/iZ0kYuEK5G0fLSV8ckvdLHxG1Rb.jpg
1512454,Fake Documentary “Q”: Cursed Video,封印されたフェイクドキュメンタリー - Cursed Video,2021,ja,/yxalF3HYt8mDXRSJ7r5jYDK3SaB.jpg
1512747,V,이정현 (Lee Jung Hyun) - V,2013,ko,/o8IQGh3iZiZdhrLqklL2HG7bpgP.jpg
1512881,Parasomnia,Parasomnia,2025,en,/fRbXeftJ6DhCUDxzGpBQp7Wuamw.jpg
1514422,The Bottle Imp,The Bottle Imp,1992,en,/lt2HfAXs3qwphkygj9h0v1xfOZc.jpg
1515590,Madonna Non Grata,Madonna Non Grata,2026,en,/8W3q2tugEVbxGA1I1K8Uc8itAFp.jpg
1516591,Uncanny Valley,Uncanny Valley,2024,en,/kZEnPvEneZGyxHdQrgbyTrpXVrg.jpg
1516629,Kienai,消えない,2021,ja,/xD8YuFCZdP4J3XVrkne48wkNvOv.jpg
1517272,Grudge: Blood-sucking higanbana calls the spirits of the dead,怨（おん) 血を吸った彼岸花が死霊を呼ぶ,1982,ja,/pyLByuPmZC2lEc9KmhFFpqz6eRM.jpg
1517538,"Fake Documentary ""Q"": House of Mirrors","Fake Documentary ""Q"": House of Mirrors",2021,ja,/ofmS4QQtLNjIXmMhlNOeefaUcLL.jpg
1517731,Terror Above the Sunset Strip,Terror Above the Sunset Strip,2024,en,/stt7ljnOg9cSmUK3jDpiecsBKM7.jpg
1518779,The thirst for a goal,Pyaasi Manzil,2024,hi,/d7z3zCUCUqGWqssKYL5UNagdQWn.jpg
1519390,The Night of the Clown,La Noche del Payaso,1991,es,/dPAnI1momSdPJsBLAGvOeB5seFh.jpg
1519482,Bardensra,Bardensra,2025,en,/vsguXnrJjBuUwbPJElbJtejUxrb.jpg
1520017,Onionhead,Onionhead,2007,en,/4345dPMH9K7DgJcMgky1mSrIuDG.jpg
1520273,La escollera,La escollera,2025,es,/5QJArdxn8xhJgWu27X5SuNoMqsG.jpg
1522620,Abercorn,Abercorn,2021,en,/94H99BJIbVCfRRuFsO4vUY1d8Sv.jpg
1523040,One of Those,One of Those,2025,en,/ueL1uzX5UzTcJYzgw6JI6wgOrQr.jpg
1523101,Kyouhugekijyou-2,午前零時の恐怖劇場　呪い篇,2017,ja,/cYMNvwmc8Xq40NtQrRVuy1rvy2p.jpg
1525341,Kaycee Brown,Kaycee Brown,2024,en,/gRfVpf7ickFs9ZW3nXZjS8pfAN9.jpg
1526203,O Trajeto,O Trajeto,2022,pt,/gim6dlrtgMNzITqJckewm5Ihl7H.jpg
1526650,Mudborn,泥娃娃,2025,zh,/laxF5iCQbfSqjDIsoaBOJtz2C1N.jpg
1529067,Dinosaur Farm B&W,Dinosaur Farm B&W,2025,en,/mYQoQEmAqzOqiGQsUsAOgCwo4UU.jpg
1529179,The Big Shave,The Big Shave,2008,en,/ug8z1tnl8b2GEKMOKbfvXfjq0sP.jpg
1530814,The Monster Part 2: Hunting the Hunted,The Monster Part 2: Hunting the Hunted,2025,en,/3P6Gqrqf6bePkaAYwd5F72nZVrz.jpg
1531439,The Easter Egg Thief,The Easter Egg Thief,2023,en,/aW8vopzM2JT50dKC4bafdnt2Wpu.jpg
1531505,The Accursed Urns,呪いの壺,1969,ja,/t2XoMmq32gbvQoBYRbkEA44BlzL.jpg
1532737,Fetal Dream,胎儿之梦,2024,km,/69onbzyCAn8vjBkfpw6fjKFfIsQ.jpg
1533128,OngLai,OngLai,2021,ms,/8zsDKZwebmDUjyLmxAVcTOHzRFM.jpg
1534873,L'Ouverture,L'Ouverture,2026,en,/qs1FbzPc4KqWPVNs3FFDw96iIgT.jpg
1535813,Gays vs Lesbians.,Gays vs Lesbians.,2025,en,/oqBks9WIuSJSYj0TkRjaZXm5zuW.jpg
1535897,My Home,완벽한 집,2025,ko,/kEq0OkbkqeLrKUwtveksSga0ZWm.jpg
1536407,LES DAMES.,LES DAMES.,2025,fr,/gwJOVLXl9Y0IuXPCZRSpbsdce71.jpg
1536741,Glamorama,Glamorama,2015,en,/A5TrNHPahBFCsFi4Tc8ouE1V86o.jpg
1537182,MUSA,MUSA,2025,xx,/kFy7df2dTSvr7ZP3wKhROf5qgc0.jpg
1538195,PINK PILLED,PINK PILLED,2025,en,/zIZNcqTVRt2a7I4JCbp9E6RcbAk.jpg
1539159,A Ghost,A Ghost,2025,en,/gLRmUtJWraSQQhpGADeZDnIl8xb.jpg
1539577,Unforseen Situation,Незвичайна ситуація,1993,uk,/uAm5jU0I4sibQ4hC8OM3S45u053.jpg
1540162,Where is the egg?,Where is the egg?,2024,en,/xLIAeDdvpugtBaV7pD4PpjSNICz.jpg
1540888,Buzzkill,Buzzkill,2025,en,/n6rJ5R97nde5IJgQGV06nDlQvpm.jpg
1541593,FANTOMA,FANTOMA,2025,pt,/p3smkEetpnbo6hDcMEL0nnYOGS1.jpg
1542067,Insônia,Insônia,2024,pt,/c6ltmmF10pf0nnmnQFUf9KvN4Jp.jpg
1542160,The Shed Incident,The Shed Incident,2025,en,/cbjD9zhKsBP4FQVoiK9qscX1wCv.jpg
1542478,Hallowen Superaz,Hallowen Superaz,2021,es,/w3YVU8dfkixakDrKofc0pnkHPOG.jpg
1543002,Prowl,Prowl,2025,en,/iRo2mxr2XI5A8h5nWX8AAFdLV8A.jpg
1543356,Templos,Templos,2025,pt,/k1eD7atayZhG9FqUBlsAGH3aqQj.jpg
1544051,Ecstasy of the Broken Chalice,Ecstasy of the Broken Chalice,2024,de,/60ISyZDrYX1ZgTDhxiQzWxMvePj.jpg
1544159,I Care Because You Do,I Care Because You Do,2023,en,/8sqfsOFeKPjx8fmpUSQ4ijcOCWV.jpg
1544291,BIRTH,BIRTH,2025,xx,/zB1nAybqM2Sut2xYR2uLEFbcbuP.jpg
1544418,Irish Son,Irish Son,,en,/thJtQwtU67MLKUiYHDle18MbrgI.jpg
1545191,The Neighbors,The Neighbors,2025,ja,/2yfZOKJvTL2ziM89xMBOgjvoCUN.jpg
1545266,GOKDU;spreads its wings,곡두;날개짓,2026,ko,/7OedaXdqdMCq8Kz1IAEyL2ob13V.jpg
1545657,Sins of the Father,Sins of the Father,2025,en,/bM3pvOxUC536rpqf4pCfDRY6zMF.jpg
1545985,Wesele,Wesele,2019,pl,/4UL30fBp0X6ZAYHHgGCzqxYb0JI.jpg
1546574,The Lab Incident,The Lab Incident,2025,en,/lADYQiEXTagi67PKT1eEvHq4dU5.jpg
1546823,Joke,Joke,2024,ko,/vQ0RUV5ZcWLTuHIWpohi3QFCTeY.jpg
1546959,Bia,Bia,2025,pt,/d2vjkOoELKX4drgCiDps7sXKKRh.jpg
1547508,nightmare,nightmare,2025,en,/floqyxXYLPQD1qb3rBpD5mR2Wa1.jpg
1547725,The Trees Have Eyes,The Trees Have Eyes,2025,en,/aLdmltKOiEDUzbH5RM0bM8VpRdB.jpg
1547879,INSETTICIDA,INSETTICIDA,2025,it,/kClMXMEUvxpb0ypkfUNP9tf57tX.jpg
1548135,Fake Documentary “Q”: Hidden Link,Fake Documentary “Q”: Hidden Link,2024,ja,/e3Sa3YDekcpkJaSEdqb3lxnen2r.jpg
1548140,Fake Documentary “Q”: Last Countdown,Fake Documentary “Q”: Last Countdown,2022,ja,/8kq1iVmUf7jj4dX5pYBobf92YSJ.jpg
1548141,Fake Documentary “Q”: Film Inferno,Fake Documentary “Q”: Film Inferno,2022,ja,/8kq1iVmUf7jj4dX5pYBobf92YSJ.jpg
1548162,"Fake Documentary ""Q"": Passengers","Fake Documentary ""Q"": Passengers",2023,ja,/f9XIH2AwM5iNPltWHIn47SLim6b.jpg
1548166,"Fake Documentary ""Q"": Mother","Fake Documentary ""Q"": Mother",2024,ja,/thGdZ3XI0YAJcll5FoxmO7qRAVw.jpg
1548185,"Fake Documentary ""Q"": September 23, 2023 Live Streaming","Fake Documentary ""Q"": September 23, 2023 Live Streaming",2023,ja,/8kq1iVmUf7jj4dX5pYBobf92YSJ.jpg
1549019,Evil Night,Evil Night,2003,en,/6lFa7raqSJKmz2gPXSGkKHRfKAG.jpg
1549709,Pee Nak 5,พี่นาค 5,2026,th,/5DQKLf9J8AX74nGR7fNSE3CgV9Z.jpg
1550505,Jetsonio,Jetsonio,2021,en,/lIwA8fltj0B9E3D5MzIjth8fapU.jpg
1550772,The Treat,The Treat,1972,en,/fdRvyEigyXyniab54j8Ez7oRJ4X.jpg
1550778,The Disappearing Man,The Disappearing Man,1972,en,/aAUVbg0K1dMgginuqG4AHN73Wnb.jpg
1550863,KUMLAN,Kumlan,2026,th,/jurDlYvNxtINIdpSoSG45fvUDzW.jpg
1551775,Pennywise Returns,Pennywise Returns,2022,en,/kpVDPRRDFEZvO1OcWWyqDBNaSHO.jpg
1551952,The Shape,The Shape,2025,en,/lETCwIfla7SEOZ8Tof3R0NhOFnm.jpg
1552169,Wi-Fi Room,Wi-Fi Room,2025,en,/fbH43Z9oqcwiIZZFTC8U3dU7Wkn.jpg
1553167,The Relict,The Relict,2025,en,/kQ4sKoAsYmvjEoEhTBC0BWaSFK2.jpg
1553451,Les Burgers sanglants,Les Burgers sanglants,2025,fr,/pSFOV1LboahAzOfQKmo13rWybqk.jpg
1553496,Riptide,Riptide,2024,en,/yThWdY8rO1JvVdgspTmXPuEvNP5.jpg
1553741,Ne paniquez pas.,Ne paniquez pas.,2025,fr,/fHp4cZMnUtayPjkqVt8NOXZO4RJ.jpg
1554997,Lusco Fusco (episódio piloto),Lusco Fusco (episódio piloto),,pt,/oeODYBUwDlTB44yiDQux0FSEZky.jpg
1556452,The Twilight Zone Tower of Terror - Preshow,The Twilight Zone Tower of Terror - Preshow,1994,en,/gF9BdIL7Ojpte2OfSYUXB0Xy5qh.jpg
1556596,Pilot,Pilot,2025,en,/z2cuS746vYAWuVo23BnXE01V7p7.jpg
1557568,Dark Bulb,Dark Bulb,2021,en,/gDVYagLGr5EiUPHRo74Raz2HzIW.jpg
1558100,Enemy,Enemy,2023,en,/mY9uOaUvVK16fmpgbmKMSBoNW0c.jpg
1558326,Duke Boney's Bad Day,Duke Boney's Bad Day,2025,en,/ieBY5hey9pKtxn0mfrPNUuG8rBA.jpg
1558386,ALONENESS,ALONENESS,2025,en,/57H7YbJ4WmUTV1tBHNrYTH2RWXl.jpg
1558468,Shambhala,శంభాలా,2025,te,/toCKv7aKlAzYh0vyrrBZjuWGIMD.jpg
1560522,MOTHER,ママ,2024,ja,/CGpjWk1NogElXhV1I9AGXVBbQn.jpg
1560573,The Shoe,The Shoe,2025,en,/6FmlpeuSqiemlBNoHolS1R7gR33.jpg
1560756,Heartstopper,Heartstopper,2025,en,/o9OuO6lBJB0t2K2Rs7HFcMxmCF3.jpg
1562012,Inosculate,Inosculate,2025,en,/6Kv8Mji4wNrGexXozSNWEXvvsZg.jpg
1562272,Fawnstar,Fawnstar,2025,en,/cBKoiSdOvcg7UNwSsDjlTVHFgKh.jpg
1562657,Alheio,Alheio,,pt,/2oLpvkOy0RVEN2ubn2lDnaamKBL.jpg
1563145,Freak Shack,Freak Shack,1994,en,/4dCViLfCJIPYSMR6nRUy6l0qb2F.jpg
1563653,Plughole,Plughole,2025,en,/9liPHqXtICMwd2rxkZWTYG2AWyS.jpg
1564099,Into The Shadows,Into The Shadows,2025,en,/77BAj0Xt9Sn9QhwspCcPlmibbso.jpg
1565248,Dance of the Dragon,Dance of the Dragon,1987,en,/vsGg2go0f8PedJxq9A1qUhFqlO9.jpg
1565265,The Dust,The Dust,1986,en,/6omLwVvAYIdE2XLzdNQjLK2E8bF.jpg
1565546,Play Fight!,Play Fight!,2025,en,/mJT24A1NZB4hVyrpG2fhUjRw4u3.jpg
1567014,Red Flower,Red Flower,2024,en,/zuomyIN5CXDx8R777BKDo0QP0hX.jpg
1567813,The End of Machine Girl: The Band: The ARG: The Movie,The End of Machine Girl: The Band: The ARG: The Movie,2025,en,/cMBpbR3nh7r5hqPDk1esplI5SJn.jpg
1568165,What Satan sowed,What Satan sowed,2025,es,/8sVsLHawBkSlEVZz5TCPxlzDyNt.jpg
1568448,Ghost Coast,幽霊海岸,1978,ja,/cGkNW8LnPJdbiBQ4GVPK0pjJ8kd.jpg
1568478,Hiperrealidad,Hiperrealidad,2025,es,/2ZouwDnXbrezZTrxxRQcvTAZinm.jpg
1568579,remnants,remnants,2025,en,/9tj8tlzWYJ2tiHdRJAOpihZcy3A.jpg
1569675,Experiment 001,Experiment 001,2023,en,/9BMxtMTVwld04k88Q6FV51uiLne.jpg
1569885,The Rebuke,The Rebuke,2025,en,/balYsKdkQEQWxLX6t6UpVqCj8GD.jpg
1570005,Springs,Springs,2024,en,/kX414zQuZaWXhiT4SJLWoVuAl4M.jpg
1570993,My Own Rebellion,My Own Rebellion,2025,en,/34IVOxCJwhnlArE3x8kUbfLN08G.jpg
1571063,Subjugation,Subjugation,,ja,/rvRHRR7QF8JuGKNdhvq1SOXIeZr.jpg
1571171,Donut Do It!,Donut Do It!,2025,en,/2rnBW9rxljXgN5DWbb09t3YcAs.jpg
1571925,A Halloween Tale,A Halloween Tale,1987,en,/c1AFnNujYTpFeq2leocLF8azuB0.jpg
1573074,run rabbit run,run rabbit run,2025,en,/AiqEKEx28E38rDYBpCyY48T2WF4.jpg
1573115,The Craft,The Craft,2022,da,/lmowzXiYXGBRcqq0d4NueZHnfHT.jpg
1573129,Under the Island,Under the Island,2025,fr,/jMSv4lqqwmWuArjswkwUlRjFY63.jpg
1573785,Turncoat,Turncoat,2026,en,/oCtcczrYftV5OCb5DDHZ6N2hkcZ.jpg
1573818,Stoneborn,바위,,ko,/9sQDyDU86bldm7khWehylTbApj7.jpg
1574119,Terrifying Ghost,恐怖幽魂,1974,zh,/fEiLOFM8uboh4xsxYHVitFMZx7f.jpg
1574634,Fur,Fur,,es,/tqfOUyPcZUV7MICGk7TTXV82Hr2.jpg
1575003,Pathologic 2: Um Diamante no Mundo dos Jogos,Pathologic 2: Um Diamante no Mundo dos Jogos,2020,pt,/hIL5hndxk6mpIyuwKnGdkdn2PRk.jpg
1575401,The Cult of the Antichrist,The Cult of the Antichrist,2025,en,/6qSIQE8Xi4D0upSE9ErCBYpukxP.jpg
1575406,Gacy's House,Gacy's House,2025,en,/dLRxT0Y9zLGyKCVYPHp2QyuJKTO.jpg
1575410,Nightmare Released,Nightmare Released,2025,en,/tvpDalZIGKZeVzqoPwZ18S4A31A.jpg
1575519,homewreck/homesick/homegrown,homewreck/homesick/homegrown,2025,en,/nLrPgWgDhgeqEfNBkf8aXCvdBLF.jpg
1576074,Starshine,Starshine,2025,en,/2Prnpsk3A7UmA5du7t2wCNVzNWE.jpg
1577795,The Grim Reaper,The Grim Reaper,1961,en,/rLIe5uBPPKw1TnfAmBqHtelI1vV.jpg
1579014,BUTCHERTIMÉSUP,BUTCHERTIMÉSUP,2020,de,/pGoaDZcwH45XSz9A3O6HdND4rZy.jpg
1579519,PPIDD - The Broadcast Source,PPIDD - The Broadcast Source,2024,en,/AjGOpLlH0HodSEFy6vEGOPH7bbi.jpg
1579759,Saia da minha casa,Saia da minha casa,2025,pt,/hkm3SRD8p7PNNBjldjVaCEY40k3.jpg
1580287,AHORA ES MÍA.,AHORA ES MÍA.,2025,es,/viHmY8ExEKeYxzjJxeXD11Bzsd4.jpg
1580458,Better Off Alone,"Por Pouco, Antes Só",,pt,/oUtIRfET3n7yuM4WBN0GlFqL3E7.jpg
1580472,IIsandra In Ruin,IIsandra In Ruin,2025,en,/7T7zWffUi2aVTPJEyPKZSXh8l3s.jpg
1580992,The Stone,La Piedra,,es,/ffXEqEbgRzF91H3zd97MPrmkoPh.jpg
1581907,Thursday night,پنجشنبه شب,2012,fa,/fmW0vgiEh9nSa3KNSDSYeCQERFE.jpg
1582037,Who Goes There?,Who Goes There?,2023,en,/xE16Y547OOoZOb7ayNy5ILI5NvQ.jpg
1582280,Double Jump,Double Jump,2024,en,/rd4G2NwgulRbxUu9vhtBxTpfGAi.jpg
1583363,Halloween Jaune,Halloween Jaune,2021,fr,/j5THlNzUrUmfB7EkHOemliuJDGa.jpg
1583524,The Back Garden,El patio del fondo,2025,es,/6jESLWdlDqJHH3HLGR8rZHmTacH.jpg
1585710,The Farewell,La despedida,2025,es,/egLI16gG1NGMxXH93FiFOcvJxqv.jpg
1586002,אשמתי (My Fault),אשמתי (Mi Culpa),2025,es,/p1fFJz7u5tMVWiI5bLCV5UpM0nf.jpg
1586191,FRΛIN,FRΛIN,2026,fr,/rdL3MmYE5oucbDWxbDNJDe58eWR.jpg
1586304,The Stranger,El extraño,2025,es,/flipyF4AsswSndjnab469ThHiL6.jpg
1586421,bouquet,bouquet,2025,en,/guOMJCcGcY0eheVYCAEMDaOVeIX.jpg
1586465,"softer, softest","softer, softest",2025,en,/ybFzdGlCuTUSxu4OzOCdqq2Jun4.jpg
1586663,Kamaro2,Kamaro2,2025,kn,/pihcu4FFLBvALMAgBjXwp6gzcAD.jpg
1586983,How Did I Get Here?,How Did I Get Here?,2024,en,/ezTjY5zsyWGLnjM8PZjU8TypHr6.jpg
1590787,Q.R.,Q.R.,2025,es,/wn48jI69zfwlrnigsRjL8XsHOxZ.jpg
1591621,Chloe’s Dream,Chloe’s Dream,2025,en,/mX9k2Ub3wPYV1pwX3qQsGCKFonE.jpg
1592560,In Place,In Place,2026,en,/mf5RR3FT66OTH0bgkJRkA4fua0t.jpg
1593094,A Light That Never Goes Out,A Light That Never Goes Out,2025,en,/tR9x21SaeaexkaWJQNSOg1R2rOV.jpg
1593740,Cookie Cutter,Cookie Cutter,2023,en,/vE9LRapQREuBfaTQP4axbWeebh4.jpg
1594487,Presión Redux,Presión Redux,2025,en,/2t8KVUZueWE3KJa6cF8EXDcoYpP.jpg
1594591,Kanimangalam Kovilakam,കണിമംഗലം കോവിലകം,2026,ml,/7iCV99rBXcrU34AU8LAeUUOudHu.jpg
1594701,I Forgot Myself Backstage,I Forgot Myself Backstage,2025,en,/HM9qj1sZ01qe9r2JobWNf3hvhl.jpg
1594719,Bullet and Lace,Bullet and Lace,2026,en,/rtwTinEbnliMVijn0qiMPsonNNy.jpg
1595706,An Itch To Scratch,An Itch To Scratch,2025,en,/qHjbnaCLPX76TJxGrFMXVaNMJNx.jpg
1595961,Scarecrow Alley,Scarecrow Alley,2023,en,/bO7owGzZfUpTfi0bNmshnVO5Mns.jpg
1596328,Ruídos Do Cerne,Ruídos Do Cerne,2025,pt,/kkXSTfx0w13xTpNG9uBJAwGQeZl.jpg
1598383,'The Aphorisms of the Circus','The Aphorisms of the Circus',2025,en,/8oBeAK2NjYyTpIYcGPxEqEz2EYA.jpg
1598484,Deadzones,Deadzones,2022,en,/yKNxmcvyyArfDNQ08lBD5CK7SmE.jpg
1598648,Enfance Plastique,Enfance Plastique,2025,fr,/vQia7JhBnYJ3G6HvfLqWnbiJNgO.jpg
1598758,Transcendance Dogmatique,Transcendance Dogmatique,2025,fr,/g50KZLtt1FMkPnxv06ZXeWiGFvC.jpg
1598989,Terror of the Ratman,Terror of the Ratman,2025,en,/ea9a9C9hm8eAdX85z1rXXGnBQ3t.jpg
1599018,Taiping Zhen Strange Tales,太平镇奇谈,2025,zh,/8aomY66YB4tekIwRgJDFBDr9McH.jpg
1599367,"To My Funeral, Come Wearing Red",Na mój pogrzeb w czerwonej sukni przyjdź,,pl,/hneWLrWNu3rBPWhG9zxsESbBgZo.jpg
1600449,Sara,ሳራ,2006,am,/fZu80ldWdcck84m6s4JeCXkfYRA.jpg
1601123,Attrition,Attrition,2017,en,/tCmnqRa9AYORmRBmkB7oDcssQRG.jpg
1601242,NightBound,NightBound,2026,en,/1055R9SSDGm4MbnExJxhytTbcdD.jpg
1602163,Remembering Beth,Remembering Beth,2025,en,/bf2R4hYIzO3wWsdJ1h0Lth3wRdd.jpg
1602300,Somnophiliac,Somnophiliac,2026,en,/8mR1sac9ZgcgVeKl1z3JbcrtAIc.jpg
1602715,Flaggot,Flaggot,2025,en,/sNMDdHWojDoypdGBB1U2TaD8O09.jpg
1603066,Ghost Festival in Zenjin Village,迷探偵コンビ危機一髪! 善人村の幽霊まつり,1979,ja,/6Te8Wo0e4BoqjjGdx0r9p8esBZ7.jpg
1604011,Elf on the Shelf 3,Elf on the Shelf 3,2025,en,/xvQYdL23D8MKACqD5xAtaIbI1vE.jpg
1604118,Predestined,O Predestinado,2025,pt,/dk9saoPqk9z4o16s0OMOEbNC8vS.jpg
1604555,[Untitled] - Ébauche,[Untitled] - Ébauche,2025,en,/7FMNtICUGr6IU0Pxr6tnvwQzqiJ.jpg
1604634,The Bride of the Ghost Lake,迷探偵コンビは死なず! 幽霊湖の花嫁,1979,ja,/kr6McBZecqkntyHgx2d99G9Nzk8.jpg
1604798,Neighbours,樓上樓下,2014,cn,/rhnXjOaTj1hGgWVc9OafTnoiH1r.jpg
1605020,Ghost Reunion,幽霊同窓会 少女誘拐! 真犯人は同級生?,1984,ja,/oYRAuOCPthudetXCNAUXlNCJjrd.jpg
1605027,Bhadil Solval Bhadrakali,பதில் சொல்வாள் பத்ரகாளி,1986,ta,/vI01ScbtUhcorpXZBrjrdhwGFE8.jpg
1605028,Untitled - [Into The Wild],Untitled - [Into The Wild],2025,en,/lS7fhxTFwrVi7mw1BvSOVjmqQyq.jpg
1605744,crow.mp4,crow.mp4,2026,en,/sOqJ7RlOrAqpYCCnEBaotM2YuYP.jpg
1606966,Unity for Nostalgia,Unity for Nostalgia,2025,en,/f6G9kEaFRN7iwuhg5tE2KdjThmy.jpg
1607008,Haunted by your shadow,Me persigue tu sombra,2025,en,/qWLW55vTap8otQvr6YxNocziiEY.jpg
1608681,Fake Documentary “Q”: What The Deceased Left Behind,フェイクドキュメンタリーQ 発見されなかった友人の遺品,,ja,/8Zg3ERpSx2Ulhp1Sv9Oc4YKVMgw.jpg
1609285,Martwe wspomnienie,Martwe wspomnienie,2025,pl,/ixLX1MzxPIMmiPPMe3zw4vPZ1lw.jpg
1609610,GROT,GROT,1985,xx,/jaYKznABnQF3UgLtYJq2RrRh88y.jpg
1609975,THE CREATURE,THE CREATURE,2023,en,/pG9CsexbWbmEXCb3KWlLfIGP37N.jpg
1610201,Following,Following,2024,th,/v6hZDleeDgR6QXt2bqTqntejjGN.jpg
1610597,Predators: The Chosen,Predators: The Chosen,2010,en,/m8q3lw7qf7OdR6GAMCgG1YxPxYl.jpg
1610761,Don't,Don't,2026,en,/ttWEhCEjdYZhYH53uXRdMK7PqCD.jpg
1610847,Godflesh,Godflesh,2026,en,/SY9BXtwvqGArdwDF9UlKoJKbzY.jpg
1611879,AMOЯ,AMOЯ,2026,es,/neahwflfe3i40MITiaHscqXsPFo.jpg
1612432,Pumpkin Song,Pumpkin Song,2018,en,/lmjg28bpeEyA9aECWGQH8Oa4EQJ.jpg
1612973,Odradek,Odradek,2026,en,/FhPU5ULsAZsS5t9onMe042K90C.jpg
1613258,Children of the Night,Children of the Night,2000,en,/aeAeRUuv9pEArsIfabhGhr2cFzF.jpg
1614906,CRAWL. SUCK. KILL.,CRAWL. SUCK. KILL.,2023,en,/mEOoI8bgsOVZdQaNbbOBK6faGCl.jpg
1615788,The Psycho,The Psycho,2025,en,/5ez8Sq43hv8gbuQvfVNfsCtxM9Y.jpg
1615800,Transformation,Transformation,2025,en,/61O9uctOY8bpAjSiT9sl5bEtZ4b.jpg
1616160,Scorching,诞辰日,2026,zh,/mD0zg3lt7THaBfeuDsCybA7Ke2v.jpg
1616563,Pain Flow Blood Flow,Pain Flow Blood Flow,2022,en,/hLfZ9nNIrwbChGhnPg39JQhX0Ae.jpg
1616669,The Shed Part Two,The Shed Part Two,1987,en,/dlgQJXBCUCEQTKqBnEeYVqGdfEs.jpg
1618042,Good Boy,Good Boy,2011,en,/pN5AUldfNcECHin2c4R4AEgBjyc.jpg
1618858,NMB48 - Omowase Kousen,NMB48 - 思わせ光線,2013,ja,/jeBxKVH4oMmQxgm9Ka8uGul5EiW.jpg
1619416,You're Still Awake,You're Still Awake,2023,en,/2YAy5DOwhQ2HaavuANGkfFtvKNT.jpg
1620125,Shambler,Shambler,2022,en,/xlrC5d52K24kFTil3P6QG9WdoKw.jpg
1620810,IF I FLINCH I DIE,IF I FLINCH I DIE,2025,en,/vdADKzM9isEH7vNGfTuCNbwHDuk.jpg
1621268,Obelisk - Why Do You Keep Us Here,Obelisk - Why Do You Keep Us Here,,en,/gwod36l6exBVh0FGi6GuqjfHTg0.jpg
1621287,Obelisk - In Your Home,Obelisk - In Your Home,,en,/dOBQxPGnG6KHP3NGn3txLr6l5uh.jpg
1621299,Obelisk - You're Almost Gone,Obelisk - You're Almost Gone,,en,/p0HPfZmw3ugk7BI1BXeKDWRWkTO.jpg
1621834,Obelisk - The Man In The Tower,Obelisk - The Man In The Tower,,en,/uLOeimTStJwHNX759p7fPA3jZgO.jpg
1623425,L'invocation,L'invocation,,fr,/w8p7YNucBnJurPQro0GKAYmt0iR.jpg
1623427,Bats [found footage],Bats [found footage],2022,en,/zMkFtA5T7A0Aui43bGmXZ6sj2eJ.jpg
1623446,Ouroboros,Ouroboros,2026,xx,/70WSe56V74LC9bgWA9DVs31FYE3.jpg
1624511,The time I caught a ghost,The time I caught a ghost,2020,en,/t9l0DUaUhuNwMEG5com1Mqg6QdQ.jpg
1624513,Scary Story,Scary Story,2022,en,/zGF8mWxf4bm5mOXx0hEGveN7TyN.jpg
1625172,Sardines,Sardiñas,2026,gl,/tJ99jZ4rJY9XkNK9P1q0X8vQQsP.jpg
1625531,Ovum,Ovum,2026,en,/4jZkwPBPhCfUKw51rRwWUWvrkcY.jpg
1625898,Disgust,Disgust,2026,en,/ziTYC17SJLN23YlLOfCbAwIY7Qf.jpg
1630588,GHOSTFACE vs LEATHERFACE,GHOSTFACE vs LEATHERFACE,2018,en,/8031SQV7igaT3SI3YRe1GPpIoym.jpg
1630590,GHOSTFACE vs THE COLLECTOR,GHOSTFACE vs THE COLLECTOR,2018,en,/zLCG3T8wqCzRykAgwalTgznVkOI.jpg
1630609,Michael and Jason: Best Buds,Michael and Jason: Best Buds,2020,en,/cQSC06BDF21qB7nNqxtxmbwlxWZ.jpg
1630858,GHOSTFACE VS JEFF THE KILLER,GHOSTFACE VS JEFF THE KILLER,2023,en,/iouMd2qv2wlCqfHXeSPITlFrdPw.jpg
1630859,Between Matina,Between Matina,2016,en,/kWgg9k63UydACglUcPrUZitr5Xk.jpg
1630862,Horror Icons Celebrate Christmas,Horror Icons Celebrate Christmas,2021,en,/zuRWEiGoM5ROAWSJPiHiJd0Jho9.jpg
1631706,Dirty Snow,Dirty Snow,2026,en,/fSkzAv53izyotluV6yCRXK4WhwB.jpg
1632131,A Nostalgic Game,A Nostalgic Game,2025,pt,/zyD7uf66RqBMAhCM3TU0V4YJ7Rb.jpg
1632231,The Shedding,La mue,2026,fr,/pHpP68ahBEgDItzPiZLsv1VMSWG.jpg
1632504,The Fly: The Abyss of Mutation,蝇变深渊,2026,zh,/agyvp3tF993QXrKrbuVPDWRytBs.jpg
1633391,Visions of the Shadow Kingdom,Visions of the Shadow Kingdom,2015,en,/8e8tR0jfEkzr4llcEs6qlCOZLhd.jpg
1633413,Visions of the Shadow Kingdom II,Visions of the Shadow Kingdom II,2020,en,/bBQcAPfmnyuRVKji9ufG2NfDOp8.jpg
1633457,Hair Dreams,Hair Dreams,2026,en,/yywqGS0MIfojEI0AyaRqqzSJ3ZZ.jpg
1633730,Fire Is Born,Fire Is Born,2025,en,/bdbeuGgk9Q436QU3Rbq63WK5C1z.jpg
1636048,Shard,Chair Adolescente,,fr,/63md1ZRmJVPJLDr2WLED60iVotA.jpg
1636595,YOURS0223 foreign drive,YOURS0223 foreign drive,2014,xx,/7o0cmkHPqTRrycaCrTsczjzHbjI.jpg
1636639,El Cuarto Negro - The Black Room,El Cuarto Negro - The Black Room,,es,/6GESUige8mHlGeii9B7uwuJZlQP.jpg
1638328,Skeleton Kisses,Skeleton Kisses,2026,en,/3XGdB3n1JayOH6ubJaVccQXlLzc.jpg
1638354,Recámaras,Recámaras,2004,es,/5KkDxm5WWEL1zFtJXXB2EPq4ojz.jpg
1638902,Im Still Here,Im Still Here,2026,en,/jjWPZ4AkYllBQq5HSEoob7YCkQf.jpg
1639192,The Chopper,The Chopper,1971,en,/3a55RjeAGTigqBC38NIdhKiU2cs.jpg
1639324,The Uninvited,The Uninvited,1971,en,/qPUvkZlmZJTiOpZTpANWlUzIMZo.jpg
1639928,MEMORIES OF SEMIH,MEMORIES OF SEMIH,2026,tr,/zh76rFHe583ge937X6bb0iJceOh.jpg
1639958,Spiders on My Lashline,Spiders on My Lashline,2026,en,/qPab8yormBsJxU8LW9AVPU2dwCX.jpg
1640184,Wheel of Obedience,이끼천,2026,ko,/bCtyEa2AT5AUfQAW7CBlbiRWptU.jpg
1641251,ghoststory,ghoststory,2026,en,/vKfDVQK9hDnqL8JXRFhqB4PPmBZ.jpg
1641286,POX,POX,2022,en,/fQUCWXg9mePSDKZWZBdqaMnks6O.jpg
1642649,The Fulgid Ordeal,The Fulgid Ordeal,2026,en,/pD0IWqCUTFX0DUjW2C5kEU9ZkpN.jpg
1642656,Desight,Desight,2026,en,/tASOygxs8VdNVQ69hf4HuTdiA5d.jpg
1643779,Trashman TV,Trashman TV,2022,en,/6kutSrhJS8eCR3NkrigekbjvPkK.jpg
1644269,Siren Head,Siren Head,2020,en,/368m6qpnMRNjegx7Gj9cQYKMZKM.jpg
1645739,Lady Gaga - MAC Viva Glam,Lady Gaga - MAC Viva Glam,2011,en,/vH2tqL07Ahk86sRdcTAL2KbJGBc.jpg
1646001,JAW,JAW,2026,en,/25NKBZkJat6zmDjv8B2UarVrwTh.jpg
1646124,Tiger's Rampage,Tiger's Rampage,2026,en,/5baxI2CuEIrmyhTyLeVdO1IutIu.jpg
1646461,Charlie's Ear,Charlie's Ear,1992,en,/v8ism2PIp8zjzTJtC85AM5EdxWA.jpg
1647795,Little Shop of Grotesque,Little Shop of Grotesque,2017,cn,/pSm2MtupVGRys8fSUYVFZPw0BeO.jpg
1648343,Red Herring's Found Footage Nightmare,Red Herring's Found Footage Nightmare,2026,en,/1lDOuJnKg6BgJn3oPjQj6eSzaXp.jpg
1649255,Worship Him,Worship Him,2026,en,/8tJvztr6A8iSI8DyulxJZoDpar5.jpg
1649588,The Summer of '77,The Summer of '77,2025,en,/tHieQbZGwHZwIGQQSNsah7HKFFD.jpg
1649704,Something in the Cellar,Something in the Cellar,1969,en,/krw41Ia4CYxkzOrtSCXDzRHeYse.jpg
1649727,Taste of Evil,Taste of Evil,1971,en,/6UYCgtWWBF66mDruJvDiSKjPWqn.jpg
1650124,The Shattered Eye,The Shattered Eye,1971,en,/7HxV3TWtCYhlV1IyADOy9ljjoop.jpg
1650210,Sundown,Sundown,2026,en,/u6sv9wpEnWnbbGQ1bRkfCjteYJU.jpg
1651069,SOMA: Transmissions,SOMA: Transmissions,2015,en,/kz6pPghWbCK7Cb7qveFHM7hWu13.jpg
1651331,1...2...3... Kamera... Akcja!,1...2...3... Kamera... Akcja!,2026,pl,/36vAwMnF5XbmhjmBk2iIciawCq2.jpg
1651542,McKenzie,McKenzie,2024,en,/yMYgmt7PN8rF41iIBojv5wHDQAP.jpg
1653057,Memoriam,Memoriam,2026,en,/guJpCQBdAr1kpX8UNcWhE9PuiBB.jpg
1654587,Shining Night,샤이닝 나이트,2026,en,/7rbfbZARo5mIHqkv4Quqw2ObhjS.jpg
1654701,How to do a backflip!,How to do a backflip!,2020,en,/3pSQp5EfGob3TByDMYT6WRxwpbe.jpg
1655042,Gakkou No Yuurei,学校の幽霊,1995,ja,/2eJ8hqjXrfHDwEO9KBmBLCSfiKL.jpg
1655050,Debt,Cobrado,2023,pt,/uWkmaypUD1uvKN48tf1BMTyxTS2.jpg
1655224,Meggamorphosis,Meggamorphosis,1993,en,/zqLofuQL2gGEtE44YYX1osnEJGf.jpg
1656117,Refém,Refém,2015,pt,/vVw4MUkifpNVNYEqvpDOOzDq80K.jpg
1656958,Greeley's Creamies,Greeley's Creamies,2026,en,/wwBHm8emfjjs2DKCIAVeI8TUKep.jpg
1657261,Jurassic Scream,Pânico Jurássico,2023,pt,/b6E9FBDMAc6pS27QAltg8kjLzFF.jpg
1657426,Ghost of TsimFuckis,Ghost of TsimFuckis,2006,en,/pB9VqwY2nFKJsCE18YbBzqlkZkx.jpg
1658844,In The Woods,In The Woods,2007,en,/liedJLFissIPqfYopfyt6expMg1.jpg
1659025,In The Woods 2: Deeper In The Woods,In The Woods 2: Deeper In The Woods,2007,en,/nCgM1R836uF9NmSqBPYhVjCVgS1.jpg
1659078,The Cucumber Killer,The Cucumber Killer,2008,en,/xZw8W5P19mCmAQF7na7OZcXTs5X.jpg
1659112,Absentia,Absentia,2026,en,/1DAWoEwR0W660wMwGkgxVRzzWvD.jpg
1659315,Scary And Strange,Scary And Strange,2019,en,/sDaxfdfhIhcCWhHcUm12ByXA2bN.jpg
1660343,Ghostfluencer,สาปเมือง,2026,th,/t9bwmdEIL0wF6nsUOo9jQZYsrW9.jpg
1660738,Glückskeks,Glückskeks,2026,de,/28r65a9bCyCf1TGAxgOoJbo28Pj.jpg
1661127,She Fell Asleep and Dreamt of a Library,She Fell Asleep and Dreamt of a Library,2026,en,/rX4pnwN6aBUl9v5hfdfPh9DpDDh.jpg
1661471,Se minha parede falasse,Se minha parede falasse,2026,pt,/8NaSvmHtffNJdA4DbeSAJUubDVI.jpg
1662026,Con los Muertos,Con los Muertos,2013,es,/urX4nSsrBSX228iehztnSoQYwAJ.jpg
1662075,Dogfood Heaven,Dogfood Heaven,2025,en,/2J7Ah41Wlayeb2JmrfvqhWytHI5.jpg
1662415,SEPTICEMIA,SEPTICEMIA,2025,pt,/kUBqVasrM6uaNvjto6ry0wm570O.jpg
1662480,"Wilno, 1926","Wilno, 1926",2026,pl,/5nw63TPkXBO3mTEava7E0AeJuRg.jpg
1663122,The Screamer,The Screamer,2009,en,/2wwMYpE07wbnTiJO9HwPeb31NgS.jpg
1663914,"Screaming, Laughing","Screaming, Laughing",2026,en,/hXCDXSXX9BxsWkN8m3sHfgq8jq0.jpg
1664087,Tears of Blood,Tears of Blood,2026,en,/nS96cXIu30cAPpC8pZFWwrxWGT5.jpg
1665138,Dear Apologies,Dear Apologies,2025,en,/lNSmSf6P44IeuPsZqfuHO3Iirgc.jpg
1665195,Either Way My Body is Illegal,Either Way My Body is Illegal,2026,en,/t4ZWIO75FpkTv49ryhmRBNb8qUA.jpg
1665409,Vlog Cam,Vlog Cam,2026,en,/c50qEjoFvbsTbiehukkPdv6utYL.jpg
1666010,The Glorious Dead,The Glorious Dead,2026,en,/A8eb49HEbhHi5SFTmAbJfhJOAgy.jpg
1666912,Avoidant Attachment,Avoidant Attachment,2024,en,/Am4QCb9FjK8Epd0kYBierjq7JZ6.jpg
1667813,Don't Hug Me I'm Scared: Behind the Magic,Don't Hug Me I'm Scared: Behind the Magic,2017,en,/cf9NCFhNye2kGIbvZbbk2j6gefD.jpg
1667911,Sonder,Sonder,2026,en,/q7lRb7qtJQ1HbQ8ghHWNhzO2ICK.jpg
1668141,Haunt,Haunt,2006,en,/zNedNS8W332iBqJtrzn3kAgIOI0.jpg
1668322,FRAGMENT DE VIOLENCE NOCTURNE,FRAGMENT DE VIOLENCE NOCTURNE,2025,fr,/aNmDvrq2US7vro8S0d8Xz5jalXH.jpg
1668381,Ivan,Ivan,2026,en,/9Sqx6Qtd5lZrys9K85byYcNu5sj.jpg
1669469,Ticci Toby,Ticci Toby,2018,en,/o0TyykCakXhISoH6sdgbQPL245a.jpg
1671319,Psycho 60/98,Psycho 60/98,2016,en,/wr60l6hDogqrtK9YJBwqaGPGPbv.jpg
1671363,My Street,Moja ulica,2026,pl,/yslVrZ0CP4pOOqsZqd50cn7Davt.jpg
1671598,Only in Dreams,Only in Dreams,2026,en,/rUBzRlVEEJ8Gu7VvrueyfsdVt4K.jpg
1673365,The Horror Attraction,The Horror Attraction,2024,en,/rqNrJ2nneL3QYpYri3oWU5m7BMk.jpg
1674304,Battle of the Zombie Staplers,Battle of the Zombie Staplers,2026,en,/4sqV5q3ESVavn0R1f7K0EpGCaTh.jpg
1675356,Çok Çekim Ölüler,Çok Çekim Ölüler,2023,tr,/ahiaBYQxhF3FInpi7A2A4u2wctq.jpg
1676124,Bill's Miracle,Bill's Miracle,2026,en,/osElH6ss5FUkFYW5vQrgPMFvYlV.jpg
1676459,iMi,iMi,2025,en,/whnQTqNosxSPBwaRAFTaUqmNLZj.jpg
1678298,The Waiter,The Waiter,2026,en,/lcS3fDlIqQntdaV2XRcmGRt5huR.jpg
1678301,Órbita Digital,Órbita Digital,2026,pt,/sGmVgZArkFN4SfUeiv8UYcpOe5z.jpg
1678353,|||||||||||||,|||||||||||||,2024,ja,/gT47KOFnEEDy4BeP7vmq2fOSI52.jpg
1679260,"Figlio mio, mi dispiace","Figlio mio, mi dispiace",2025,it,/9em29y0ZlO2Didzyd5zpJuGdJFo.jpg
1679631,Red Dots,Red Dots,2026,en,/4asQL6lKx98QVtLDR6ytAr2KBLo.jpg
1680059,the last day,the last day,2019,pt,/2HZSHZNn8rI7vOFpN6ZiRZkKqb9.jpg
1681219,Tonight I Won't Be Eaten,Tonight I Won't Be Eaten,2022,fr,/hTidiHHgMYbl2EM9I2p2nna9qCl.jpg
1681429,BEAR TRAP,BEAR TRAP,2026,en,/y2Y7L85u4bPkMK8A0lb15mheAIy.jpg
1684132,.,.,2026,en,/lmTRRbToNWgFssbBYYHnDJcWUyV.jpg
1685843,When You Hear Hoofbeats,When You Hear Hoofbeats,2026,en,/obnANcSh3uVnBNNBbQnVFXhhBQG.jpg
1686347,In Your Eye,In Your Eye,1989,en,/emgSsNIlBkCpTHKB56MKr69VASF.jpg
1686571,Henry Eats,Henry Eats,2003,en,/yu9TsDsbQjxczsFd64FyvY7PuiH.jpg
1686582,SALOMONE,SALOMONE,2026,fr,/pPkoMsIP3PBcQGuI1vhssGpFHZE.jpg
1687144,Skotos,Skotos,2026,en,/2G9k4XFP3LnBbaUh9Bv3v9GjNU6.jpg
1687266,GRYGIEL: The Movie,GRYGIEL: The Movie,2026,pl,/mVxmSPON4WEpgiQMi1Ooch7eKfw.jpg
1688273,Mourning the Bodies,Carpindo os Corpos,1997,pt,/o4G1xr1l27vdK1u4Kf2SOREDu1h.jpg
1689484,La Pesadilla,La Pesadilla,,es,/qWhG1M1Os677QQl6rquq2zvmLwf.jpg
1689911,The Cat's House,The Cat's House,2026,en,/dzFsLf5CwqQIMLSUavrL87Lusrm.jpg
1689919,Wraith,Wraith,2023,en,/8irtZEzXXQogSFk9j6q6R726EIi.jpg
1690141,UGLY,UGLY,2025,en,/9Iet2wdgf4Wi81lP9vpvq3yi1ja.jpg
1690554,The Black Tor,The Black Tor,2023,en,/1Ooxdz1QjlZXJU0yrFJr1iaU3aB.jpg
1690560,Call of the Wild,Call of the Wild,2025,en,/jbjtImcbVbdt0bRi7eVwk6F1iEx.jpg
1691666,Eroticristo,Eroticristo,2025,en,/9AfPYv82FmyYPJaIL39aS0tWdIm.jpg
1692282,Krasny,Krasny,1999,en,/kYcWGQGu5QKp5nOlhkggnrPX2Ai.jpg
1692531,I Wish,I Wish,2024,en,/ljcxwdwRnaVEBfM5Lb24jFoJE4Z.jpg
1692539,Baby,Baby,2024,en,/gDP1pQu9bKp7btsE90skiYotKvd.jpg
1693703,Suture,Suture,2026,en,/82ASslUZdIzAJzgS4zJPK1oWo3N.jpg
1695481,Saunaaeg,Saunaaeg,2026,et,/Sqma7Q1jG0GZIEk7sGPMnFt1WS.jpg
1695874,Eden,Eden,2012,fr,/9J6Jriw5CKBKlqhoRQJ3cS2bdJa.jpg
1695900,The Charybdis,The Charybdis,2026,en,/4eXVuy8ZhFtqWBn2So7PbIlqPeA.jpg
1696454,Human Nature,Human Nature,,fr,/tqvhjKSTh3UspLb19llVl7N9Tn2.jpg
1696579,The Box,The Box,2026,en,/Axi2njg9iOH0mvIp0TlscbdcSB.jpg
1699043,Hungry Ghost,걸신강림,2026,ko,/lDWa0dFJgMIiHvtqk1kaVJihV4D.jpg
1699061,Happily Ever After,"유골이 뒤섞인 두 사람은,",2026,ko,/428lStYPjDVF39DNBGCO1vpzoGx.jpg
1699088,Night Shift,퇴근,2026,ko,/f8M16pL9NVlK3CEmqLZnhfD4gds.jpg
1699637,Siren,묘어가,2026,ko,/5LIfj48XudmdOW4p8BbHkvAuu6N.jpg
1700155,Fantasy Nightmare Edition,Fantasy Nightmare Edition,2025,en,/doPqISENnuqI2hApRi60K8AZHgB.jpg
1700161,Hellfire the Torturous Continuation of Nothingness,Hellfire the Torturous Continuation of Nothingness,2025,en,/lBAaM2RnaGM6R5KTvMKgfISOMc2.jpg
1700162,Tape One,Tape One,2025,en,/eCHlOLdb2UoAARuxS9E83wai3Sa.jpg
1701295,Clarity,Clarity,2020,en,/fNWcAjzrayiUAE5EwjkUxCdmm4G.jpg
1701304,Hear no See no Speak no,Hear no See no Speak no,2023,en,/9FuFSSgyaqDvubFwK7IOv8UDlcI.jpg
1701314,Flooded Moonlight,Flooded Moonlight,2025,en,/iPS9bVLLkcLbbccp0fKpG8zgZnO.jpg
1701323,Season of the witch,Season of the witch,2025,en,/pA469j99oP9uGdoChO9fsiANI2i.jpg
1701856,50 Odd Foot of Shit,50 Odd Foot of Shit,2004,en,/gDrgGCueLuevbGkshhWG1rDypuu.jpg
1702585,Fear Within,Paura Dentro,1997,it,/wy2jNgDPzKjPm8KXnLwJCZglJi.jpg
1703248,A Detached Reflection - Riflessi Privati,A Detached Reflection - Riflessi Privati,,it,/4dLwwUOse3boz3zy7UDjaIhEVPV.jpg
1703686,Mauviette,Mauviette,2026,fr,/kQke1ThtMzsfNaZDaNBmdYaCEVb.jpg
1704508,Quand tu dors,Quand tu dors,,it,/fkztUYlsHOiEOTJsDlHHbDDjapF.jpg
1705345,Woman Under Wound,Woman Under Wound,2026,en,/uGKCnm1n2eBlkQxvT5o343ttRcl.jpg
1706830,Mimic,Mimic,,fr,/iQkoc8lqEeIo34sOK9cOIZxHwPe.jpg
1706847,"""YOU""","""YOU""",1991,en,/v4VzufNy5Siv9mnXez3qwgM9Ocg.jpg
1707590,I'm insane,I'm insane,2026,en,/vElJFvSpzO7A7uGTT9qGSaskt82.jpg
1707658,Pitico: Hermes Ayres Azevedo (1881-1959) - Local Historian,Pitico - Hermes Ayres Azevedo (1881-1959) - Historiador Da Província,2026,pt,/5Wx85s6V2D9QJz05POa8vHdHzSZ.jpg
1707748,Late At Night,Late At Night,2023,en,/wZ5zN7bhk9UeDcMPzT2WoZ6fKWK.jpg
1707927,Aaahladam,ആഹ്ലാദം,2025,ml,/4iqSeODQShVu0Iwx3qDezrfgIn2.jpg
1708241,Corpus,Corpus,2026,en,/qUSB21YnXYYf0RUk6CKqyChgJ0Z.jpg
1708324,"Bethesda, MD Short-Circuited","Bethesda, MD Short-Circuited",2026,en,/vxUVb8W0WTgXRtQSCAeQfsrQRxE.jpg
1708493,Tainted Blood,Tainted Blood,2026,en,/AuDfqhyHUrXM9Xc74Dn9AARge15.jpg
1709191,Contagious Story - The Psychic Girl,伝染る物語 霊感少女,2016,ja,/vyM0sEv2FsvVtLVgRHBBLBeugI8.jpg
1711214,M Is for Midget,M Is for Midget,2013,en,/l5Hi7pJm6RX1XAyVsDxf7MT5NdA.jpg
1711400,NADA,NADA,2026,tr,/gCSU1moukw3bUzZZKsoz723r9qU.jpg
1712042,Life of Autism 2,לייף אוף אוטיזם 2,2023,he,/6Rf2m4oGGipndEY727wkmp88Dfh.jpg
1712409,The Ball Pit,The Ball Pit,2026,en,/5qOzST0qTKBTVu72nmnLtdRYgTG.jpg
1712546,Not My Responsibility,Not My Responsibility,2020,en,/svnKFlk0WaDmU585NtaETk0a9Je.jpg
1713161,Màcula,Màcula,2026,it,/l5yeQVRLx8UxTQrWPyvDr2Xl6dI.jpg
1713418,The Dead Mall,The Dead Mall,2025,en,/xhAAstWVN6MPNWJ8p0locc5iSIK.jpg
1714149,la soga y el fuego,la soga y el fuego,2023,en,/6nYcubLH7IWQxk4QFNRxCdmWfj8.jpg
1715221,The Staircase,The Staircase,2025,en,/kOJ8Xn8Sk3JgJcF2EjKJ9k32sHp.jpg
1715255,Eyeball,眼球,1994,ja,/8x4B6JpM7qtGFZS2av8uWBrbQFb.jpg
1715853,The Rexburg Psycho: Origins,The Rexburg Psycho: Origins,2022,en,/okOLrQzuRkZOTXiIovqBtO0QqDN.jpg
1715864,Curse of the Cotswolds,Curse of the Cotswolds,2025,en,/nPro8Fv6C4lgknZxI7DEuMTzw7O.jpg
1715882,The Rexburg Psycho 4,The Rexburg Psycho 4,2023,en,/okOLrQzuRkZOTXiIovqBtO0QqDN.jpg
1716508,Dracula! - The Final Scenes,Dracula! - The Final Scenes,2026,en,/uC8EcFMsZND3QUuMJudM5Fo4XwF.jpg
1718361,DOOM,DOOM,2026,en,/gwohQcWOxC6lBpKVqBFdsIl5eb8.jpg
1719450,Улыбка,Улыбка,,ru,/1LNPqcoWLlbmQCAmTKa4uYoMZHP.jpg
1720065,"CALM, the Last Tale of Horacio Quiroga","CALM, el último cuento de Horacio Quiroga",,es,/vQ0AmG3vU38Hf0aRAvy5p0CrJXs.jpg
1720185,Seven Wonders of the Main Place of Edo,江戸本所七不思議,,ja,/sMhv2HU0Yc3tyCNA7LK4NfsCpEN.jpg
1720656,A Domestic Incident in Boylan Heights,A Domestic Incident in Boylan Heights,2017,en,/ybvjql7xZPAa4HtxEEMVD0ididN.jpg
1720774,A blood story,Una storia di sangue,2026,it,/kum5kkrfZoeAWlAiZfWkka5p1Dv.jpg
1720988,The House of Horrors,恐怖の夢路館,,ja,/xuJIHRjSR2vtY5hN8vFsBztO8Dt.jpg
1721011,Código Rosetta,Código Rosetta,2025,es,/yFPLtnpFy29271IBGpbyWZCrUUJ.jpg
1721262,INGRESS LABYRINTH,INGRESS LABYRINTH,2026,en,/jIfG6KfMdIgepHwnpP5ctEPYKo1.jpg
1721286,Dry Pond For narcissus,Dry Pond For narcissus,2026,en,/lceeYjyIDRbp8RSI6V1nTyyZesN.jpg
1721495,Depois Daquela Festa,Depois Daquela Festa,2008,pt,/kivkGWPCWlX6qfFNCFs2Ru0DoEY.jpg
1721760,autopsy,autópsia,2025,pt,/2U28K7pf4kyNKCpXOXrjD4EXUjB.jpg
1722077,Burnout,Burnout,,pt,/shHvZRKFF8XsgeB6B2OGfzxOziJ.jpg
1722176,O Guanaco Caipira,O Guanaco Caipira,2026,pt,/38XRDH6rwHoAvyaQ55DQTp6Po0l.jpg
1722489,When The Owling Has Come,When The Owling Has Come,1989,en,/8Ktll8aGgfMnfYLEo1GjTzAzLYp.jpg
1722502,Dishti Bomma,Dishti Bomma,2026,te,/esK2v099nTxqHJIk5LS29CaJwkK.jpg
1722702,Devour,Devour,2022,en,/3wTdJfHJCWdsIbRdupPFZTtFiv.jpg
1722717,Gore,Gore,2026,en,/vekNEH9rCGsxqtPbItdiPRbrLu.jpg
1723316,Oil & Water,Oil & Water,2024,en,/gkfeVSd5pQuuhfOsyp0G7jeHGCq.jpg
1723487,RIPS,RIPS,2026,en,/nyq4jmrJQCCNDdQlxv417Lql9VW.jpg
1723640,Jailbird,Jailbird,2020,en,/aAkFpdNuYYavTapm8vu3lmueHLb.jpg
1723985,Blank Canvas,Blank Canvas,2024,en,/pbHiWXqVJ1CRATRXJf4J36OUh7h.jpg
1724072,Of Womb,Of Womb,2026,en,/fWXWNa413xr7iIr2kGAVXGZbvUI.jpg
1725794,Fantastic Planet,Fantastic Planet,2026,en,/hyZfrLyh5x3AoPRHzrjyF8Xu90Q.jpg
1727347,A PAPA-ALMA (A Short Film),A PAPA-ALMA (A Short Film),2020,pt,/cMxlgaht3Oz62xIYAHBagK8Idy.jpg
1729035,Violent World News,Violent World News,2006,de,/jD71zmqQXt2RD7hjaB70R0KRiOj.jpg
1730756,Folk Mysteries Record (宋家镇怪谈),Folk Mysteries Record (宋家镇怪谈),2026,zh,/5oPj8CMOLyaRyLJmN0g4EeMWlcy.jpg
1730762,SkinDeep,SkinDeep,2026,en,/gTZsP2XoenxTctbAnd31zAPW5J8.jpg
1730952,Poo Blast,Poo Blast,2007,en,/aLOrfQAqkZG4n8SGk1WiCm7rv9d.jpg
1731223,Beating the fear of Jinn into me,ترس از جن من را کامل کرد,2025,en,/vfJtuIw44L7Oy3kFoxQSBGbCwQe.jpg
1731246,Bogbaby,Mosebarnet,2025,da,/tE5GaeSG53fTRmw1UvdtkP6gFr3.jpg
1732268,Minnesota Not Built,Minesota Não Construída,2026,pt,/5GZwdqjK4KClmuTSg6whKy4GsuX.jpg
1732440,Sham Nation,Nise kuni,1987,ja,/8eBB4wpkUOBRsNSl0A9csbBMXTB.jpg
1732619,Cuentos de la Villa: La Tarde de los Muertos Vivos,Cuentos de la Villa: La Tarde de los Muertos Vivos,1998,es,/pYrp6cOkW2gWkeB43pbSdH4VFrW.jpg
1732979,I Dreamed About It,Eu Ja Sonhei Com Isso,2026,pt,/fvoIUQ9nzeQ2CQ9CZktip1i6oaU.jpg
1733718,Lethe,Lethe,2025,sv,/b0md14ikOMJ8kgKX9jFr6m0hdKS.jpg
1734682,"People, People, People!","People, People, People!",2024,en,/q0S8CW0kEM87TFajJU7rwFVsJXD.jpg
1734939,Phone Line,Phone Line,1991,en,/y2FZyKbdcJctdDjw6Nr1WAIuLVr.jpg
1736376,Mutant Muscles,Mutant Muscles,1986,en,/xN31iEMxvgSicojj1n5yO8mXDYQ.jpg
1736769,Futility,Futility,2024,en,/bYFEMMjWi3L9Z1WKJoTuFuy5hus.jpg
1737111,Nostalgia (or The Kenopsic Anemoia of the Mind),Nostalgia (or The Kenopsic Anemoia of the Mind),2021,en,/sN5UNZKAhTa09nlWn0GEh7LIxbr.jpg
1737197,Myrrh Meridian,Myrrh Meridian,2027,en,/wzdb07y2JCF4xtfNFO07uSH8JRn.jpg
1737996,Barco de Fogo,Barco de Fogo,,pt,/zYKiP2QBEk5TB7XYWmJxW9KWx0H.jpg
1738124,a Dream?,a Dream?,2024,en,/onhyUXr0K4hVngsCgUsP1ujFPM1.jpg
1739209,Rotten,Rotten,2024,en,/gPUyvetnV7zyA4HakbprbIBS42A.jpg
1739615,Showering Alone,Showering Alone,2022,en,/AumpOzbBuajkqMq1slNQ5zllMVa.jpg
1740101,In the Night,In the Night,2025,en,/z5tNwO1Ky3xIm4kgGvtUx7UvLML.jpg
1740656,Invader Grandma,Invader Grandma,2026,en,/pv4cYXm6vCyooQC5uDTTg57xIpw.jpg
1742312,The Untitled Bigfoot Short,The Untitled Bigfoot Short,2025,en,/kBy2UOkR9MnaQjHyKvx9VycPTMF.jpg
1742507,Wolo Hunter,Wolo Łowca,2026,pl,/vROTrLNgKbsFSk7pFk5gLbRitOF.jpg
